Artist,Track Name,Track ID,Album Name,Popularity,Added At
Kenjebek Nurdolday,Шоколад,7DqOeK6jnacnPxcBnFxEt8,Шоколад,47,2024-12-31T10:40:20Z
"Adam, Isko Alvarez",Zhurek - Isko Alvarez remix,6a9T87YsJj9gqMA7ix7jC8,Zhurek (Isko Alvarez remix),57,2024-12-30T17:15:21Z
Kelvyn Colt,Emotions,0C7OZJVm6CEOhgmdRsHPEL,Emotions,42,2024-12-30T07:05:47Z
Hayit Murat,Get It Done,38o2V1JCuanXz6G6BZ0Y4z,Get It Done,20,2024-12-27T13:47:27Z
"Victony, Rema, Tempoe, Don Toliver","Soweto (with Don Toliver, Rema & Tempoe)",25Kyv5SeEenT0EETpP2hYn,"Soweto (with Don Toliver, Rema and Tempoe)",72,2024-12-27T07:05:16Z
Justin Bieber,Ghost,6I3mqTwhRpn34SLVafSH7G,Justice,83,2024-12-27T06:58:17Z
"Talwiinder, Sanjoy",Tu,2GzjIHQ87BF2zgbmmthZzO,Tu,59,2024-12-26T09:22:31Z
"Karma, KSHMR",BADA,1wXboYx3lvl38SHBj532Es,BADA,46,2024-12-26T09:00:22Z
"Rahul Sathu, Talha Anjum",Channa Ve,4ekflmlEIqeYEgZYx2p4xy,Channa Ve,56,2024-12-25T11:55:29Z
"Talha Anjum, Umair",Loneliness,4MoLtcLhog3fX3dVjHcEGq,My Terrible Mind,56,2024-12-25T11:39:53Z
"Talhah Yunus, Umair",303 Freestyle,1CumnK9OCX9tVqCE5SAP74,303 Freestyle,44,2024-12-25T11:31:46Z
"Talha Anjum, Umair",Departure Lane,7wGgYAOMhhRObOGdWlJ9Hi,My Terrible Mind,65,2024-12-23T17:38:11Z
Justin Bieber,Confirmation,60brXKLTC15vK0av5gIldm,Changes,53,2024-12-23T10:07:59Z
Fly By Midnight,Borrow Your Time,5VzDCIK3HmyIpxf6sgWvJo,Silver Crane,47,2024-12-23T09:56:22Z
"Rekha Bhardwaj, Javed Ali",Ranjha Ranjha,6IFsUWHbinvsqfEQvrP8xR,Raavan,50,2024-12-22T19:17:14Z
Chase Atlantic,Swim,3M0lSi5WW79CXQamgSBIjx,Chase Atlantic,86,2024-12-22T10:27:33Z
Zeeshan Ali,Saadgi,3sJWoaPT8eE7YTPzpr6Ya9,Saadgi,49,2024-12-20T07:01:51Z
FINNEAS,Let's Fall in Love for the Night,4pfhgOylRLcBll5JjUsJZj,Blood Harmony,68,2024-12-20T06:21:18Z
Tate McRae,don't come back,3RhyHYnYxuGnP8njFlNxHq,i used to think i could fly,61,2024-12-19T09:54:05Z
Sam Smith,Diamonds,1hJIbOjWpid6LtnozHmzRS,Love Goes,64,2024-12-19T07:15:59Z
Selena Gomez,Souvenir,3ZCBSFcZSRM9Z48ew28Zrf,Rare (Deluxe),61,2024-12-19T07:00:49Z
"Arcane, d4vd",Remember Me (from the series Arcane League of Legends),2fQwoYSzWzChmIB2zZwrGL,Arcane League of Legends: Season 2 (Soundtrack from the Animated Series),77,2024-12-18T17:59:30Z
Harry Styles,Cinema,35TyJIMR3xRouUuo2sjS6v,Harry's House,65,2024-12-18T06:55:26Z
"Marshmello, Halsey",Be Kind (with Halsey),3Z8FwOEN59mRMxDCtb8N0A,Be Kind (with Halsey),69,2024-12-18T06:52:57Z
Jvdxn,How You Tryna Move?,6iPhpmj41lhqioVYrOSQiy,How You Tryna Move?,30,2024-12-17T10:44:33Z
the fashion show,they could never make me hate you,78HH9renuizbUeIusNdsK3,they could never make me hate you,42,2024-12-17T10:40:42Z
"BENJAMINRICH, Naits",Do You,3pNIesZxt2lOpbrk4Limdi,Do You,43,2024-12-17T09:23:12Z
"Coldplay, Little Simz, Burna Boy, Elyanna, TINI",WE PRAY - (TINI Version),6OICQoNsUIcYsirqoDo08Y,WE PRAY (TINI Version),69,2024-12-15T08:34:23Z
"Coldplay, Little Simz, Burna Boy, Elyanna, TINI",WE PRAY,6xX6zmaXeKzB4u9TiM1XgU,Moon Music (Full Moon Edition),71,2024-12-15T08:23:10Z
"Jasleen Royal, Stebin Ben, Vijay Deverakonda, Radhikka Madan, Priya Saraiya, Aditya Sharma",Sahiba,4ulroyDK6rN73nVkCkWhur,Sahiba,78,2024-12-15T06:51:17Z
Ren,Violet's Tale,5KyuddPRTSgiwk7zGO1hvE,Violet's Tale,64,2024-12-13T07:28:07Z
"Chris Grey, G-Eazy, Ari Abdul",LET THE WORLD BURN (with G-Eazy & Ari Abdul) - Remix,5wNDRMkoysXZGiW4ja5Tik,LET THE WORLD BURN (with G-Eazy & Ari Abdul) [Remix],68,2024-12-11T06:51:37Z
Wallem,Харизма,4E7o63UYMF3e8RWOmt0peR,Харизма,59,2024-12-09T17:03:55Z
JONY,Волен,3gXpC1OtZs8m3WMdFFx2AI,Волен,44,2024-12-09T11:59:20Z
"JONY, Erika Lundmoen",Силуэт,1pDzwp4Wkuj3hPSBbX7B6X,Не ищите во мне жанры,46,2024-12-09T10:12:54Z
Rauf & Faik,Колыбельная,47RyOrXqLydmsPrsVU7nTw,Колыбельная,57,2024-12-09T09:07:30Z
"EMIN, JONY",Камин - Radio DFM Mix,247nafZwNPeFF95mtqzjCs,Камин (Radio DFM Mix),44,2024-12-09T09:01:05Z
JONY,Ревели ливни,55Wd6YCMSUpIHksjmMaWrW,Ревели ливни,50,2024-12-09T06:26:10Z
Xcho,Ты и Я,75C98tVaHUtjYZTIcy9U7U,Immigrant,59,2024-12-09T06:26:06Z
Naits,glory,39DVPwuZ5YXjtRIxvfVVSW,glory,51,2024-12-05T17:34:07Z
Stamina Beats,Kakhuri,2CnQIPAIexjQhB1rUvIhZt,Kakhuri,21,2024-12-03T08:48:28Z
"Rapperiya Baalam, Jagirdar RV, gtansh, Chirag Sen, Meer Jasu",Ishq Paheli,3wPHdayY0bC2EJsUPRc3DU,Ishq Paheli,12,2024-12-03T08:35:07Z
"Toby Romeo, Felix Jaehn, FAULHABER",Where The Lights Are Low,0Cnb8XdGDMHAmIRBUJMkIS,Where The Lights Are Low,59,2024-12-02T18:27:23Z
Elijah the Boy,Miss My Call,42PXkJ74KUegWOZWDwXd7i,Miss My Call,18,2024-12-02T06:57:40Z
"Kendrick Lamar, Lefty Gunplay",tv off (feat. lefty gunplay),0aB0v4027ukVziUGwVGYpG,GNX,91,2024-11-28T12:23:08Z
Damon,Aston Martin,1ssDxkIsWTCUCDgNvHzuNp,Auras,19,2024-11-28T08:57:13Z
"Twenty One Pilots, Arcane, League of Legends",The Line (from the series Arcane League of Legends),3qrTll9OQ9wcejTxPFY0qg,The Line (from the series Arcane League of Legends),78,2024-11-28T08:55:38Z
"Arcane, Stromae, Pomme",Ma Meilleure Ennemie (from the series Arcane League of Legends),2LwsunYgfRoqyIsNtgOCQx,Arcane League of Legends: Season 2 (Soundtrack from the Animated Series),86,2024-11-28T08:47:47Z
Stromae,L’enfer,7bp3zmEvpHLa0h32nhDUkB,L’enfer,60,2024-11-28T08:47:47Z
"AP Dhillon, Syra",Sweet Flower (feat. Syra),3AfwO9WWwJq59erFbKebdM,The Brownprint,52,2024-11-26T16:59:09Z
Lithe,Touch Tight,573IKEOcJbl5FOKLrZfoPl,Touch Tight,70,2024-11-26T16:50:05Z
"Noor Chahal, Talwiinder, NDS",The Way You Look,4k5byIdn5kNQBpkRQNCPrl,The Way You Look,46,2024-11-22T07:16:27Z
Justin Bieber,Off My Face,3T03rPwlL8NVk1yIaxeD8U,Justice,71,2024-11-21T11:04:36Z
Naits,this / that,6IlPERLHWWzUdKuEse7LI5,this / that,47,2024-11-20T11:24:48Z
Tamara Mneney,Drip,1MtWF5FUDx8cZZIDUo7fbw,Drip,42,2024-11-20T08:32:27Z
"Ali Raza, Shajjar Hussain, Ali & Shjr",Beqadra,3LBq1FeFAVg45FKQ3Jw9SI,Lost Path,28,2024-11-16T08:11:13Z
JOY.,Waterfalls,3Kv5XsI0uuQLNYOBAId3wE,Waterfalls,37,2024-11-15T10:19:58Z
Hashy,iwbwy,583uuDYBVzaJ7D6mD53gX2,iwbwy,36,2024-11-15T06:21:05Z
Alexis Troy,Codeine,4mjUP6gAMjitosIb96PdJH,Dread EP,36,2024-11-15T06:12:36Z
"Jevin Gill, Umair, Talha Anjum",REGRETS,4bd507BxqB2MBHzVqMGdVV,REGRETS / PROMISES,66,2024-11-14T17:31:54Z
Lost Frequencies,Rise,7HXBG0W8gFJwHUh5mVF9tf,Rise,58,2024-11-14T07:17:03Z
Ed Sheeran,Overpass Graffiti,4btFHqumCO31GksfuBLLv3,=,65,2024-11-14T07:01:38Z
ILLUSIONmusick,Awaara hoon - hip hop version,6tGwOLUo1evafcRZY1dpYx,Awaara hoon (hip hop version),19,2024-11-13T10:04:10Z
sindr,hills,5ENEAOvhkcvuJTC4XjcB0W,hills,42,2024-11-12T10:55:11Z
"Lowkey, Mai Khalil",Soundtrack To The Struggle 3,0QIMibSiLTFPKM4JQgK9ZA,Soundtrack To The Struggle 3,28,2024-11-12T10:39:52Z
Jvdxn,I Know It,3WEwPrsm6cRGMYVm6Z0JVw,I Know It,27,2024-11-12T10:36:59Z
"HYDR, PDNY",Aik Wari,6ggtQbeuq1Um7z6SZkUJJf,Aik Wari,35,2024-11-11T10:02:47Z
X&ND,Leave Anyways,45zNvBE14v3gfrjfboZfHU,XANDYLAND,4,2024-11-10T10:43:43Z
Lithe,Getaway,4yGmAC6jCfSDo7s43vJbKx,Getaway,36,2024-11-10T10:25:59Z
X&ND,Can You Let Me In?,2mqlzUXs0JEbnSsus3mX59,XANDYLAND,24,2024-11-09T08:40:37Z
Luke Baker,Go,0iFtcL8GdDijMAIkaDGYDw,LB1,27,2024-11-09T08:38:50Z
"Clean Bandit, iann dior",Higher (feat. iann dior),4OoYfejHABzYe2mG8p5s8b,Higher (feat. iann dior),50,2024-11-07T17:16:33Z
Eric Prydz,Opus,3v2oAQomhOcYCPPHafS3KV,Opus,59,2024-11-07T10:30:00Z
"Trevis, Seddy Hendrinx, Kayode",All Night (feat. Seddy Hendrinx & Kayode),1nIWUpkGKO2NGqZ1emSEUT,All Night (feat. Seddy Hendrinx & Kayode),10,2024-11-05T16:55:52Z
Trevis,Let Me Know,3zvAqJhkBnWzE5gcRi5TwX,Floor Plan,11,2024-11-05T11:04:00Z
Alexander Nate,save this dance for me,72ER4eSoT6dDDDNa5uS8r8,bluejay (deluxe),40,2024-11-05T10:02:25Z
Nbhd Nick,Love Scars,5Ypxii4NYsjXKCXZP8yxQl,Jericho Drive,12,2024-11-05T09:07:30Z
"Vishal Bhardwaj, Usha Uthup, Rekha Bhardwaj",Darling,6z3p3Gm5FOH1n22ummzEh7,7 Khoon Maaf (Original Motion Picture Soundtrack),53,2024-11-03T06:40:54Z
Ankit Tiwari,Tu Hai Ki Nahi,4brSaQIT3bnnE41D042fgL,Roy,67,2024-11-03T06:36:19Z
Javed Ali,Guzarish,2MvCNH9ua0CeOgUQfZf56z,Ghajini,69,2024-11-03T06:28:44Z
Rekha Bhardwaj,"Genda Phool (From ""Delhi-6"")",14PQGtYdr39vADb9XDrZpH,Rekha Bhardwaj Song Collection,48,2024-11-03T06:21:32Z
"Salim–Sulaiman, Roop Kumar Rathod, Jaideep Sahni",Tujh Mein Rab Dikhta Hai - LoFi Mix,3vYk2VXjV8WFqadqzp1gtF,Tujh Mein Rab Dikhta Hai - LoFi Mix,57,2024-11-03T06:20:28Z
Naits,touching the star,1R5kFeYmJc0Dqp1pNw3eQC,touching the star,46,2024-10-30T10:54:05Z
Majid Jordan,Waves of Blue,4lKe0viSvv8ckoTPvHBih1,Wildest Dreams,52,2024-10-29T17:27:18Z
"Reed Wonder, Aurora Olivas",My Name,33wXe2PIOqYZ4lI0eNRTdW,My Name,62,2024-10-23T13:36:16Z
Tundra,Push It Down,0HfIdAsqhnPkmqOTiI9tXi,Push It Down,23,2024-10-23T13:29:47Z
"Justin Bieber, The Kid LAROI",Unstable (feat. The Kid LAROI),137mSruegm1u6x9NvwiagR,Justice,63,2024-10-23T10:21:46Z
"Brandz, Zion Foster",Blessing,7ttYEPVoTvoEmpkX5t01cq,25/8,49,2024-10-23T10:04:30Z
Ed Sheeran,Bad Habits,3rmo8F54jFF8OgYsqTxm5d,=,78,2024-10-23T09:47:02Z
Justin Bieber,Deserve You,5NU40QTlXrDUJzDBdv79bg,Justice,60,2024-10-23T09:22:16Z
"Lone Tusker, Victoria Voss",Bad Habits,0yBtUEMwNECZF1tmLsj67V,Bad Habits,50,2024-10-19T10:34:15Z
"BTRN, Vennom, Chery Ellis",Glimpse of Us,0dRvdwcLgAzQlW2qTBlHl6,Glimpse of Us,42,2024-10-19T10:14:23Z
Lone Tusker,Smooth Operator,3z9W9fT8TFFeBY3t5WGLmm,Smooth Operator,60,2024-10-19T09:25:04Z
TWOPILOTS,Dancing With Your Ghost,5feLY0z0xGD7ogoZBRnK2P,Dancing With Your Ghost,51,2024-10-16T09:41:20Z
GAMPER & DADONI,Creep,0kDI42WWRwsrKAmE7wmQbt,Creep,59,2024-10-16T09:04:34Z
"Summer Dusk, Jonathan Tramonto, Brandon Chase",Chasing You,1WcEFxk8NjUpsEeYCRX0B9,Chasing You,39,2024-10-16T09:01:57Z
clarity.,calling,63zEua2IVSUXXTtlUNdaMk,calling,29,2024-10-15T12:11:53Z
Jvdxn,My Emotions,4B0N2PgERkkQemfNn6loxM,My Emotions,18,2024-10-13T10:45:00Z
Yungeen Baby,I Need Real Love,1uaKURp1QTSeH7VD8YGKDG,I Need Real Love,1,2024-10-13T10:42:14Z
"Tundra, Tundra Beats",Save Me.,6rerPOfn2x1xwNx77lMqjL,Mirage.,16,2024-10-13T10:06:55Z
bbno$,two,18ENCZw5lQc10UwwFiH1QK,two,71,2024-10-12T10:35:09Z
"xxanteria, isq",FUNKED UP - SLOWED,4VL5XwfATZuAVTW471Wpro,FUNKED UP,76,2024-10-12T08:35:09Z
"Serhat Durmus, Monoir, Féa",Love & Harmony,3FcgWyIXUZvwb3lciegG0i,Love & Harmony,33,2024-10-11T10:19:13Z
"Saco, Cas Moerdijk",Charade,3ajfTERhOuLTlQvMZu1Jom,Charade,41,2024-10-11T09:45:50Z
Trevis,Company For Now,7DA2tsgbEvxxwHwMrmHsjh,Company For Now,26,2024-10-10T10:10:13Z
Justin Bieber,Come Around Me,2o9LAypwGH4ctV0i9boo6d,Changes,63,2024-10-10T10:04:03Z
"Masego, Don Toliver",Mystery Lady,0bkTdkWwGk3OGFX0afD3Wj,Studying Abroad: Extended Stay,69,2024-10-10T09:49:26Z
ZAYN,Sweat,6ZHRi0QxzSnlevyhyNkj4a,Nobody Is Listening,63,2024-10-09T12:34:13Z
"Ed Sheeran, Justin Bieber",I Don't Care (with Justin Bieber),0hVXuCcriWRGvwMV1r5Yn9,No.6 Collaborations Project,74,2024-10-09T10:43:11Z
"Martin Garrix, G-Eazy, Sasha Alex Sloan",Love Runs Out (feat. G-Eazy & Sasha Alex Sloan),3jbAzLVcHiI5hYSkcKe1Ty,Love Runs Out (feat. G-Eazy & Sasha Alex Sloan),51,2024-10-09T10:15:03Z
"Justin Bieber, BEAM",Freedom (with BEAM),63HbQY6pMHcBlE9LIyIuOG,Freedom.,41,2024-10-09T09:21:52Z
Able Heart,Whisper,7uuuKpUzXHvpBkEJQkTVpO,Whisper,49,2024-10-09T09:10:57Z
R.A.D.,Me N You,47w52DhNhqqYe0oOxIjVDO,R.A.D.,37,2024-10-09T08:57:11Z
BoyWithUke,Two Moons,5GxUKIEkMXXZo1Tif0IzfC,Fever Dreams,66,2024-10-08T18:00:22Z
"Lil Nas X, Jack Harlow",INDUSTRY BABY (feat. Jack Harlow),5Z9KJZvQzH6PFmb8SNkxuk,MONTERO,73,2024-10-08T17:50:44Z
"Justin Bieber, TroyBoi",Red Eye (feat. TroyBoi),24OeEKPQ8qqNZnPevRHxUT,Justice (The Complete Edition),59,2024-10-08T10:48:21Z
J. Cole,No Role Modelz,68Dni7IE4VyPkTOH9mRWHr,2014 Forest Hills Drive,83,2024-10-08T10:39:45Z
"Swae Lee, Jhené Aiko",In The Dark (with Jhené Aiko),0zaoWwS8RpE3LSDdmkg8TC,Shang-Chi and The Legend of The Ten Rings: The Album,53,2024-10-08T10:38:40Z
"KAYTRANADA, Don Toliver",Feel A Way (feat. Don Toliver),0PgqpFFX4WxBbXhjkONk5b,TIMELESS,63,2024-10-08T10:36:28Z
"Rotimi, Wale",In My Bed,6XM53PbvlzhuNtJZtpl7RP,The Beauty of Becoming,68,2024-10-08T10:30:55Z
"Justin Bieber, Burna Boy",Loved By You (feat. Burna Boy),2tB9OFgAHjAds3cqquLlvp,Justice,61,2024-10-08T10:28:59Z
"Metro Boomin, Travis Scott",Overdue (with Travis Scott),6LyAwkJsHlW7RQ8S1cYAtM,NOT ALL HEROES WEAR CAPES (Deluxe),76,2024-10-08T09:30:17Z
Ndotz,Embrace It,0io16MKpbeDIdYzmGpQaES,Embrace It,84,2024-10-06T13:19:52Z
"Jvdxn, marquee <3",Like A Drug,1wOTcFFzdWyqsp1sYg2w2a,Like A Drug,29,2024-10-05T10:45:55Z
Gentle Defender,26 and tired,5mAijIfZIZKoigS7TzrdBf,26 and tired,4,2024-10-05T10:40:18Z
"2.brkn, Acey, 静的 Static",i can't do this anymore,3iAuJfJxIxybxrIzlA6cv6,i can't do this anymore,19,2024-10-05T10:38:27Z
TommyMuzzic,I Sent My Therapist To Therapy - slowed to perfection,3SHo2V8rK35bsdZcQMKGGM,I Sent My Therapist To Therapy,10,2024-10-05T10:26:30Z
Farrell Fridal,Broken & Bleeding,3XOs2OqQEFjPn8Dh2KvhPR,Broken & Bleeding,21,2024-10-05T10:13:08Z
Aaryan Shah,Red-Eye (Slowed + Reverb),6bgrm5CdmpFskXXtjefFA1,The Arrival: Part II (Slowed + Reverb),8,2024-10-05T08:21:24Z
Besso,Lay-La,0tKuat7IimoGjmZRZ3Q84R,Lay-La,36,2024-10-04T12:21:22Z
Shaboozey,A Bar Song (Tipsy),2FQrifJ1N335Ljm3TjTVVf,A Bar Song (Tipsy),86,2024-10-04T11:21:22Z
XXXTENTACION,Hope,2ZRo7axmMPeSVUvDbGkJah,?,83,2024-10-04T09:21:23Z
"Jvdxn, Mills",Got Me Good (Remix),5pX6KGmqPkBAriqlAJODnY,Got Me Good (Remix),54,2024-10-03T17:18:47Z
ELIJAH MOON,Rain Falls,4Scy4MlyPg1lsCfKBwnohB,Rain Falls,7,2024-10-03T09:38:21Z
Jvdxn,Take It Slow,4HU6IKSJ131xrPaLthNn8U,Take It Slow,30,2024-10-03T09:02:44Z
"Qobi, Lucifer II, Vague, LukeyDeep",Charlotte,1q3GihfRm2KhMCZl32TzPY,Charlotte,18,2024-10-03T08:53:47Z
"Jvdxn, Dianasty",Got Me Good,71cbmsTWjiu0EukVYD1Rwh,Got Me Good,52,2024-10-03T08:19:23Z
Billie Eilish,BIRDS OF A FEATHER,6dOtVTDdiauQNBQEDOtlAB,HIT ME HARD AND SOFT,97,2024-09-28T10:34:33Z
clarity.,come true,2OSas6Ys9Z7O8Ci2lLPCfB,come true,36,2024-09-26T17:45:58Z
"Nu Aspect, Jamis, Poppy Baskcomb",Miss You,329PAO2XpurUBEWszXKG5K,Miss You,71,2024-09-24T09:09:01Z
"Hussain Ali, CXRRUPTION, DJ Agi",KRUSHKRUSH! - Super Slowed,5t9LtltNFnWfnVS8e5QnME,KRUSHKRUSH!,56,2024-09-24T07:43:33Z
Jane Good,Keeps Me High,1mqBuJv8a3dizrHDvgxGe4,Keeps Me High,52,2024-09-19T10:24:23Z
"Duce, Maynørr, Courtney Storm",Daybreak,7xBjUyTtgihlzEntPsItFA,Daybreak,45,2024-09-18T17:57:35Z
Luca,Trying To See U,585wU2R0TPuS2cgDWTrP7L,Trying To See U,58,2024-09-16T10:04:47Z
Hayden James,Something About You,5n9DJWUiwuKuPE9sCVbQ0n,Something About You,65,2024-09-16T09:57:58Z
"Jane Good, Joe Bills",Wouldn't Come Back,0gjYeI6CdwgtcWxMqBXTFe,Wouldn't Come Back,41,2024-09-13T09:28:30Z
"Sachin-Jigar, Amitabh Bhattacharya, Madhubanti Bagchi, Divya Kumar","Aaj Ki Raat (From ""Stree 2"")",7EFfeGN5U0zm9C6KpOeNBH,"Aaj Ki Raat (From ""Stree 2"")",65,2024-09-13T09:16:51Z
"Mooroo, Umair, Talha Anjum",Shor,5u6yeBNC3Tsh5GTAMBlcUD,Bittersweet,57,2024-09-11T16:15:42Z
"JJ47, Jokhay",3 AM IN NOWHERE,4Uu8aTF1XzJRY4XPqQCXs1,JUNE,30,2024-09-10T08:02:57Z
Tory Lanez,Lavender Sunflower,1au2UduxcvHfa0fZS3Szci,Alone At Prom,73,2024-09-09T10:49:58Z
Kamal.,free flow,5LwJ9wg1jqZOp4DdUhawXh,"so here you are, drowning",37,2024-09-08T18:01:44Z
"Saco, Sebastiën",Take Me Home,4Mg3YzlEp93OhGQol4VqXL,Take Me Home,61,2024-09-06T10:48:28Z
"Lost Frequencies, Elley Duhé, X Ambassadors",Back To You,4PdSICTVRI1xrXZM1sOSCe,All Stand Together,70,2024-09-05T18:10:16Z
Kanye West,I Wonder,7rbECVPkY5UODxoOUVKZnA,Graduation,80,2024-09-03T10:59:15Z
Madison Beer,Good In Goodbye,4y3g40TWe7fCWCayJZuGvw,Life Support,66,2024-09-03T09:33:55Z
Vismay Patel,Baarish Mein,4RzpaDRpNI2JZQ8LtAC05x,Baarish Mein,29,2024-09-02T10:18:06Z
Saf. K,Deewana,0BMNcaWIVyET3lfENCCZxB,Deewana,4,2024-09-01T19:55:32Z
"Talha Anjum, Umair, Shamoon Ismail",MUNDE BUSY,33bPdLBq3TgYW4IfYMritC,FOR THA DOGS,49,2024-09-01T19:20:10Z
Ronit Vinta,Rok Lena,3Asv27peDssjJD5ZMQVESO,Rok Lena,36,2024-09-01T19:12:46Z
Ashwin Adwani,Naya Jahaan,4WQoBNo2Op8q5dpglN1Htx,Naya Jahaan,22,2024-09-01T19:10:49Z
Benson Boone,In The Stars,1ei3hzQmrgealgRKFxIcWn,In The Stars,75,2024-08-31T08:26:53Z
Vwillz,Both of Us,0fbesoKUut2U34kJNt0SSn,Both of Us,27,2024-08-31T07:44:29Z
"ELIJAH MOON, N.I.K",never sober (reimagined),47jtvWo9oIaKSf1s0Jp43i,somewhere beyond the moon,50,2024-08-31T07:28:39Z
Tanzeel Khan,DKL,42Yy9Z6TMRZNUzIjTnKyO3,DKL,37,2024-08-30T09:04:33Z
Prashant Katheriya,Dard Pehle Se Hai Zyada (Unplugged),1Oqane2n5o4mPU7pFMrADD,Dard Pehle Se Hai Zyada (Unplugged),50,2024-08-30T08:56:15Z
Dream Note,Zeher,7qe5U38M1vQ0plnQxHdYrC,Zeher,32,2024-08-30T08:49:46Z
HYDR,SAFARISH,3dMIW6GxoDGyIlG5JHTyrz,SAFARISH,18,2024-08-29T11:53:59Z
"Adnan Dhool, Zahid Jaggi",Shatir,5yuTexOifpmPst6HKSZP3x,Shatir,17,2024-08-29T11:17:00Z
Falak Shabbir,Ankhiyan - Unplugged,0k2rb4sgLpHVFS6EFiMDVl,Ankhiyan (Unplugged),32,2024-08-29T10:01:12Z
Arooh,Maher,4VXiJ5L0iXsKxLJ9zeDqjk,Maher,28,2024-08-28T11:41:50Z
"Revelries, Victoria Voss",Blinding Lights,0wI0S42Cg41DVGqIIVimTM,Blinding Lights,56,2024-08-28T08:59:13Z
Dream Note,Zaroori Nahi,12O0B3JWQMQH94BKLqMHcv,Dhun,40,2024-08-28T08:44:17Z
Ronit Vinta,Tu Chodiyon Na - Trending Version,5zYwdn5i8PSti6qNDuo4y8,Tu Chodiyon Na (Trending Version),25,2024-08-28T08:10:46Z
"Adnan Dhool, Mani Manjot, Hassrat",Ghungroo,64d9Fwl3PLdSMwBmA7GFFT,Ghungroo,11,2024-08-26T16:23:57Z
Irmak Arıcı,Asık Suratım,5TbeUCdDHQsZLV6ILzJnoE,Asık Suratım,42,2024-08-26T07:34:21Z
"Ali Alvi, Arhum Sameed",Love Drunk,0X5wZhPqV3hgZQdLBVhNAP,Love Drunk,33,2024-08-23T07:54:20Z
Lithe,Numb,6Xqr4ZNyNs82araxoyT4PT,Numb,50,2024-08-22T10:55:15Z
Vwillz,Eyes on You,6fVazKhR05IQGpyTDnyd3L,Before the Storm - Night,43,2024-08-22T10:51:04Z
"Ayaz Erdoğan, Mengelez",Baba,1eyLeowhH4sYIKLvh477rx,Baba,56,2024-08-16T18:59:55Z
"Talwiinder, NDS, Harsh Likhari, Kidjaywest",Agg Banke,1LkJTgtt24qS5q26eLxMJY,Agg Banke,42,2024-08-15T13:15:25Z
Sorana,99% ANGEL,5fZlbHpe7bOU0MG2DHM0tB,99% ANGEL,36,2024-08-12T12:47:34Z
"Umair, Talha Anjum, Shamoon Ismail",fifty enemies,0yk0DM5Dhaf8NX7w5EVMlf,"ghosts, and goodbyes",47,2024-08-12T12:38:12Z
"Samr8, Sunzara, Baaz.",Saaye,19OCLk0uaCNSu7I29SBGrq,Saaye,2,2024-08-12T12:34:49Z
Semicenk,Herkes Gibisin,7jnN5sT8rk6PIvBZRWYdJj,Herkes Gibisin,57,2024-08-10T18:38:44Z
Mac Miller,Objects in the Mirror,4O0xktTx6zrClJ7OPzMpDT,Watching Movies with the Sound Off,66,2024-08-09T19:27:20Z
Post Malone,I Know,6b2mfHMqWCA74XmUuVJm8r,Hollywood's Bleeding,59,2024-08-09T18:47:23Z
Tory Lanez,The Color Violet,3azJifCSqg9fRij2yKIbWz,Alone At Prom,83,2024-08-09T18:47:23Z
"Shazia Manzoor, Hasan Raheem",Turri Jandi,1gSqal5vT2GzXgDPMwMelX,Turri Jandi,42,2024-08-08T09:07:53Z
The Chainsmokers,Riptide,7dTd00X8Mc5iErfQQyBA6B,So Far So Good,50,2024-08-07T14:13:30Z
"Ismail Khan, Junaid Javed",Pakhwa,5LnGYzB0rjFMJ5JqzDDpSO,Pakhwa,23,2024-08-06T09:08:40Z
"Saf. K, Alizeh Khan, Aimal Khattak",Meena Oor De Zargeya,4zcFRMnfmueRLrpju87Obi,Meena Oor De Zargeya,30,2024-08-06T08:51:01Z
"PDNY, Raaginder",TUJHSE.,2g3HFRXKZRNP3BuYys0dTw,TUJHSE.,30,2024-08-05T18:21:46Z
Sleepify Lo-Fi,Galliyan X Sun Raha (Mashup),5wenDW6uXVXQ1YmPlEWPpf,Galliyan X Sun Raha (Mashup),0,2024-08-04T09:01:57Z
Sevak,Сон,3CkwN2ON4TsKkRGIwas4nT,Сон,45,2024-08-03T06:42:05Z
ENZA,Ride It,6oqM4eaY96JzIAViHHmmkl,Ride It,31,2024-08-02T10:57:39Z
"Talhah Yunus, Jokhay",AADAT - Acoustic,0lKOT2yGrFOq9gkPSZUsNh,SHIKWA (Side B),40,2024-08-01T17:08:52Z
Kenjebek Nurdolday,Kerek Emes,5G4UJpAwxAvZ7a4RGpLyDP,Kerek Emes,40,2024-08-01T16:56:11Z
DELLY,Согрей,5XRWGnifpcPZtV9GeQHkTV,Согрей,39,2024-08-01T16:48:13Z
Сарги,7 ночей,3y7m47lBBbcHkGFZ03tnn5,7 ночей,46,2024-08-01T12:01:16Z
Kenjebek Nurdolday,Sagyndym Seni,48qfeS5uFvoTiB77SHJSPz,KEZEN,38,2024-08-01T11:11:07Z
Adam,Zhurek,0ZyiSPeBaGwuisTDjyiZwh,Zhurek,61,2024-08-01T11:04:36Z
Post Malone,Rich & Sad,2VdT56BGpdqNHUgOe1j5vc,beerbongs & bentleys,61,2024-08-01T06:13:29Z
Dino James,Mehbooba,2S9AH5wxvHSpU52waIvHjw,Mehbooba,26,2024-08-01T06:06:33Z
Bilal Khan,Dekha Na tha (feat. Bilal Khan and Qb),0UhcVM8ZWg4TtLfQqrlerC,Dekha Na tha (feat. Bilal Khan and Qb) - Single,34,2024-07-30T17:16:30Z
"Talha Anjum, Umair",Desperation,5vuTp3pEYCeS0NFFIH9vrv,Open Letter,26,2024-07-30T09:16:29Z
Asim Azhar,Apna Tu Kehnda,67uhJboca6cVx4QCdQVvvf,BEMATLAB,36,2024-07-30T09:16:29Z
Lithe,Slide By Me,7mK7dCLNWlrtw3S9OleiBu,Slide By Me,48,2024-07-29T18:17:13Z
SAINt JHN,Reflex,0GA850AWIBdMW3Cfd4ptds,Collection One,56,2024-07-25T10:59:47Z
"GVL KHAN, Muzzle",Rakh Le,6v2PLJRTjnOBPY2vetwpaf,Rakh Le,26,2024-07-24T11:06:29Z
"Shally Rehal, KULTARGOTBOUNCE",TRUST,7EOvZN1WUYwhcSK4rkxtyN,MIDNIGHT,33,2024-07-24T10:54:11Z
"Shally Rehal, KULTARGOTBOUNCE",EUPHORIA,41u67CIjlDhiArNYezURRa,EUPHORIA,37,2024-07-24T10:33:59Z
"SARRB, Starboy X",Laare,1DZLpZrsgPD8Zqjx9dPHmz,Moodscape,47,2024-07-23T12:34:05Z
"Ali Alvi, Abdul Hannan, Shahmeer Raza Khan",Zamanay,68owFhnEhniGx0JodcGODl,Zamanay,44,2024-07-23T10:29:03Z
ansh,Meantime,4IWD6wNGzcc9pd5px2ylCI,Meantime,40,2024-07-21T18:21:27Z
"Murtuza Gadiwala, RUTVXK, Kimeraa",Mehfooz,5V7LXjiXY6XcOaSJJYN2pi,Mehfooz,20,2024-07-21T16:22:12Z
"Zaeden, AAKASH",Paas Aa,5w3XfCH3rL6oLv4Ahfp323,Paas Aa,33,2024-07-20T08:18:37Z
Vasu Kainth,Mai Kaisa Hu,4kbw5PaBKDqKneZRIRAqZs,Mai Kaisa Hu,32,2024-07-20T07:15:38Z
"HYDR, PDNY",KHO GAYE,4iT4IsRhcTlRQiIgqsPj6a,KHO GAYE,17,2024-07-20T07:01:08Z
"Samr8, YXTO, Anxraag JD, Mikebear",Phir Kyun,2Ak7KxF1AsjYXsCBdbgGcn,Phir Kyun,9,2024-07-20T06:34:13Z
"Zephyrtone, Nolan Santo",Tu Kahe Toh (feat. Nolan Santo),0eCVQoYH5nTFgmmjQqsJmG,Tu Kahe Toh (feat. Nolan Santo),19,2024-07-20T06:12:43Z
Arooh,Tere Sang,7yhawARJc6cnsaLrTk9EpT,Tere Sang,16,2024-07-19T18:31:10Z
ansh,cold feet,5zJoci3SIkqbthjcj5fSRa,cold feet,17,2024-07-19T12:15:35Z
Joshua,Hanz,0WYar967H0WvF7KJtcZmDA,Hanz,0,2024-07-19T09:53:00Z
ansh,17,04JIT0ikzh6PrEHyJRlYEa,17,30,2024-07-15T10:06:44Z
Karan Aujla,"Tauba Tauba (From ""Bad Newz"")",16kiQQ4BoLHDyj5W2fkfNK,"Tauba Tauba (From ""Bad Newz"")",73,2024-07-15T08:57:16Z
Kxran,One Love,2mEo60a3p1Oj8h72AIryfa,One Love,27,2024-07-15T08:49:18Z
ansh,SMOTHER,2mzrZXgxiCN4jsPRMSLvwG,SMOTHER,33,2024-07-12T18:07:07Z
Third Hour,Peher,264Y7mSnNzXWUt44g0Wtd3,Peher,38,2024-07-12T11:00:24Z
"Marshall Ahmad, Annural Khalid",All Mine,25pjmh0nor9b1QQ2ZNxCHC,All Mine,28,2024-07-12T10:54:50Z
Akdas Hayat,Mitraz x Anuv Jain,4E3TNf86CwRUN4hyX9S8tN,Mitraz x Anuv Jain,25,2024-07-12T10:39:51Z
"Megan Thee Stallion, 千葉雄喜",Mamushi (feat. Yuki Chiba),5b3XJ1pjrHO5JtY2PcTjnI,MEGAN,78,2024-07-12T08:41:38Z
Honey Claws,Digital Animal,18X6UBQBm9Php85JPDakaE,Honey Claws,45,2024-07-12T08:41:38Z
Aryan Katoch,Nite Ride,3lYSbp5zsegljuH8XhzTmK,Nite Ride,33,2024-07-12T06:53:43Z
Arooh,Tanhaayi,7zZQkTBcdTPi0ySrzwUtzD,Tanhaayi,33,2024-07-10T07:15:33Z
ansh,Plain Sight,2IqUrnIDKE80gqG0G7YIMQ,Plain Sight,38,2024-07-10T07:04:35Z
"Marshall Ahmad, ChillBazaar, Turhan James",Hobby,4qkx01gDUsZlbZ42qHJuQE,Hobby,22,2024-07-10T06:58:33Z
Jon Bellion,Woke The F*ck Up,5jKMjgG0J08rCezDvAX0sn,The Human Condition,44,2024-07-07T10:08:23Z
"Ikka, Dino James, Badshah",WOH,1QUU43rTDMnGl4xyaIfsYN,WOH,57,2024-07-07T08:55:53Z
Mitraz,Mashup 2,6nKB0EWZY5EUWGMjidzq4G,Mashup 2,39,2024-07-06T11:16:30Z
Arooh,Darmiyan,61gOmbduroLnQCSdOKPmxH,Darmiyan,31,2024-07-05T12:56:48Z
Aima Baig,Funkari,6iB96FNcb4t3d72Fhc58u2,Funkari,19,2024-07-04T17:40:48Z
Donell Mase,Corner Tactics,0fjEqhQIREK4Vn4MPh92jG,U Want It,1,2024-07-04T16:05:02Z
"Elley Duhé, Whethan",MONEY ON THE DASH - SPED UP,086THPnabbu1zfDjRsxpoN,MONEY ON THE DASH,76,2024-06-29T08:17:55Z
Mitraz,Jaane,3OvJDle1cBFMo4ms4socsz,Jaane,37,2024-06-28T11:43:33Z
"Adnan Dhool, Soch the Band, Kinza Hashmi, Ameer Gilani",Chalo Choro,33vVt9pjSdJ10f0hKqfutf,Chalo Choro,35,2024-06-28T07:27:11Z
Mitraz,Roi Na,62iGr2svWsVzXSk1NZibft,Roi Na,37,2024-06-28T07:23:07Z
Arooh,Sapne,3LvoRYVvTAaqzSeSRoSkkc,Sapne,34,2024-06-28T07:19:17Z
Arooh,Hawayein,6cWOeikqmU2ZKNAOAjyTsN,Hawayein,37,2024-06-27T17:41:45Z
"Samr8, Mitraz, Calvin Dixon",Love Me Again,5KWUKkC3wQCzmF7iLLHnZy,Love Me Again,45,2024-06-27T17:38:12Z
Dark Boy,Gangsta Track,0qNUbz1C1z07porlefZfQW,Gangsta Track,59,2024-06-27T10:47:20Z
Vwillz,ENDORPHINS,0MGb76wOX4n9cxtgAIQOh7,ENDORPHINS,34,2024-06-26T09:55:07Z
"Juice WRLD, Clever, Post Malone",Life's A Mess II (with Clever & Post Malone),4O3RwH1TFG1EjPezLIYehI,Life’s A Mess II (with Clever & Post Malone),58,2024-06-26T09:53:53Z
"Vwillz, mike.",BRIDE AT A BAR,7FIX01fPHk1K71W2gCFRNN,BRIDE AT A BAR,51,2024-06-26T09:43:59Z
"Tory Lanez, Trippie Redd, Yoko Gold",Hurts Me,0RBw4ODUQPO4cuAOZtBGga,Hurts Me,75,2024-06-26T09:42:12Z
The Chainsmokers,Summertime Friends,2lOY5Ah2pRRMdjA6yBRgwW,Summertime Friends,53,2024-06-26T09:39:04Z
GRAHAM,Forgot to Breathe,0eoG4FoLgEd7F7WP92LUe6,Forgot to Breathe,50,2024-06-26T09:34:57Z
Post Malone,Sign Me Up,4mahloUW5K6KeGijwnMGDr,AUSTIN,54,2024-06-25T09:50:53Z
Post Malone,Novacandy,6V1TqJxtw3P0ouCKICvl9l,AUSTIN,54,2024-06-25T09:40:44Z
Post Malone,I Fall Apart,75ZvA4QfFiZvzhj2xkaWAh,Stoney (Deluxe),74,2024-06-25T09:06:14Z
Shaboozey,A Bar Song (Tipsy),5fZJQrFKWQLb7FpJXZ1g7K,"Where I've Been, Isn't Where I'm Going",83,2024-06-25T07:20:57Z
Artemas,like an angel,14K1dZ8zZzwfam9Qbqbdqr,pretty,49,2024-06-25T07:04:39Z
Hozier,Too Sweet,5Z0UnEtpLDQyYlWwgi8m9C,Unreal Unearth: Unheard,50,2024-06-24T07:40:50Z
"Dimitri Vegas & Like Mike, Tiësto, Dido, W&W, Dimitri Vegas, Like Mike",Thank You (Not So Bad),09CnYHiZ5jGT1wr1TXJ9Zt,Thank You (Not So Bad),81,2024-06-23T06:23:55Z
"David Guetta, Kim Petras",When We Were Young (The Logical Song),1CcLA0eaauck34YEIrvAAq,When We Were Young (The Logical Song),78,2024-06-23T06:22:59Z
"JONY, HammAli & Navai",Без тебя я не я,3Q7rxsGtlabDw0yBTnDnR5,Список твоих мыслей,62,2024-06-22T09:38:59Z
Adnan Dhool,Maar Udari - Pardes 2.0,0Ppvk37aQvMlwEGL94ucI7,Maar Udari (Pardes 2.0),37,2024-06-22T09:38:59Z
"Ali Sethi, Jamaldin",Mahi Mera,3N2amGUDcXmU2koFjSBdq8,Mahi Mera,1,2024-06-22T09:38:59Z
Farasat Anees,SAANJH,6RUX2Es5kGjbn3nji0Muwt,SAANJH,30,2024-06-22T09:38:59Z
"Dino James, Bluish Music",Bana Hi Nahi Tha,6hEDk4meQkfuUB4MVMCsMP,Bana Hi Nahi Tha,39,2024-06-22T09:38:59Z
"Adnan Dhool, Zain Zohaib",O Sahib,15oIATcVNB8nlpsRMZG6fz,O Sahib,47,2024-06-22T09:38:59Z
Aditya Rikhari,Humdum,1ZbcAMnlobqTAg2gZp3po1,Humdum,49,2024-06-22T09:38:59Z
"Asim Azhar, Talha Anjum",Bematlab,1p6AnftoxhGTuei5RnsvIy,BEMATLAB,52,2024-06-22T09:38:59Z
Danny Zee,Ishq Di Chaawaan,16m3dpTc9m7TN2Lxdt1Jco,Ishq Di Chaawaan,0,2024-06-22T09:38:59Z
Farasat Anees,Dill Laggi,3dZzHWAiucAwUx4WnqplUd,Dill Laggi,9,2024-06-22T09:38:59Z
"Talwiinder, Tech Panda, Kenzani, Mitika Kanwar",Gal Kardi,11tZ3CGGMF9guaBNHzsmUp,Gal Kardi,37,2024-06-22T09:38:59Z
NF,HOPE,12cZWGf5ZgLcKubEW9mx5q,HOPE,65,2024-06-19T18:12:19Z
"Jeremih, 50 Cent",Down On Me,7seWbBQAm6wAxZTWXKeEED,All About You,44,2024-06-19T17:30:15Z
"Lithe, FRVRFRIDAY",Hold Out,4E2wIuFOblfmOxZburqG4d,Hold Out,69,2024-06-19T10:17:00Z
Maejor,Dance,47bMOtYZVVjPXnpHBEPqu6,Dance,25,2024-06-19T10:11:53Z
"Rudimental, Skepsis, Charlotte Plank, Riko Dan",Green & Gold (feat. Charlotte Plank & Riko Dan),0JI8koDoC5crQbIjhSty59,Green & Gold (feat. Charlotte Plank & Riko Dan),62,2024-06-19T07:57:12Z
Aystar,Kop That Shit,0DsFdhimhkfSGEuBqY5kwE,Scousematic 2,51,2024-06-16T17:43:19Z
"Naits, Lloyd P-White",dirty lies,1Gctm4XpQbsoRmt6Er7VGB,dirty lies,44,2024-06-16T13:00:16Z
Vwillz,Truth Is,6gI7k3HlA5sLvfpZXEIzpX,Truth Is,27,2024-06-16T12:56:47Z
"GRAHAM, Henrik",Call my name,2XKjhJbd57Jiqdy5SCZNWh,Call my name,57,2024-06-16T12:50:47Z
Vwillz,PLACE TO FISH,0fbCT3Cc6ZpNFSEuSCC8UH,PLACE TO FISH,37,2024-06-16T12:40:52Z
Mackenzy Mackay,The One That You Call,3VeSUTrht19Ecb6BnHh5ld,The One That You Call,72,2024-06-16T12:34:19Z
BERNA,Da Outro,0elq8xZ5X2zmM7YR96sRcs,Poor Little Rich Kid,41,2024-06-16T12:22:00Z
Billie Eilish,CHIHIRO,7BRD7x5pt8Lqa1eGYC4dzj,HIT ME HARD AND SOFT,87,2024-06-15T16:29:09Z
Drex Carter,Heart Back,0xdB9ZMPbZZVeAfXTMvzyp,HATH NO FURY,38,2024-06-13T17:48:25Z
"Post Malone, The Kid LAROI",Wasting Angels (with The Kid LAROI),2OcSE0EXzgUuqkM1NIJPHJ,Twelve Carat Toothache,58,2024-06-13T10:02:44Z
GRAHAM,HOV,5I1cUFS6mr5y66VowrqS1l,HOV,58,2024-06-13T09:53:27Z
The Chainsmokers,Tennis Court,1Yh82W1H6OrHlCGzpkFBmH,No Hard Feelings,44,2024-06-12T18:30:09Z
"David Guetta, OneRepublic",I Don't Wanna Wait,331l3xABO0HMr1Kkyh2LZq,I Don't Wanna Wait,84,2024-06-12T18:28:35Z
Vwillz,Darkside,68eM2hKgDfuGTIqZN1UZap,Darkside,53,2024-06-12T18:25:23Z
"Jaxomy, Agatino Romero, Raffaella Carrà",Pedro,48lxT5qJF0yYyf2z4wB4xW,Pedro,79,2024-06-12T10:42:29Z
Don Toliver,After Party,527k23H0A4Q0UJN3vGs0Da,Heaven Or Hell,73,2024-06-12T10:42:29Z
Henry Moodie,drunk text,6EIMUjQ7Q8Zr2VtIUik4He,in all of my lonely nights,80,2024-06-12T08:43:47Z
Vwillz,Falling Slowly,7f4bsFFcKOU7ysIPjj0yCj,Falling Slowly,61,2024-06-12T08:26:06Z
JVKE,clouds,1Gp3vNi64EY7sEStAZ51en,clouds,60,2024-06-12T08:05:16Z
Party Tyme Karaoke,Honest (Made Popular By Justin Bieber ft. Don Toliver) [Karaoke Version],1TLoTVfy7eVVe8VbhcpxZY,Party Tyme - Pop Male Hits 13 (Karaoke Versions),0,2024-06-11T18:19:46Z
GAZIROVKA,Black,34rOchhRfF8IUSUuZt5DDo,NEBOBLAKA,54,2024-06-11T12:19:46Z
sweetiele,Тёмная Ночь,26iAyZZjxMv0yohsGxGrRr,Тёмная Ночь,13,2024-06-11T12:19:46Z
Beedle The Bardcore,Real Slim Shady - Medieval Bardcore Version,0DSKqdWAAhC053eh5DCBDG,Medieval Eminem,38,2024-06-11T12:19:46Z
Qara 07,Kavkaz,1ToXcsjFNQC9ZXZhfrZvRP,Kavkaz,34,2024-06-11T11:19:46Z
Andery Toronto,Мама прости,1aZNcgOn3t1NRkZfFH4aPm,Немодный звук,5,2024-06-11T11:19:46Z
Lithe,I need,5CPiiKRbI2UKPHKaSKhJg4,I need,62,2024-06-09T08:52:47Z
"Mansheel Gujral, Akhil Sachdeva","Channa Ve - From ""Bhoot - Part One: The Haunted Ship""",2Z6HgNji9cNlFLNORw6wDQ,"Channa Ve (From ""Bhoot - Part One: The Haunted Ship"" / Original Motion Picture Soundtrack)",70,2024-06-07T19:38:54Z
Labi Siffre,Remember My Song - 2006 Remaster,0PiQMQuR9Gqr0ll0eFUzFk,Remember My Song,16,2024-06-07T09:41:06Z
"Shoby, Jonah Baker",Bad Habits,06vwC6P13pARmkdDrJG3EX,Bad Habits,45,2024-06-05T09:43:10Z
"Umair, Abdullah Maharvi, Talha Anjum",COME THROUGH (feat. Abdullah Maharvi & Talha Anjum),4yNtO1F3flXZ4v3Ry1MzuP,ROCKSTAR WITHOUT A GUITAR,64,2024-06-05T09:01:33Z
"Shoby, Jonah Baker",Flowers,2u3HtoDMrDEHBBp5UaXx7Q,Flowers,55,2024-06-05T08:10:10Z
"SAINt JHN, Lil Baby",Trap [Feat. Lil Baby],46KjZQkVOB5rvzSCGKJrIO,Ghetto Lenny's Love Songs,58,2024-06-04T09:32:56Z
"Umair, Mooroo, Talhah Yunus, JANI","HEARTBREAK CITY (feat. Mooroo, Talhah Yunus & JANI)",7MsanGsgB6GxC713GpgthD,ROCKSTAR WITHOUT A GUITAR,43,2024-06-04T09:32:56Z
Post Malone,Better Now,7dt6x5M1jzdTEt8oCbisTK,beerbongs & bentleys,77,2024-06-03T18:26:26Z
Chiptune Punks,"The London (8-Bit Computer Game Cover Version of Young Thug ft. J. Cole, Travis Scott)",6Z8WknmZwp4FxisQ8HX7HC,"Bitpop Hits, Vol. 8",0,2024-06-03T09:26:26Z
"OAFF, Savera, Ankur Tewari","Teri Yeh Baatein - From ""Kho Gaye Hum Kahan""",03jBweps9fu6BtkItGNcli,Kho Gaye Hum Kahan (Original Motion Picture Soundtrack),43,2024-06-03T08:26:40Z
"Ali Zafar, Atta Ullah Khan Esakhelvi",Balo Batiyan (feat. Atta Ullah Khan Esakhelvi),5qxSNZz2m8wNH61JYo7bVL,Balo Batiyan (feat. Atta Ullah Khan Esakhelvi),44,2024-06-02T09:21:52Z
Jasmine Sandlas,Jager,0901xSTCWDEV8bFUfliabr,Jager,29,2024-06-01T14:20:00Z
"Abdul Hannan, Hasan Raheem, Shahmeer Raza Khan",Zaalima,0U8xGuKNtRz2PWVGaLjJ8V,Zaalima,52,2024-06-01T14:20:00Z
Arooh,Andhere,1JUrtiqW8HhF2C2mhbJ0pF,Fariyaad,14,2024-05-31T09:53:59Z
"Yo Yo Honey Singh, Ipsitaa",First Kiss,1nhJF3mMAL9UgBz3vLLNuM,First Kiss,53,2024-05-31T09:53:59Z
SoulHeart,Nain Tere Chain Mere,2WfAkpiVJr5SsT9LWIuMaa,Nain Tere Chain Mere,0,2024-05-31T07:54:13Z
"Dino James, Sanah Moidutty",Sunn,4JVivLxkFjJK3T7oLHeSJn,Sunn,35,2024-05-31T07:54:13Z
King,Teri Ho Na Saki,4wr3QwOxLqh4uBlHKhtTlx,Shayad Woh Sune,59,2024-05-30T09:10:26Z
Mitraz,Intezaar,4rin9gU1VxcCESXSGDWF7C,Neendein,41,2024-05-29T12:33:48Z
"G-Eazy, Jay Anthony",Far Alone (feat. Jay Ant),6vipRUtpYO7kv29TIp4c8U,Far Alone (feat. Jay Ant),40,2024-05-29T08:34:01Z
KaraokePro,Order More (Originally Performed by G-Eazy ft. Starrah) - Instrumental Version,7s6YxHWevH9vZ2tcik6VYc,Order More (Originally Performed by G-Eazy ft. Starrah) [Instrumental Version],0,2024-05-25T15:34:43Z
HYDR,Dhanak,31hn1KbiHz1WZkkWhsc7dQ,Dhanak,42,2024-05-24T10:13:27Z
"Mannywellz, VanJess",Floating,6BSewgCeSs7mVkAxafwMeg,Floating,16,2024-05-24T10:13:27Z
"Alka Yagnik, Arijit Singh","Agar Tum Saath Ho (From ""Tamasha"")",2FCXQHugkoHE1K3tiDu8pu,Love Forever With Arijit Singh,69,2024-05-22T13:55:55Z
"MEDUZA, Dermot Kennedy",Paradise (feat. Dermot Kennedy),6ft4hAq6yde8jPZY2i5zLr,Paradise,65,2024-05-22T09:55:57Z
"Post Malone, Ozzy Osbourne, Travis Scott",Take What You Want (feat. Ozzy Osbourne & Travis Scott),7CZyCXKG6d5ALeq41sLzbw,Hollywood's Bleeding,72,2024-05-22T09:55:57Z
Khalid,Backseat,2LTFSIFfYR9tjPdzX4if0Z,Scenic Drive (The Tape),46,2024-05-22T09:55:57Z
"SHAED, ZAYN",Trampoline (with ZAYN),2ez6qvOTHKeI3ss80NGqnI,Melt (Deluxe),66,2024-05-22T09:55:57Z
ZAYN,Grateful,0Qn9MOBaivZUimc9GKbviJ,ROOM UNDER THE STAIRS,50,2024-05-22T08:55:56Z
"Charlie Puth, Kehlani",Done for Me (feat. Kehlani),1lsBTdE6MGsKeZCD6llNu7,Voicenotes,67,2024-05-22T08:55:56Z
Khalid,Self,1WqLtczgKdbHFHhefOU0y7,Free Spirit,44,2024-05-22T08:55:56Z
Hasan Raheem,Accusations,7rKNyjWTP49aB9qEHY69bV,Nautanki,17,2024-05-22T07:56:00Z
"danish roomi, prodmaarij","TOO CLOSE, TOO FAR",7bWPhD3SeM4vx3Jw3S3PJe,"YOU, ME AND MOON",19,2024-05-21T10:44:42Z
Wilco,How to Fight Loneliness,1CsMuJeMzRqNgS7G0fo1Gv,Summerteeth,52,2024-05-21T06:44:56Z
Pinaka blues,Old Scar,5GKRrxuXrn2V9S4nJb0zdx,Old Scar,37,2024-05-21T06:44:56Z
Anupam Roy,Bezubaan,4w2fUXFWkhHTAS0eqIh2HC,Piku (Original Motion Picture Soundtrack),41,2024-05-19T19:23:31Z
Sion,Flying Fish,5DGHfcMOCzfxiJnhybJHov,Flying Fish,2,2024-05-19T19:23:31Z
Logic,Nikki,1JFx9R87En9oJOi4DRH1e9,Under Pressure (Deluxe),50,2024-05-19T18:51:54Z
Kyd the Band,Roots,3FT04toL4pcfk9B5Qop9e6,Season 3: The Realization,4,2024-05-17T08:14:08Z
"EST Gee, Future",Shoot It Myself (feat. Future),6Md6lyVVoKWcOaSg8u1tDn,I Never Felt Nun,51,2024-05-16T15:45:45Z
"The Chainsmokers, Drew Love",Somebody,0fTiDOXRNEN0lUeYGoSHml,Sick Boy,57,2024-05-16T10:35:32Z
"The Chainsmokers, ILLENIUM, Lennon Stella",Takeaway,3g0mEQx3NTanacLseoP0Gw,World War Joy,67,2024-05-16T09:35:34Z
Shafa Ullah Khan Rokhri,Sanwal,4mVwfKCjBKiJuv7YnBJ17Y,Sanwal - Single,26,2024-05-15T12:21:53Z
Khalid,Twenty One,1NgCWYuBLfqBDA3b8MgSVU,Free Spirit,46,2024-05-15T08:21:52Z
Khalid,Satellite,1G9hDB1bmxz131N9svQ8pY,Satellite,53,2024-05-14T07:29:41Z
"Regard, Troye Sivan, Tate McRae",You,2cc8Sw1OnCuA5bV8nqWqpE,You,67,2024-05-14T07:29:41Z
Post Malone,92 Explorer,1D2L6MefbXon28PzIk9I3r,beerbongs & bentleys,64,2024-05-12T06:03:21Z
"Post Malone, Morgan Wallen",I Had Some Help (Feat. Morgan Wallen),7221xIgOnuakPdLqT0F3nP,I Had Some Help,83,2024-05-11T09:30:44Z
"Marshmello, Kane Brown",One Thing Right,4hPpVbbakQNv8YTHYaOJP4,One Thing Right,23,2024-05-10T10:55:42Z
"Post Malone, Swae Lee",Spoil My Night (feat. Swae Lee),5VuxWXbt7XENQCtE9TzpTv,beerbongs & bentleys,59,2024-05-10T10:55:42Z
"Y2K, bbno$, Ilkan Gunuc",Lalala - Ilkan Gunuc Remix,1D9kLvE4SBX6EOG8uJa7Vy,Lalala (Ilkan Gunuc Remix),52,2024-05-10T09:55:42Z
"BABY GRAVY, Yung Gravy, bbno$",swiper no swiping!,62hVvAo7NlbwYb37cV9c2A,Baby Gravy 3,51,2024-05-10T09:55:42Z
bbno$,let em know,2YsrRJLtWfbRXgWwiuZlVo,bag or die,45,2024-05-10T09:55:42Z
bbno$,piccolo,0Itq17jYPxhIA8XsvQ1SZL,bag or die,53,2024-05-10T09:55:42Z
"bbno$, Lil Toe",deadman (feat. Lil Toe),0AuyLYjy9W7px84ZQUKA2a,bag or die,45,2024-05-10T09:55:42Z
Juice WRLD,Conversations,4K06PO78fW4mnBVenxGNob,Legends Never Die,74,2024-05-10T08:55:55Z
"Taha G, Maanu",Dou Pal,59hkyI30Y03Zei8ITME2mz,Dou Pal,44,2024-05-09T12:55:20Z
Srp Asmr,Colour vision,2MKz8SFQMjnVbu4eC4AZb5,Doctor's Essential Tests,22,2024-05-09T12:55:20Z
Lil Nas X,Panini,1000nHvUdawXuUHgBod4Wv,Panini,61,2024-05-09T09:55:33Z
Lil Nas X,Old Town Road,0F7FA14euOIX8KcbEturGH,7,70,2024-05-08T06:44:22Z
Hit The Button Karaoke,Old Town Road (Remix) [Originally Performed by Lil Nas X Ft. Billy Ray Cyrus] - Instrumental Version,4jEuRpBmGDFulfq13NlHb6,Karaoke Picks (Vol. 72),12,2024-05-07T10:58:34Z
Post Malone,Too Young,4SYUUlkScpNR1QvPscXf8t,Stoney (Deluxe),58,2024-05-07T09:58:32Z
"Zahoor, REHMA",Harkalay,4Z7C2MuZAG6zGiHfwwsNeK,Harkalay,41,2024-05-07T08:58:48Z
Kendrick Lamar,meet the grahams,4S8PxReB1UiDR2F5x1lyIR,meet the grahams,71,2024-05-06T13:58:01Z
Ahmed Jahanzeb,Urr Jaa Re,7sI6gWgpeIs1G5XZKrzGsn,Urr Jaa Re,10,2024-05-05T08:03:52Z
The Strumbellas,Spirits,1VyiUi0mRnSKgtHa5dBoUd,Hope,41,2024-05-05T07:08:29Z
Iniko,The King's Affirmation,4RLHj4aXHBZIWPBsXqEGgO,The King's Affirmation,64,2024-05-05T07:03:52Z
"Lithe, Eli Sostre",Geneva (feat. Eli Sostre),2ztxXgJnupphCm1RJyccKz,Geneva (feat. Eli Sostre),46,2024-05-04T13:03:52Z
Lithe,Signs,0xvMlF1iLu3IYRsHb5zJ3b,No Mans Land,65,2024-05-03T17:56:30Z
Sam Fender,Poltergeists,5La9lSnJB3aIaw0OrWb4EB,Seventeen Going Under (Deluxe),36,2024-05-03T17:56:30Z
Santino Le Saint,Sleepless Nights,5OX1xKPOtjgmMATih9t1uR,Sleepless Nights,32,2024-05-03T17:56:30Z
Lithe,Fall Back,1aHy1ipWQRNauI0ee9uYfi,Fall Back / Selfish Game,78,2024-05-03T13:56:29Z
Sia,Wanna Be Known,3qV77JjyBtqHovXoYSLnr3,Reasonable Woman,34,2024-05-03T12:56:29Z
Post Malone,Overdrive,3t0ic4mkhvhamrKDkulB8v,Overdrive,60,2024-05-01T17:15:57Z
Post Malone,Don't Understand,4MTuL20LF3pWebeJbcNh7p,AUSTIN,51,2024-05-01T17:15:57Z
Post Malone,Socialite,3ZcJaN63FKEMxDWWPefsiW,AUSTIN,52,2024-05-01T17:15:57Z
Shubh,You and Me,4thOONDx78zsY8sHGfU1M2,Leo,67,2024-05-01T08:07:59Z
"Mac Miller, Niki Rand",I Am Who Am (Killin' Time) [feat. Niki Rand],0jq217UlyrhK26pe1iWiPP,Watching Movies with the Sound Off,11,2024-05-01T08:07:59Z
"Darshan Raval, Prakriti Giri",Tu Hai,2fsBaSK1551VvUD9Uvbb9Q,Tu Hai,64,2024-04-30T16:47:18Z
"BABY GRAVY, Yung Gravy, bbno$",You Need Jesus,313j2aNbdQRcWZq7JOo0ro,Baby Gravy 3,59,2024-04-30T12:47:17Z
"Sukriti Kakar, Siddharth Mahadevan",Pehli Baar,39GcR1iJpR2RX629O0zuW5,Dil Dhadakne Do,48,2024-04-30T07:47:32Z
"Mithoon, Arijit Singh, Sunidhi Chauhan","Darkhaast (feat. Arijit Singh, Sunidhi Chauhan)",1awtp7rf6ajhGY9BgzCHeZ,Shivaay,63,2024-04-30T07:47:32Z
Hasan Raheem,Kaleji,3ZQWPz5ggiFgRPHrpQ2doQ,Nautanki,25,2024-04-29T12:54:17Z
"Tezz, Rhythm V, Ro",Sick Talk,2pFdU4PbgfStKa75UexHtl,Sick Talk,11,2024-04-28T13:52:51Z
TNT Shaba,PURGE ME,7jYfnKw5DaZYuKaBkeDpGR,THE BIRTH OF TNT RELOADED,0,2024-04-28T05:58:12Z
"Ali Sethi, Abdullah Siddiqui, Maanu, Shae Gill",Left Right,1WMImncoIZZ7Bz0Y6cZGVp,Left Right,10,2024-04-28T05:58:12Z
"Jane Good, Makado, Quinn Casado",The One That Got Away,1xIn3CVcM7kXJy3yEgzv4W,The One That Got Away,49,2024-04-27T17:27:37Z
"BABY GRAVY, Yung Gravy, bbno$",No Way Jose,1kCXmKWlfc9tZIp3Thumkl,Baby Gravy 3,52,2024-04-27T16:37:46Z
"BABY GRAVY, Yung Gravy, bbno$",Despicable G's,4Dy92yoGUlTia5FfPa6yuT,Baby Gravy 3,42,2024-04-27T16:37:46Z
bbno$,bad thoughts,3VaJpVf2jc9by82sJDIKzy,i don't care at all,45,2024-04-27T16:37:46Z
"Migos, Lil Uzi Vert",Bad and Boujee (feat. Lil Uzi Vert),0M9ydKzuF3oZTfYYPfaGX1,Culture,69,2024-04-27T14:37:46Z
"Lil Nas X, Jack Harlow",INDUSTRY BABY (feat. Jack Harlow),27NovPIUIRrOZoCHxABJwK,INDUSTRY BABY (feat. Jack Harlow),73,2024-04-27T14:37:46Z
Inon Zur,Wandering in Appalachia - Part V,2rXA0xQGqEbT8xUqBjiAlQ,Fallout 76 (Original Game Score),13,2024-04-27T13:37:45Z
Eight Waters,To The Moon & Back,1VGveBIiTkrnK27Bj0FAzu,To The Moon & Back,56,2024-04-26T15:30:52Z
Hassan & Roshaan,Kehkashan,5NC6zra93Dt3wQDZOGxuMO,Day 5,19,2024-04-25T13:25:18Z
Mitraz,"Akhiyaan Gulaab (From ""Teri Baaton Mein Aisa Uljha Jiya"")",0M0ANKNzmM4Odd7FNKghzW,"Akhiyaan Gulaab (From ""Teri Baaton Mein Aisa Uljha Jiya"")",75,2024-04-25T13:25:18Z
"Miracle Mangal, Annural Khalid, Umair, Wali Aleem",Faaslay,34MruoNGQNNy5OZJ9czg0x,MM005,35,2024-04-25T13:25:18Z
"Toby Rose, ALUR, Eirik Næss",Careless Whisper,4wyIAKiAc8Twh1jgzylZWo,Careless Whisper,61,2024-04-24T10:51:54Z
"Asaf Avidan, The Mojos, Wankelmut",One Day / Reckoning Song (Wankelmut Remix) - Radio Edit,68rcszAg5pbVaXVvR7LFNh,One Day / Reckoning Song (Wankelmut Remix),67,2024-04-23T08:11:14Z
Mitraz,Gulaab,5RAZtbW6hkkVG4cMGPO6f2,Zehen,56,2024-04-23T08:08:47Z
CYRIL,Stumblin' In,0h3Xy4V4apMraB5NuM8U7Z,Stumblin' In,84,2024-04-23T07:55:42Z
Shubh,No Love,08Isz2ETWSBhvIl8UpKYsp,No Love,70,2024-04-22T08:13:18Z
Diljit Dosanjh,Born to Shine,4XxfOvudrnBRdlgzEaq1sd,G.O.A.T.,76,2024-04-21T15:55:35Z
Vanotek,Love Is Gone,78ryR7A7KA4VkBn9lNe5dK,Love Is Gone,33,2024-04-21T14:55:34Z
gizmo,Common Sense,2v6fNQve1FP9ZbPPWOsYYx,Common Sense,13,2024-04-20T15:12:34Z
Jsnk,janiye x harleys in hawaii,5740sH6sMDy77aDKUMfvpc,janiye x harleys in hawaii,30,2024-04-20T14:37:37Z
"Sehar Gul Khan, Roshan","Sohneya (From ""Dil Pe Dastak"")",2CXIdWXdCtlBTcrTqjmyaZ,"Sohneya (From ""Dil Pe Dastak"")",32,2024-04-20T14:37:37Z
Abhijeet,Woh Ladki Jo,4A15QHUraE6rrP0Co6S3lG,Baadshah (Original Motion Picture Soundtrack),60,2024-04-20T14:37:37Z
"The Chainsmokers, Daya",Don't Let Me Down,1i1fxkWeaMmKEB4T7zqbzK,Don't Let Me Down,80,2024-04-19T19:30:03Z
Naits,lonely road,7GfCJU7IMUVa5rl5DoOEOh,lonely road,55,2024-04-19T14:30:03Z
"Barney Sku, Taqiya Zaman",Your Eyes,5pebgx4IJ5YvZH2sYOHDRf,Your Eyes,61,2024-04-19T13:30:09Z
Post Malone,I'm Gonna Be,1ckLp8lCl8LipXI0ypX72m,Hollywood's Bleeding,61,2024-04-19T13:30:09Z
Marshlemon,Eyes On You x Zara Zara,54WpjuM2UImjj4mSNGjZfM,Eyes On You x Zara Zara,8,2024-04-19T13:30:09Z
JAWAN,anima,6Ei1lWXfcHERtwayol5qOR,anima,0,2024-04-19T12:30:03Z
SZA,Low,2GAhgAjOhEmItWLfgisyOn,SOS,79,2024-04-18T14:59:29Z
"Post Malone, Meek Mill, Lil Baby",On The Road (feat. Meek Mill & Lil Baby),12Fkyg9lpmaz2zmKOfw2Y2,Hollywood's Bleeding,64,2024-04-18T12:02:16Z
Adnan Dhool,Pardes Katenda,4IR5cCTkL4DjgJwtSijbjL,Pardes Katenda,52,2024-04-18T10:02:20Z
"Kedrock, Sd Style, Pritam, Amit Mishra, Shilpa Rao",Bulleya - Lofi Flip,1zrCQPL78lQEDvDTeA5thf,Bulleya (Lofi Flip),41,2024-04-18T10:02:20Z
ChoiceTune,Fashion Desires,5lkBZkpdX140Hrr2rCDEvE,Fashion Desires,1,2024-04-18T10:02:20Z
"Mitraz, Shirley Setia",Khileya,0WvjrHwSrm0ZfhRGje2j2W,Khileya,52,2024-04-18T10:02:20Z
Sam Smith,To Die For,2ZTYlnhhV1UAReg7wIGolx,To Die For,58,2024-04-17T12:53:21Z
SICKVED,Roadtrip Mashup,1vof1xKQcY8xdQjqjnhI9R,Roadtrip Mashup,31,2024-04-17T12:53:21Z
"Soch the Band, Yashal Shahid",Bharas - Slow Version,3X9MqSJWjqV5vr1TGSVCVM,Bharas (Slow Version),34,2024-04-17T12:53:21Z
Trevor Gureckis,Danny,0JZAK0jO3aEw03GN65chFg,The Crowded Room (Apple TV+ Original Series Soundtrack),2,2024-04-17T12:53:21Z
Sam Smith,"Writing's On The Wall - From ""Spectre"" Soundtrack",1PWnAEQcbwQwK759otUbta,Writing's On The Wall,61,2024-04-14T17:51:57Z
Gennytha,So serious,4jR9TQs0zGhXTQ6sRo1PAr,So serious,0,2024-04-14T17:51:57Z
"Sehar Gul Khan, Shahbaz Fayaz qawal",Bol Kaffara Kya Hoga,5wfONExyFrlD03NWJHP9qO,Bol Kaffara Kya Hoga,3,2024-04-14T09:32:02Z
"Salim–Sulaiman, Vishal Dadlani",Kurbaan Hua,1PH0yXNGtSZbL2eufpgFJ4,Kurbaan (Original Motion Picture Soundtrack),50,2024-04-14T09:32:02Z
"Jasleen Royal, Ujjwal Kashyap",Sang Rahiyo (feat. Ujjwal Kashyap),45PA9lW7U5LYnlpGrdTyHY,Sang Rahiyo (feat. Ujjwal Kashyap),74,2024-04-13T09:07:45Z
Punit Singh,Yahan Koi Nahi,51uEHUBV7YCrdNZoWRVJPc,Yahan Koi Nahi,38,2024-04-13T09:07:45Z
The Adams,Mosque of Love,0nkkIeiXvTx0cueKFmRPV0,ß Release,13,2024-04-13T09:07:45Z
"Amit Trivedi, Nikhil D'Souza, Neuman Pinto",Sham,5Q58RkKyUafm15Syxg79DW,Aisha (Original Motion Picture Soundtrack),55,2024-04-13T09:07:45Z
"Jatin-Lalit, Sonu Nigam, Sunidhi Chauhan, Aamir Khan, Kajol, Prasoon Joshi",Mere Haath Mein,6oUK2k9OJ0WvmVveyauFB7,Fanaa,61,2024-04-10T20:05:44Z
"Shaarib Toshi, Sunidhi Chauhan, Sharib Sabri","Tu Zaroori (From ""Zid"")",0JJjxzyDzlSh4hbZvtvqVl,"Tu Zaroori (From ""Zid"")",48,2024-04-10T20:05:44Z
"Kalyanji-Anandji, Kishore Kumar",Neele Neele Ambar Par - Male Version,02zPo0Dt0R4TTFY5zLJZnK,Kalaakaar (Original Motion Picture Soundtrack),65,2024-04-09T17:35:39Z
Kishore Kumar,"Chhu Kar Mere Manko - From ""Yaarana""",1XiglL7TPZljvmn3HWmB23,Audiobiography - Kishore Kumar,57,2024-04-09T17:35:39Z
"Kishore Kumar, Rajesh Khanna, Asha Parekh, R. D. Burman",Yeh Sham Mastani And Dialogue,2sUadsCEWfUZ6RK2W5m79l,Kati Patang,25,2024-04-09T17:35:38Z
Mukesh,Main Pal Do Pal Ka Shair Hoon,2MAQWNhW0jKI0qWnNNO8C9,Kabhi Kabhie,65,2024-04-09T17:35:37Z
"Kishore Kumar, R. D. Burman",Ek Ajnabee Haseena Se,1mPNK9DQVA7gJNtJ20PZu3,Ajanabee,65,2024-04-09T17:35:37Z
"Lata Mangeshkar, Kishore Kumar, Kalyanji-Anandji",Salame-Ishq Meri Jaan,2flgH9pEowTIC9QWiMxfQm,Muqaddar Ka Sikandar,56,2024-04-09T17:35:36Z
"Kishore Kumar, R. D. Burman",Yeh Kya Hua,37tU5UNOzTZe6gY4Jmad79,Amar Prem,49,2024-04-09T17:35:35Z
"Kishore Kumar, R. D. Burman","Samne Ye Kaun Aya - From ""Jawani Diwani""",65Jc0dClAN7bfmhLJ9gJyU,Icon,38,2024-04-09T17:35:34Z
Kishore Kumar,"Pal Pal Dil Ke Paas - From ""Blackmail""",6sF70gMVf9jg8QEogyVqBl,Audiobiography - Kishore Kumar,61,2024-04-09T17:35:31Z
"Mukesh, Kanchan, Kalyanji-Anandji",Kya Khoob Lagti Ho,3h5YZTfJ4BBpvLVHS6lGUl,Dharmatma,59,2024-04-09T17:35:30Z
"Asha Bhosle, Mohammed Rafi, R. D. Burman",O Mere Sona Re Sona,3wY157vtLumAlFxBKTeInE,Teesri Manzil,55,2024-04-09T17:35:28Z
"Asha Bhosle, Kishore Kumar, S. D. Burman",Haal Kaisa Hai Janab Ka,3uvvmqUNKEzZtZWOQrQqq0,Chalti Ka Naam Gaadi,46,2024-04-09T17:35:28Z
"Mohammed Rafi, R. D. Burman","Gulabi Ankhen - From ""The Train""",4ujalVER2NLazVozUVllxw,Audiobiography,61,2024-04-09T17:35:27Z
"Sushma Shrestha, Mohammed Rafi, R. D. Burman",Kya Hua Tera Vada,5XTdgOtJYAOXiw2gHW2KmQ,Hum Kisise Kum Naheen,66,2024-04-09T17:35:26Z
Mohammed Rafi,Baar Baar Dekho Hazar Baar Dekho,4IAGNKBnD8RdrtYEMJ4g0b,China Town (Original Motion Picture Soundtrack),17,2024-04-09T17:35:26Z
Kishore Kumar,"O Mere Dil Ke Chain (From ""Mere Jeevan Saathi"")",71hanKncfyBt0Yi66LRUYm,Krazy Kishore,46,2024-04-09T17:35:25Z
"O. P. Nayyar, Geeta Dutt","Babuji Dheere Chalna (From ""Aar Paar"")",0hCSCReFK5ADvtiXsd4VLc,Aar Paar / Mirza Ghalib / Baaz - Best of Bollywood Hits of O. P. Nayyar (Original Motion Picture Soundtracks),0,2024-04-09T17:35:24Z
"Mukesh, Lata Mangeshkar",Kabhi Kabhi Mere Dil Mein - Duet,418v2RdbaHUOdWJt5AzOMP,Kabhi Kabhie (Original Motion Picture Soundtrack),32,2024-04-09T17:35:24Z
Kishore Kumar,"Mere Sapnon Ki Rani (From ""Aradhana"")",3cWgUwwFeydGWc5vLjr5UC,Krazy Kishore,39,2024-04-09T17:35:22Z
Kishore Kumar,"Roop Tera Mastana (From ""Aradhana"")",1kh7hWJScFHofkGFuLwW84,One Man Many Roles - Kishore Kumar,36,2024-04-09T17:35:22Z
"Arman Cekin, Paul Rey, Snoop Dogg",California Dreaming (feat. Snoop Dogg & Paul Rey),5DOP9l0x4NvCIsS1tOGrre,California Dreaming (feat. Snoop Dogg & Paul Rey),44,2024-04-09T14:45:47Z
Ali Sethi,Chan Kithan,7A5AXwJZ6DRVSGgHk82ww6,Chan Kithan,11,2024-04-09T14:45:47Z
Lata Mangeshkar,"Aap Ki Nazron Ne Samjha (From ""Anpadh"")",7KoJExPLSJNymJRSDR56UF,Masterworks Lata Mangeshkar,40,2024-04-09T14:45:47Z
"Kishore Kumar, Asha Bhosle","Yeh Raaten Yeh Mausam (From ""Dilli Ka Thug"")",1lq55yqSIDg3ZzDHai2Eot,One Man Many Roles - Kishore Kumar,40,2024-04-09T14:45:47Z
Blake Rose,Lost,5uMoppTUGhP4l1Unv4OaMX,Lost,53,2024-04-09T09:46:20Z
Alewya,Zuggy,1U5kOeFX28ZtSzKH2xypvP,Panther in Mode,38,2024-04-09T09:46:20Z
"Timbaland, OneRepublic",Apologize,6ucR4KfvsBFWCMVFDvyKKl,Shock Value,69,2024-04-09T08:46:20Z
"Ellie Goulding, Juice WRLD",Hate Me,15og0pCEcTFWEXOFKdcJlU,Brightest Blue,76,2024-04-08T08:30:26Z
Keane,Somewhere Only We Know,1SKPmfSYaPsETbRHaiA18G,Hopes And Fears,83,2024-04-08T07:33:04Z
"Pritam, Sunidhi Chauhan, Amitabh Bhattacharya",Kamli,2QY6SJXVnBFaqxOZhC1Fuu,Dhoom:3,57,2024-04-08T07:33:04Z
Benson Boone,Beautiful Things,6tNQ70jh4OwmPGpYy6R2o9,Beautiful Things,85,2024-04-08T07:33:04Z
Kishore Kumar,Meri Bheegi Bheegi Si,4JY92Yj561vPPtG5qxNMuo,Anamika (Original Motion Picture Soundtrack),41,2024-04-08T07:33:04Z
Sona Mohapatra,Qatl-E-Aam,7qEBvj3ASnjr5naLrOVW42,Raman Raghav 2.0,21,2024-04-06T07:10:00Z
"Mohit Chauhan, Suzanne D'Mello",Tum Ho,7uNnlVit5qDvfOje0pqICF,Rockstar,69,2024-04-06T07:10:00Z
Mac Miller,Good News,1DWZUa5Mzf2BwzpHtgbHPY,Circles,68,2024-04-06T07:10:00Z
Aditya Rikhari,Samjho Na,1d5lpW3gUyq537iuyrb9Lf,Samjho Na,74,2024-04-06T07:10:00Z
Harry Styles,Falling,1ZMiCix7XSAbfAJlEZWMCp,Fine Line,78,2024-04-06T07:10:00Z
"Joyner Lucas, Jelly Roll",Best For Me,3rZgLwQOX9N2up8JQhKi61,Best For Me,53,2024-04-05T09:36:47Z
Ellie Goulding,Love Goes On,2EnVsBK64fNdjKaKBV2rgL,Higher Than Heaven (Deluxe),32,2024-04-04T19:24:00Z
Sia,Chandelier,4VrWlk8IQxevMvERoX08iC,1000 Forms Of Fear,79,2024-04-04T09:41:06Z
Taylor Swift,Delicate,6NFyWDv5CjfwuzoCkw47Xf,reputation,78,2024-04-03T10:04:21Z
"cykim, justin",stars burn out,2gHqZLWUSnUiM0pFgVQKl4,stars burn out,19,2024-04-02T18:32:59Z
"Javed-Mohsin, Arijit Singh, Shreya Ghoshal, Kunaal Vermaa, Prashant Ingole",Pal,5G7pZ8G8NFvS1MQ9H4L7dC,Pal,67,2024-04-02T18:32:59Z
Sam Smith,Diamonds - Acoustic,4y8OZW2dyWRobsi2w0C64W,Diamonds (Acoustic),37,2024-04-02T18:32:59Z
Alisha Chinai,Dil Ko Hazar Bar,3EvoHAdOBB6dsPpJrZI61W,Murder (Original Motion Picture Soundtrack),0,2024-04-01T08:57:29Z
Orebolo,Ship of Fools,6glIU13z86ekJYrAe01hjq,Volume I,21,2024-03-31T13:20:35Z
Ankit Tiwari,Imaan Tu,3guHC6Al2Pcn7cal7EXFCc,Imaan Tu,28,2024-03-31T08:20:36Z
Sachet Tandon,Maiyya Mainu,3ygfdwvBJ2Y5XhJiiHFFZE,Jersey (Original Motion Picture Soundtrack),72,2024-03-31T08:20:36Z
"Anu Malik, K. S. Chithra",Raat Ka Nasha,4gjFNGQ0BodNqiOAOAOMSW,Asoka (Original Motion Picture Soundtrack),50,2024-03-31T08:20:36Z
"Vishal Mishra, Arijit Singh, Nikhita Gandhi, Irshad Kamil","Mast Malang Jhoom - From ""Bade Miyan Chote Miyan""",3Z1Fkfep13G4dtOWT26bSs,"Mast Malang Jhoom (From ""Bade Miyan Chote Miyan"")",42,2024-03-31T08:20:36Z
Dua Lipa,Be the One,59S1fNr3BzJLwE8R5E5uOZ,TOP HITS 2024,19,2024-03-29T20:01:42Z
Sandra N.,Enigma,1pSKtUFw7H2NitUyzIvKh7,Enigma,35,2024-03-29T20:01:42Z
Miley Cyrus,Midnight Sky,4i2qxFEVVUi8yOYoxB8TCX,Plastic Hearts,68,2024-03-29T20:01:42Z
"WATTS, Khalid",Feels (feat. Khalid),6LZ9FO9UsGIcTKbShnfNsG,Feels (feat. Khalid),43,2024-03-29T20:01:42Z
Sparrow Sleeps,Hollywood's Bleeding,5C8MixlOZZdkEt09kBG5Ta,Hollywood's Sleeping: Lullaby covers of Post Malone songs,9,2024-03-29T07:34:44Z
Sam Smith,Lose You,00I5NjPGm836J2MQmYxhs9,Gloria,48,2024-03-29T07:34:44Z
"Sam Smith, Burna Boy",My Oasis (feat. Burna Boy),2KoHxhRyWxJzA0VafWd5Nk,My Oasis (feat. Burna Boy),52,2024-03-27T08:45:33Z
Dua Lipa,Training Season,6Qb7YsAqH4wWFUMbGsCpap,Training Season,75,2024-03-27T08:45:33Z
"Diljit Dosanjh, Alka Yagnik, Ila Arun, IP Singh, Akshay & IP","Choli Ke Peeche (From ""Crew"")",1ErMeReQpwGuroEk5zekr3,"Choli Ke Peeche (From ""Crew"")",70,2024-03-27T08:45:33Z
Ayaz Erdoğan,Sen de Yan,7MBrOtwnuGd6rqBX9oaRwK,Sen de Yan,53,2024-03-27T08:45:33Z
Lil Freksh,Dime,0IV1j7fZuOAju77TrFxtDd,Dime,0,2024-03-26T08:37:58Z
Arham Chaudhry,HUMNAVA,5dv8Z2Khl9G2hPuZr9qocT,HUMNAVA,32,2024-03-26T08:37:58Z
"Maroon 5, Megan Thee Stallion",Beautiful Mistakes (feat. Megan Thee Stallion),5zFglKYiknIxks8geR8rcL,JORDI (Deluxe),74,2024-03-26T08:37:58Z
"Sleepy Hallow, Doechii",A N X I E T Y (feat. Doechii),3FjK86616FbluOfTxNK2gY,Boy Meets World,69,2024-03-26T08:37:58Z
Pink Sweat$,At My Worst,0ri0Han4IRJhzvERHOZTMr,The Prelude,65,2024-03-26T08:37:58Z
"Tayc, Shreya Ghoshal, Rajat Nagpal, Jacqueline Fernandez",Yimmy Yimmy,4dvfxZKehPxpz3UZ7A5Fni,Yimmy Yimmy,61,2024-03-26T08:37:58Z
Jeremy Zucker,comethru,18uwL0vNUanqZH0ro2QcOP,"summer,",72,2024-03-26T08:37:58Z
Sonu Nigam,Ek Bewafaa Hai,1PL4f0FhA8SW79C4h5mWM2,Bewafaa (Original Motion Picture Soundtrack),44,2024-03-26T08:37:58Z
Arham Chaudhry,TALASH,3C9mzRW97XZ2iY9yu6fqlF,TALASH,25,2024-03-24T18:24:15Z
"Hassan & Roshaan, Tahseen Sakina, SAQIB ALI KHAN",Talash,6R252JdZpZgJtPVAbdF4hr,Talash,0,2024-03-24T08:05:44Z
Dennis Lloyd,Nevermind,63SevszngYpZOwf63o61K4,Nevermind,73,2024-03-24T08:05:44Z
"Alok, Zeeba, Bruno Martini",Hear Me Now,39cmB3ZoTOLwOTq7tMNqKa,Hear Me Now (feat. Zeeba),72,2024-03-24T08:05:44Z
"Billy X, derwaish",B2B,4xGUCsh4QcIlV92W1D94ES,B2B,0,2024-03-23T08:01:23Z
Party Tyme Karaoke,ily (i love you baby) [Made Popular By Surf Mesa ft. Emilee] [Instrumental Version],5OwTuGi5Df2kqFIy4piFEx,Party Tyme Karaoke - Instrumentals 14,0,2024-03-23T08:01:23Z
"Faheem Abdullah, Rauhan Malik, Amir Ameer","Ishq - From ""Lost;Found""",7hDoxkN20lLb06zifzYnD2,"Ishq (From ""Lost;Found"")",74,2024-03-23T08:01:23Z
Ayaz Erdoğan,Gülüm,6govM0BbZcO4GAGXStZFXj,Gülüm,55,2024-03-23T08:01:23Z
Ima Africana,Ma Nsit,1mbJCdNLr8F1er9KxKJSs4,Ma Nsit,2,2024-03-23T08:01:23Z
Jane XØ,Hard to Forget,7l6q62nz8OjlVJ5HvYkjqZ,Hard to Forget - EP,30,2024-03-22T12:08:30Z
¿Téo?,In the Essence,0MhxLAfnXrgKqL9V7VAaj4,In the Essence,36,2024-03-22T10:08:31Z
Box of Beats,M.I.A,7lSIyPbseanTUcjgaxilVn,M.I.A,9,2024-03-22T10:08:31Z
Libianca,People,26b3oVLrRUaaybJulow9kz,People,77,2024-03-22T10:08:31Z
emawk,WORDS,2jZZitSsMRceDXxmEKRD0o,MEADOW LAKE DEMOS,25,2024-03-22T10:08:31Z
ZAYN,What I Am,7qZuRt0v6zox5gMAMCls5M,What I Am,50,2024-03-22T07:08:31Z
"Jokhay, Danish Roomi, Shareh, Nabeel Akbar",Talaash,35vBwrbzyMywyLbixiZ3bJ,Talaash,0,2024-03-21T14:58:42Z
Mitraz,Na Bhoolna Tu,1j0SHuKw7ZNBgQmfPUGz2h,Na Bhoolna Tu,29,2024-03-21T14:58:42Z
Mitraz,Faasle,062qBUvFovfFuiDSo7LUVH,Faasle,37,2024-03-21T14:58:42Z
"R3HAB, VIZE, JP Cooper",Jet Plane,71uN50XgLYyAJaSXr0TNsY,Jet Plane (with VIZE & JP Cooper),46,2024-03-20T16:00:35Z
"Amit Trivedi, Harshdeep Kaur, Jazim Sharma, Sinista","Grey Wala Shade (From ""Manmarziyaan"") - Lofi Mix",6UBjpqvS4xVw4OdSVlgcQu,"Grey Walaa Shade (From ""Manmarziyaan"") [Lofi Mix]",11,2024-03-19T19:54:58Z
"Yashraj Mukhate, Jasleen Royal, Amit Trivedi",Mann Dhaaga,5JPWH4s8MuHymY00XBBVLH,Mann Dhaaga,36,2024-03-19T19:54:58Z
Sush & Yohan Music,Love Me Like You Do,6Lnxb3Ygo02Q1Fmki4MAke,Love Me Like You Do,0,2024-03-19T19:54:58Z
"Aman Pant, Akhil Tiwari","Bhatka Hua Dil - From ""Sergeant""",5zUSRqJjjVJwaPlmPT5onm,"Bhatka Hua Dil (From ""Sergeant"")",3,2024-03-19T19:54:58Z
"Elton John, Dua Lipa, PNAU",Cold Heart - PNAU Remix,6zSpb8dQRaw0M1dK8PBwQz,Cold Heart (PNAU Remix),79,2024-03-19T17:44:29Z
Mitraz,Tera Jadu,3lEat1NuJF0UTwmjLXjjPl,Four-Zero,14,2024-03-19T07:54:56Z
"Shashwat Sachdev, Anumita Nadesan",Baaton Baaton Main,764XnzLSpfB7VSMkKywfMB,Baaton Baaton Main,40,2024-03-18T07:19:27Z
"The Snowy Hill Singers, Vincent Vega",Christmas Time In LA,60KAVfE9HD9SOpStViRPy5,Christmas In L.A,26,2024-03-18T07:19:27Z
Ash Kim,UNREQUITED,4VOAJIf3GCQOpLfq0VHJff,INTRO / UNREQUITED,0,2024-03-18T07:19:27Z
"Sachin-Jigar, Simran Choudhary, The Rish, Varun Jain","Yaad Aave - From ""Murder Mubarak""",6o97yVHRsR19MSVEvxkcEA,"Yaad Aave (From ""Murder Mubarak"")",32,2024-03-16T07:18:29Z
"Jatin-Lalit, Shaan, Kailash Kher, Prasoon Joshi",Chand Sifarish - LoFi Mix,1trCnMo3UMcSgpqdYyccky,Chand Sifarish - LoFi Mix,38,2024-03-15T14:30:57Z
"Nimbu Nites, Rohith Pai Kasturi",Husn x Tune Jo Na Kaha,6iCMKKffaAI0Wl840ZxcHP,Husn x Tune Jo Na Kaha,0,2024-03-15T08:30:57Z
Mitraz,O Re Saavan,5EXcMk9ZlC5UlDU4jSZsm1,O Re Saavan,42,2024-03-15T08:30:57Z
Wild Out,Dirt - Original Mix,1QXUULxTOVaKA2zMhBDtGS,Best Releases 001-099,0,2024-03-12T12:07:49Z
INNA,Oh My God,7osGopqc6yUWHMEERUYFFB,Oh My God,45,2024-03-12T12:07:49Z
"Talwiinder, NDS",Khoya,7ar8pQ0KHpwDUfWJAO3whT,Khoya,44,2024-03-12T12:07:49Z
Ace of Base,All That She Wants,6kWJvPfC4DgUpRsXKNa9z9,The Sign,78,2024-03-12T12:07:49Z
Rola Kadri,Samahtak,6TbVFnyXgZPfaR4fzJ27Zx,The Love Rola,0,2024-03-12T12:07:49Z
Emmit Fenn,Control,02VX51QXZlZcubvkm5mQGg,The Last Dance,64,2024-03-12T12:07:49Z
"Ömer Bükülmezoğlu, Pette Bella",Nure - Pette Bella Remix,52RliHxN9o9EsJujPrGsDV,Nure (Pette Bella Remix),39,2024-03-12T12:07:49Z
"Hijazi, Noel Kharman",Enta Omry - Remix 2022,25fyr0qieh9nz00Lbld8IQ,Enta Omry (Remix 2022),43,2024-03-11T15:49:31Z
Sushant KC,Parkha Na,4zdOY2zRsFjG2B8OMH17sJ,Parkha Na,56,2024-03-11T15:49:31Z
"O.B.F, Tippa Irie",I'm An African (feat. Tippa Irie),3NpfjsdChwfcYTzNSAEpIs,SIGNZ,0,2024-03-11T15:49:31Z
"Pritam, KK","Mat Aazma Re (From ""Murder 3"")",3lBEn6Lt3NeZvCfIxqFez7,Yours Truly Pritam,19,2024-03-09T07:56:58Z
Santino Le Saint,Loaded,4ArHHPZihdzwOPNUDv9bw5,Rage of Angels,24,2024-03-09T07:56:58Z
"L.Dre, Lofi Afrobeats",Ma Sunshine,3dBOdIMoyVW8EuTzn83D7u,Ma Sunshine,35,2024-03-07T08:21:46Z
Rainshow,In My Dreams,5oONZ3IVcGUiVPxDdRSOYo,In My Dreams,26,2024-03-06T15:40:55Z
"TommyMuzzic, ZeddMusique",Animals x Starboy (slowed to perfection) - TikTok Remix,7vdzuLjU72cYkMVOHUBRkg,Animals x Starboy (Ian Asher TikTok Remix),1,2024-03-06T08:40:54Z
"KARLA, Monoir",Lonely,3FYoi47kfyLEkTaq70sfT8,Lonely,39,2024-03-05T07:07:06Z
Hassan & Roshaan,Doobne De (Reprise),3sa7RXHb5A9ChYWAVBkEdV,Chaar Dinon Ka Khwaab,0,2024-03-05T07:07:06Z
"AbdülHamid, Aziza Qobilova",Nasini El Dunya,0gQBMBiXVs73jGkuOJpKxN,Nasini El Dunya,15,2024-03-04T13:39:42Z
"Serena, Gritty",Safari - Gritty Remix,2AnMndnV7XFk3VuuCPy6Zk,Safari (Gritty Remix),48,2024-03-04T11:39:43Z
"Ali Saber, DJ Aseel",Sawaha (Remix),5UiohuCo8YVYjCXXDF6tar,Sawaha (Remix),32,2024-03-04T11:39:43Z
Jay Aliyev,Together (Sped Up + Reverb),45HQxIMGMo8nqbSjSoL53E,Together (Sped Up + Reverb),10,2024-03-04T11:39:43Z
Alan Walker,Faded,698ItKASDavgwZ3WjaWjtz,Different World,79,2024-03-04T11:39:43Z
"Amit Trivedi, Kavita Seth, Amitabh Bhattacharya",Iktara,3jtKSUiVDowKNBqVQbWaig,Wake Up Sid (Original Motion Picture Soundtrack),46,2024-03-04T10:39:42Z
Ömer Balık,MIDNIGHT TROUBLES Slowed,3QF4LJEUuG2ZcWppA5IxTf,MIDNIGHT TROUBLES Slowed,27,2024-03-02T09:35:00Z
"Unseen., Khaled Abdrabo, LEMMiNO",Infinity - Original Mix,595qdEWTqCq1r5gtpof3UY,Infinity,7,2024-03-02T09:35:00Z
MARCUS,СЕНЬОРИТА,4T1BQcJBsPiCSamTAvQwbi,СЕНЬОРИТА,2,2024-03-02T09:35:00Z
"Xan Griffin, WOLFE",Capricorn,5QjnXYGQ6YnIQfhEQHSujx,Capricorn,12,2024-03-02T09:35:00Z
"Natalia Lafourcade, Los Macorinos",Tú Sí Sabes Quererme (feat. Los Macorinos),6p3yxt0uJJshAS3CT0znQg,"Musas (Un Homenaje al Folclore Latinoamericano en Manos de Los Macorinos, Vol. 1)",62,2024-03-02T09:35:00Z
"DJ Dudah, MC Vuiziki, MC Da 12",MONTAGEM - MELODIA ENVOLVENTE 4,0dQZTgDVjsQfrp7VCTQqYm,MONTAGEM - MELODIA ENVOLVENTE 4 (Remixes),62,2024-03-02T09:35:00Z
Evan Band,Alijenab,48H1jR0IiawjRU3QnzloSB,Alijenab,37,2024-03-02T09:35:00Z
"Kamiyada+, Dutchman",I Need To Medicate,7nMiX2nHi1B7ZsrmchuYHP,Pain Pulse & Energy,20,2024-03-02T09:35:00Z
ETOLUBOV,Притяжение - Official remix,7ygUvFDWe7edOaZPpBIcNh,Притяжение (Official remix),44,2024-03-01T06:55:49Z
Lord Huron,The Night We Met,3hRV0jL3vUpRrcy398teAU,Strange Trails,88,2024-03-01T06:55:49Z
Ömer Balık,Coffee Blues,1xlXvK3CtEGFttrOPijgCS,Coffee Blues,49,2024-03-01T06:55:49Z
"Rovalio, Annural Khalid",Sohneya Ve,28MAwybE4MXTrCXegBgTCM,Sohneya Ve,31,2024-02-29T17:19:50Z
"Talwiinder, Vylom",Tera Saath,1Ba0n7Acuz2lOEw1XBdMZP,Tera Saath,54,2024-02-29T17:19:50Z
Desiigner,Panda,5YEOzOojehCqxGQCcQiyR4,New English,65,2024-02-29T08:48:06Z
"Low G, Anh Phan, bbno$",pho real,0OIed6UFpfT2nW4BffD7Js,pho real,47,2024-02-29T08:48:06Z
Wajid Layaq,Naray Baraan De,6K65Xq06yIbhGcfpU3tpft,Naray Baraan De,31,2024-02-28T14:47:40Z
Nabeel Shaukat,Yaariyan (Original Score),6r9zKdZmZICTLeLSNb4S6v,Yaariyan (Original Score),37,2024-02-28T14:47:40Z
Ali Zafar,Pehli Si Muhabbat - Unplugged,22m3Z77xjdWc2atCyDJtLa,Pehli Si Muhabbat (Unplugged),33,2024-02-28T14:47:40Z
"Soch the Band, Rabi Ahmed, Adnan Dhool",Saddiyan,0qoORzqrSxpIvREz58ugkW,Saddiyan,26,2024-02-28T07:47:39Z
"Baaghi, Jassi X",leave It,3xqNmUf0xzmWQQ0yZKlS3U,Leave It,39,2024-02-27T17:53:14Z
"Zack Knight, Jasmin Walia",Bom Diggy,0O7jVsX1Sp98fV3802ccjY,Bom Diggy - Single,53,2024-02-26T14:51:35Z
NECHAEV,Она моё всё,0z35wGIgW3imMIUR6SIzWL,Она моё всё,51,2024-02-25T14:51:13Z
Hüseyin Bitmez,Rodrigo Guitar Concerto,5VWf6sn5kZB79B9TgcRE8q,Beyazperde (En Sevilen Film Müzikleri),18,2024-02-25T08:51:14Z
Fares Arnous,Gülümcan Guitar Music,15toATlCEaB0emIxYxHDWm,Gülümcan Guitar Music,26,2024-02-25T08:51:14Z
"Talwiinder, TMDA",Jaam,62qoAAMdorfvejEWvQ9Liq,Jaam,36,2024-02-24T14:00:06Z
CKay,Love Nwantiti (Acoustic Version),450u5gGMGwQXmtLSR7AN2s,Love Nwantiti (Acoustic Version),50,2024-02-24T14:00:06Z
Mitraz,Nadiyon Sa,5sHtSBMrHITVhXAGTAee1J,Nadiyon Sa,54,2024-02-24T14:00:06Z
Justh,Chor,0FCe2NhPWKiSTAipf0lOAT,Chor,0,2024-02-24T14:00:06Z
AUR,Shikayat,7e2dvR0ySx1bBJRDxVJiG1,Shikayat,67,2024-02-24T14:00:06Z
Nandini Srikar,Bhare Naina,2UsYQNgpG5tjcDoq8Yg0Nl,Ra-One,54,2024-02-24T14:00:06Z
Kyle Coulahan,Careful What You Pray For,1Pc44ezqsg2xVFGVrd5cfO,Careful What You Pray For,26,2024-02-24T14:00:06Z
"Arpit Bala, A.O.D., Bhappa, D-0",Gulabo,4aHSHm7sDkRWID61giQ3l3,Gulabo,41,2024-02-23T08:37:31Z
Raja Kang,Ragra,5f4xE5bv0Oxizz60UC8CQr,Ragra,35,2024-02-23T08:37:31Z
"Hardwell, Olly James",Seduction,47JBICKenLcZ2mukYVxDXx,The Seduction EP,42,2024-02-23T08:37:31Z
"Badshah, Asees Kaur, Jubin Nautiyal","Akh Lad Jaave (From ""Loveyatri - A Journey Of Love"")",5IMFa8ISmcse5yITzrGgJo,Badshah Party Hits,59,2024-02-23T08:37:31Z
"Rashmeet Kaur, Ikka, Rusha & Blizza",Haye Ri Duniya,2u3wzNYLIR1YGUREGc9dXJ,KAURA (Aura Of Kaur),32,2024-02-23T08:37:31Z
"Karan Kanchan, Rashmeet Kaur, Yashraj","Ishq Nachaawe - From ""Kho Gaye Hum Kahan""",4lQzrLcNfjm1fqBpQmbHG6,Kho Gaye Hum Kahan (Original Motion Picture Soundtrack),59,2024-02-23T08:37:31Z
"DIVINE, Karan Aujla",Hisaab,1yRBYvgibg7JVS6uGvbDGU,Street Dreams,51,2024-02-23T08:37:31Z
"Aashir Wajahat, NAYEL, Nehaal Naseem",Sadqay,2lX53kXvYnvpV8Vqfe4S7s,Sadqay,66,2024-02-23T08:37:31Z
"Taha Hussain, JJ47, danish roomi, superdupersultan",Talkh,2QiYpS1oIuKD27pIDRaAgt,Talkh,8,2024-02-23T08:37:31Z
Winona Oak,SHE,2OvatSTHbdCybDA0o93mPo,SHE,37,2024-02-23T08:37:31Z
"Post Malone, Halsey, Future",Die For Me (feat. Future & Halsey),2C6WXnmZ66tHhHlnvwePiK,Hollywood's Bleeding,65,2024-02-22T12:56:58Z
"The Weeknd, Playboi Carti, Madonna",Popular (with Playboi Carti & Madonna) - From The Idol Vol. 1 (Music from the HBO Original Series),6WzRpISELf3YglGAh7TXcG,Popular (Music from the HBO Original Series),82,2024-02-22T09:56:58Z
Travis Scott,I KNOW ?,6wsqVwoiVH2kde4k4KKAFU,UTOPIA,81,2024-02-21T19:36:59Z
Tito & Tarantula,After Dark - 2015 Remaster,6CvoLme4xu7hBmZi79rvR2,Tarantism (2015 Remaster),53,2024-02-21T08:50:15Z
Travis Scott,THANK GOD,1PH2MDbcBAU094DlgTIND1,UTOPIA,71,2024-02-21T08:50:15Z
The Handsome Family,Far From Any Road,3LDkLpuxQlEuEiZmkxpr8S,Singing Bones,61,2024-02-21T08:50:15Z
"Winona Oak, Robin Schulz",Oxygen,64ouROglsBxfd84TpVlPQZ,Oxygen,42,2024-02-21T08:50:15Z
Ash,Worlds Apart,1jEy4S0PriJSPxBIc7XreS,Worlds Apart,50,2024-02-21T08:50:15Z
"Alan Walker, Sasha Alex Sloan",Hero,1rBTBbtkJlSDk78gg8Dw9F,Hero,61,2024-02-20T16:34:20Z
"Diplo, Miguel",Don't Forget My Love,22pjmqZq2oTZtEThEt66Zn,Diplo,55,2024-02-20T16:34:20Z
Coldplay,Hymn for the Weekend,3RiPr603aXAoi4GHyXx0uy,A Head Full of Dreams,80,2024-02-20T08:34:18Z
"Rob $tone, J. Davi$, J Spooks",Chill Bill (feat. J. Davi$ & Spooks),5uDASfU19gDxSjW8cnCaBp,Chill Bill (feat. J. Davi$ & Spooks),74,2024-02-18T10:25:04Z
Stromae,Formidable,2AMysGXOe0zzZJMtH3Nizb,racine carrée,70,2024-02-18T10:25:04Z
"Metro Boomin, Travis Scott, 21 Savage",Niagara Falls (Foot or 2) [with Travis Scott & 21 Savage],4WuOWVnAqvEQxgSRrspBgt,HEROES & VILLAINS,73,2024-02-18T10:25:04Z
"Metro Boomin, Travis Scott, Future",Lock On Me (with Travis Scott & Future),0OoNzMdPSgbkM5MkcuEZfm,HEROES & VILLAINS,61,2024-02-18T10:25:04Z
"Drake, Rick Ross",Money In The Grave (Drake ft. Rick Ross),5ry2OE6R2zPQFDO85XkgRb,The Best In The World Pack,72,2024-02-16T08:28:04Z
Beautiful Chorus,I Release,7xewpeuDNR2kuvPGdR68tX,Wheels of Light,30,2024-02-16T08:28:04Z
Modern Talking,Cheri Cheri Lady - New Version,2vbJUtO8SZ0nZn5qwRAo3v,Back For Good,53,2024-02-15T14:01:22Z
JOY,Hello,3cGp1jXxLReLKz7QgVbWZR,Hello - Special Album,56,2024-02-15T11:01:21Z
"Metro Boomin, Nas",Nas Morales (Metro Boomin & Nas),4mTKCa00WAZS2ag4GYwu0t,METRO BOOMIN PRESENTS SPIDER-MAN: ACROSS THE SPIDER-VERSE (SOUNDTRACK FROM AND INSPIRED BY THE MOTION PICTURE),53,2024-02-15T09:01:22Z
"21 Savage, Travis Scott, Metro Boomin",née-nah,6TdFkofgTvN0WfnWFmh4a6,née-nah,61,2024-02-15T09:01:22Z
"Mithoon, Arijit Singh","Aashiqui Aa Gayi(From ""Radhe Shyam"")",7I6mwEFQwpTu5ciVZWFpd4,"Aashiqui Aa Gayi (From ""Radhe Shyam"")",50,2024-02-14T18:14:13Z
Bad Boys Blue,Gimme Gimme Your Lovin',0PxNVpoqFgRsOdh9wyvQU4,Bad Boys Best,0,2024-02-14T12:04:51Z
"OAFF, somanshu, The Rish, Lisa Mishra",Bahaane,7eQBzDRjBJ2bCkRKxNPbXm,Bahaane,29,2024-02-14T10:04:55Z
"Tanishk Bagchi, Vishal Mishra, Shilpa Rao","Jeena Haraam (From ""Crakk - Jeetegaa Toh Jiyegaa"")",0bp2qIPuKP1mIGKIaJhl23,"Jeena Haraam (From ""Crakk - Jeetegaa Toh Jiyegaa"")",57,2024-02-14T10:04:55Z
Joji,YUKON (INTERLUDE),5IPl8JpkbtSH1mdyq5ctSx,SMITHEREENS,50,2024-02-14T10:04:55Z
"Mithoon, Arijit Singh",Aashiqui Aa Gayi,7Bnc9gWHdjZAmjSuTY42CJ,Radhe Shyam,48,2024-02-14T10:04:55Z
"Talwiinder, Rish",Jaqeen,1nJy3ZevNvqBOZcBaS7Wnc,Jaqeen,46,2024-02-14T10:04:55Z
Olabayo,Bella,68mEjM9BhY8FP8YzN9kzDb,Bella,18,2024-02-14T10:04:55Z
"Zerb, Tiësto, Sofiya Nzau",Mwaki - Tiësto's VIP Mix,3bYSuNFC8UqtpTRKBcDtZf,Mwaki (Tiësto's VIP Mix),66,2024-02-14T10:04:55Z
MC STAN,Ek Din Pyaar - Tadipaar,0UOSRkaaoRFgKJCvi0QQan,Ek Din Pyaar (Tadipaar),46,2024-02-14T10:04:55Z
"Arijit Singh, Chinmayi",Mast Magan,3uL1IBFhg52VcQqOwAG01E,2 States,67,2024-02-14T10:04:55Z
"Sez on the Beat, yungsta, Dakait, Aniket Raturi",Chaand Paar,36rgGqQ4ggNfWX8opGSyyI,Chaand Paar,26,2024-02-14T10:04:55Z
Dino James,Nidarr,1KSfUcxcdYJsdaPsbpmPRD,Nidarr,49,2024-02-14T10:04:55Z
Sofi Tukker,Drinkee,5TBsLU9TSxjDLzMpsEgJsv,Drinkee,57,2024-02-14T10:04:55Z
"Tiësto, Dzeko, Preme, Post Malone",Jackie Chan,4vvnuJlgBeNVwq3TNmLMNX,The London Sessions,62,2024-02-14T10:04:55Z
"Mitraz, Arooh",Khwahish - Trending Version,2PCkD2ZI7zf0LOWdH2gNz5,Khwahish (Trending Version),22,2024-02-13T09:29:53Z
Mitraz,Chadya,3b3Gc1DXAeIkTigAM1V4r8,Chadya,29,2024-02-12T14:56:15Z
Arooh,Apna Banale,4Kns3b6eRQCozxygReMe40,Apna Banale,36,2024-02-12T14:56:15Z
"Dybbukk, Domingo Morales",I'm Only a Fool for You,5yfnAsPrvrjiLOhWFycNP4,I'm Only a Fool for You,65,2024-02-11T13:02:20Z
The Neighbourhood,Softcore,2K7xn816oNHJZ0aVqdQsha,Hard To Imagine The Neighbourhood Ever Changing,84,2024-02-11T13:02:10Z
Shaho Rear Najim Joy,Iraaday (Acoustic Cover) - cover,5OEv1dInj4AB82FPafS5U4,Iraaday (Acoustic Cover) [cover],8,2024-02-10T13:05:18Z
"danish roomi, Raffey Anwar",Mil hi lou,2LYuuZsLemlCb7eQ4Qo8bb,Mil hi lou,30,2024-02-10T13:05:18Z
danish roomi,Tum hi tum,4bpQ8zlScKPlRMIuooqUZ0,Tum hi tum,20,2024-02-10T13:05:18Z
Rauf & Faik,Я люблю тебя,01bfGEk9QAfTky6HqqpWR9,Я люблю тебя,59,2024-02-10T13:05:18Z
Rauf & Faik,я люблю тебя давно,7xDG0n0W0AV7oryFZes8rF,я люблю тебя давно,59,2024-02-10T13:05:18Z
"Shivoryx, Ronit Vinta",Woh Raat,52lObaMpTZyYt2aACIkBmC,Woh Raat,51,2024-02-09T10:49:38Z
"danish roomi, Zoha Zuberi","same day, same place",7AQ59NZNxED7Ee8ZuBNQ8a,"same day, same place",12,2024-02-09T10:49:38Z
"danish roomi, Raffey Anwar",Always into you,38x25A2YUR1ihIpQrb93R1,Always into you,32,2024-02-09T10:49:38Z
Sting,Shape Of My Heart,6CKoWCWAqEVWVjpeoJXyNH,Ten Summoner's Tales,73,2024-02-09T10:49:38Z
Mitraz,Khayaal,12PHFzKIzHTZMFEZt6ljbp,Zehen,51,2024-02-09T10:49:38Z
"Harjas Harjaayi, Cherish Banhotra, Sshiv",Roothe Roothe,1QluRLVC5C3ElEOqYDVnPi,X,15,2024-02-09T10:49:38Z
Mitraz,Kalla Ve,5JRcCvCyXLEH5pUClfKf34,Kalla Ve,31,2024-02-08T14:42:43Z
Atif Aslam,"Dekhte Dekhte (From ""Batti Gul Meter Chalu"")",5r0ZVUKEmqqo0bfW8p9wK7,Bollywood Heartbreak Songs,44,2024-02-08T09:42:42Z
Darshan Raval,Mahiye Jinna Sohna,2ncqKdTj6dz7tWoTMMrAtq,Mahiye Jinna Sohna,65,2024-02-08T09:42:42Z
Guru Randhawa,"Ban Ja Rani (From ""Tumhari Sulu"")",7cQtGVoPCK9DlspeYjdHOA,High Rated Gabru - Guru Randhawa,57,2024-02-08T09:42:42Z
Michael Bublé,Sway,2ajUl8lBLAXOXNpG4NEPMz,Michael Bublé,72,2024-02-05T16:16:10Z
FAVE,Baby Riddim,77eZIuMTB9HrQ86L4ljqEX,Baby Riddim,63,2024-02-05T16:16:10Z
Naïka,Ride,1WCsEbnaJ0yKNQCETD2ruC,Ride,34,2024-02-05T09:16:08Z
"Dino James, Nikhita Gandhi",Arambol,1Ew6mq1hRg410eE3uO9op7,D,26,2024-02-04T21:11:27Z
Usman Ginting,Guntar,2bcy44NwMmE96AFNuc8iTr,Guntar,34,2024-02-04T15:50:29Z
"Pritam, Anupam Amod",Saude Bazi,4SGytwdo11Y5WYtnc29XTI,Aakrosh,52,2024-02-04T08:42:44Z
Naïka,1+1,3WID8m6M9eEQ1w1k486vMc,1+1,61,2024-02-04T08:42:44Z
Anuv Jain,Alag Aasmaan,3bQsp4Vr9Rg4fNCx6HPOgX,Alag Aasmaan,71,2024-02-03T13:25:52Z
"Arijit Singh, Shreya Ghoshal","Raat Bhar (From ""Heropanti"")",6s36KDFgCWW4lqDJ0njm7p,Groove With Arijit Singh,54,2024-02-02T16:55:46Z
Arijit Singh,Naina Banjare,5uYQ7Xidxe20DBvJHYspZH,Pataakha (Original Motion Picture Soundtrack),37,2024-02-02T08:19:34Z
"LittleKings, Kalkovich, Keys & Copper, Zoë Low",This Is The Life - Keys & Copper Remix,1YSZOkq0oCHqUTeSWNti6p,This Is The Life (Keys & Copper Remix),44,2024-02-02T08:19:34Z
Ömer Balık,Melancholy Groove,1zbyLVP73lFJqKQw3H4MfY,Melancholy Groove,46,2024-02-01T13:46:05Z
FAST BOY,Good Life,09rcsC6M15EZPbCVmrqUYK,Good Life,55,2024-02-01T13:46:05Z
Nu Aspect,Sinner,1WumDA51R5dHvmRVhmoP6t,Sinner,59,2024-02-01T08:46:05Z
AnnenMayKantereit,Jenny Jenny,0gXHJarUwEMQjpFeS4QMMO,Schlagschatten,50,2024-01-31T10:03:17Z
"JJ47, Jokhay",Unwaan,4ErIcYYKqN9nDePII3El74,Talk To You Later,30,2024-01-30T15:04:12Z
"JANI, Talhah Yunus, Jokhay, Umair",Owe Me A Life,0HvwZ15uZLyyvsnu5Scqma,Lostalgia,39,2024-01-30T15:04:12Z
"JJ47, Jokhay",Parday,1M8JqGqLdXn01TWtgaq0nq,Talk To You Later,25,2024-01-30T12:04:11Z
MK xyz,Baddie,64cHs4MX20D7ExGWQyZHLd,Baddie,30,2024-01-30T11:04:11Z
"Roze Don, Countree Hype",Unch It,5AIHOHPm7rTI9YMysWwwTt,Unch It,29,2024-01-29T09:27:52Z
Zawanbeats,Majesty Azeribaijan,0v3uBfs1LZt8mfmj0kBJMa,Majesty Azeribaijan,33,2024-01-29T08:07:02Z
Skeng,Gvnman Shift,4y0AUgG6XhQac3a6Li93QU,Gvnman Shift,50,2024-01-28T10:40:25Z
R.E.M.,Near Wild Heaven,378HOooPNo6LRIfVHb15nW,Out Of Time (25th Anniversary Edition),49,2024-01-28T10:40:25Z
Thomas Austin,LOVE IS WAR,2afzOWMNGCFPklVFu6Ex8c,LOVE IS WAR,24,2024-01-27T09:51:19Z
"cassö, RAYE, D-Block Europe",Prada,59NraMJsLaMCVtwXTSia8i,Prada,82,2024-01-27T09:51:19Z
"David Guetta, Kim Petras, BENNETT",When We Were Young (The Logical Song) - BENNETT Remix,4zUMK17iTUdds8IbSPmUiR,When We Were Young (The Logical Song) [BENNETT Remix],46,2024-01-27T09:51:19Z
Kaifi Khalil,Jurmana,76pWGIqdI2d7X4MmoUT4L5,Jurmana,49,2024-01-26T13:02:40Z
"Pritam, Arijit Singh, Antara Mitra","Raat Akeli Thi (From ""Merry Christmas"")",4sKISeqmcPixT0rim339VH,"Raat Akeli Thi (From ""Merry Christmas"")",53,2024-01-26T08:02:41Z
Post Malone,Chemical,5w40ZYhbBMAlHYNDaVJIUu,Chemical,74,2024-01-26T08:02:41Z
"R3HAB, INNA, Sash!",Rock My Body,6pb5DtlAeG95dNQLHiArRU,Rock My Body (with INNA & Sash!),74,2024-01-25T14:46:10Z
"Calvin Harris, Sam Smith",Desire (with Sam Smith),22dUzMFttcR3uU17NcOAIv,Desire (with Sam Smith),71,2024-01-25T14:46:10Z
"Bharg, Chaar Diwaari",Roshni,2HG7HYy6d5aVAPoBNdWjs6,NIKAMMA,38,2024-01-25T09:25:52Z
"Chaar Diwaari, Sminil Agale, K. Shah, Kya.scene",Enjaay,19JgM3FZpMMw4KCPjuPm0Z,Enjaay,32,2024-01-25T09:25:52Z
G-Eazy,But A Dream,6sDCgB1Ulh7aw92mk0opyd,The Beautiful & Damned,46,2024-01-24T18:37:40Z
"FLO, Missy Elliott",Fly Girl (feat. Missy Elliott),2sITbbWIOeg2Lwp4WN2jqr,Fly Girl (feat. Missy Elliott),59,2024-01-24T16:07:59Z
april27,prayer1,4GCI038c3eATmIc1NwNIzs,prayer1,60,2024-01-24T16:07:59Z
Sofia Camara,Different - Acoustic,6563J7of8Q1G5jsNN2MSEc,Different (Acoustic),32,2024-01-24T16:07:59Z
Ashlee,Alone With You,7mP7xwoYd7rSXbn1KXIiBb,Alone With You,59,2024-01-24T16:07:59Z
"FENDA, Sam Shaw",Another Life,0niGntEazWUAOxnGEXeR9F,Another Life,15,2024-01-24T16:07:59Z
"Isadora, Faydee",Call Me Habibi,1mN4zR5wwO3Rk4B7FkCMG1,Call Me Habibi,24,2024-01-24T16:07:59Z
"Pritam, Arijit Singh, Shilpa Rao","Tere Hawaale (From ""Laal Singh Chaddha"")",4blqlsA1uf2d2I40E90EUC,"Tere Hawaale (From ""Laal Singh Chaddha"")",69,2024-01-24T16:07:59Z
Bad Boys Blue,You're a Woman,7J5B4k0AT8KIoV5KiUa4o7,"Hot Girls, Bad Boys",7,2024-01-24T16:07:59Z
"Vishal-Shekhar, Benny Dayal, Shilpa Rao","Sher Khul Gaye (From ""Fighter"")",2wSrI3WkYUjRqUPS7WoSY0,Non-Stop Bollywood Super - Hit Party Songs,0,2024-01-24T16:07:59Z
"Duke & Jones, Sophie Strauss",Burner,7ByrszLK5P7yrLXQwxCmSj,Burner,15,2024-01-24T16:07:59Z
Gunna,fukumean (chopped 'n screwed),6qysZmY1QOUGTkplT961nm,fukumean,46,2024-01-24T16:07:59Z
"INNA, The Victor",Dance Alone,5G8pdZq3HL2sEVi5yGsq0Z,Dance Alone,38,2024-01-24T16:07:59Z
EMELINE,cinderella's dead,5MWXOo8DJwgODtPGaietNz,cinderella's dead,67,2024-01-24T16:07:59Z
Charlotte Cardin,Meaningless,2E6QMP1mJcyD319Izd5mIK,Phoenix,43,2024-01-24T09:07:54Z
Duke & Jones,Vacancy,3jvEyHGYM7OjJoFCOMbeA2,Vacancy,11,2024-01-24T09:07:54Z
"Talha Anjum, JJ47, Talhah Yunus, Umair",Glass Half Full,3Nl8qEBZYoXUTASuCV2Mla,Open Letter,30,2024-01-23T11:18:14Z
"Pritam, Papon, Sunidhi Chauhan",Kyon,1sYC1fG7s4p0pTykrJqmgW,Barfi! (Original Motion Picture Soundtrack),62,2024-01-21T11:12:39Z
Post Malone,Wow.,7xQAfvXzm3AkraOtGPWIZg,Hollywood's Bleeding,76,2024-01-21T11:12:39Z
Charlie Puth,No More Drama,2g3afkZqrBxT9RWNSPSWa7,CHARLIE,49,2024-01-20T10:47:53Z
Suliman Khan,Leyla,2nm9tz7nTFk0hd18wOrsRN,Leyla,31,2024-01-20T08:47:53Z
Lorde,Yellow Flicker Beat,0Nf53RDPZEjFrQE4B5n6Vf,Yellow Flicker Beat (From The Hunger Games: Mockingjay Part 1),56,2024-01-20T08:47:53Z
"danish roomi, JJ47, Raffey Anwar",Riha,7LRfu4YYUmVbipSVogmKtD,Modern Day Roomi,25,2024-01-19T14:19:39Z
Caverg,Horas de Vuelo,10BAx3fmklyL32uG7ABPiM,Horas de Vuelo,0,2024-01-19T14:19:39Z
"KSHMR, yungsta, Lisa Mishra",Khoya Sab,6Vk3Q80NWiWNcwOjGYaX0V,KARAM,35,2024-01-19T09:19:39Z
AUR,Tu hai kahan,3zSSCPpLZ5Oc8nelhhGjKz,Tu hai kahan,75,2024-01-19T09:19:39Z
Armaan Malik,Ghalib Hona Hai,1PiglBfxIbnsZmTnmUMh37,Sukoon,0,2024-01-19T08:19:39Z
"Jokhay, Talha Anjum, Talhah Yunus",Me & You,5PlvEOKEO40fwk1qHXGuH0,Therapy,19,2024-01-18T15:23:50Z
"Jokhay, JJ47, Talha Anjum",Tasweer,2CMMyIYdieC1RDpxnIPeMG,Therapy,11,2024-01-18T15:23:50Z
"Jokhay, Shareh, JJ47, Talhah Yunus",Therapy,2tb3BSK1Z9s5n7YynbuAbp,Therapy,9,2024-01-18T12:42:31Z
"Seedhe Maut, Raga",Akatsuki,1Iqn110sncyGBTNEHGnhAU,Lunch Break,52,2024-01-18T09:23:50Z
The Chainsmokers,Time Bomb,5d8a5B6RlYnquvR4X4OIrX,So Far So Good,40,2024-01-17T19:38:13Z
Ruel,YOU AGAINST YOURSELF,16bUrhFWwaQNvAT6OPP4eU,4TH WALL,43,2024-01-17T13:33:10Z
Felix Cartal,Mood (Felix Cartal's Late Night Mood Mix),789GtpHOHhO8cg8BKPKG1q,Mood (Felix Cartal's Late Night Mood Mix),16,2024-01-17T13:33:10Z
"Udit Narayan, Alka Yagnik",Dil Ne Yeh Kaha Hain Dil Se,1Q9ME2mhsXqwtMszjrSl39,Dhadkan (Original Motion Picture Soundtrack),60,2024-01-17T13:33:10Z
Prod By FDB,fault,0rcYHbhhH2IeyhjiqJL0Zi,Tune In 3,0,2024-01-17T13:33:10Z
"The Chainsmokers, Emily Warren",Side Effects,0bGLvHd0ApdT4t0shCfpzG,Sick Boy,52,2024-01-17T13:33:10Z
"Juice WRLD, Eminem, benny blanco",Lace It (with Eminem & benny blanco),4qmG24ebshLXtKu9HIShBP,Lace It (with Eminem & benny blanco),67,2024-01-16T18:12:51Z
"Eva B, Ali Allahditta",Khoon Hai Karachi Ka,3V7E5Q8c3DmPosPqd2OWFU,Khoon Hai Karachi Ka,3,2024-01-16T17:12:51Z
La Ñapa,Jugando Free Fire,01Gmxo95FgRi5sGjjKOhCH,Jugando Free Fire,20,2024-01-16T09:12:53Z
"Ikyy Pahlevii, Andri Ansar",Free Fire X Mobile Legends (Welcome To Game Mobile),0Qrrv5kIfQSSuyzhiOy35k,Free Fire X Mobile Legends (Welcome To Game Mobile),10,2024-01-16T09:12:53Z
"Afsana Khan, Nirmaan",Koi Si,0rY5TEzbVFwphIzMhMh7hX,Koi Si,61,2024-01-16T09:12:53Z
Emb musicc,Free fireflies,3U7kC3iE5i3Z4yPMuVpnMi,Free fireflies,0,2024-01-16T09:12:53Z
"Raftaar, KR$NA",Woh Raat,27xsLWmSmEAiXABnOngOw7,Woh Raat,50,2024-01-16T09:12:53Z
Shubh,King Shit,1BpvuKIG7jK5EiTp2tv5z8,Leo,72,2024-01-15T10:46:57Z
"Dave, Central Cee",Sprinter,08YvUaUsZktAG6zEMDwUqO,Split Decision,54,2024-01-14T21:05:49Z
Mohsen Yeganeh,Behet Ghol Midam - Live,3YcPKmntW2DwQoRPYEkaO0,Behet Ghol Midam (Live),46,2024-01-14T21:05:49Z
"Just Juice, Logic, mojo",Lavish (feat. Logic & Mojo),4VpVeLVOOe53HCs9Zzp9kf,Lavish (feat. Logic & Mojo),9,2024-01-14T21:05:49Z
"Panther, Raga",Galat Karam,55y3pen1O3RWnrfqngD8ux,Galat Karam,20,2024-01-12T10:05:47Z
"SARRB, Starboy X",Zulfaan,2nUs7DZ4tV0NOtTTRxyfFj,Zulfaan,0,2024-01-11T09:27:27Z
Fay Khan,Byade Pa Zulfano Ke,2zW42Sn6HACsoK086K2lsN,"Avt Khyber Sandre, Vol. 1",15,2024-01-10T18:52:09Z
"PXCHY!, Kush Mink",Exposing Me,6QbI2hLsxlbV5FWiD6BCAy,OUTERWRLDZ,9,2024-01-10T14:05:08Z
"Aamir Khan, Alka Yagnik",Aati Kya Khandala,654mUaWkU1J8GpAlvrigkn,Ghulam (Original Motion Picture Soundtrack),49,2024-01-10T14:05:08Z
Ramzan Jani,Uth Shah Hussaina,4y8V7xCDW6rYNWCoztT287,Dukh Ta Hondin Sahwan Naal,37,2024-01-10T14:05:08Z
Rob $tone,Intro,7DNVimki3WyHiy4snGkrzu,Stone Cold,2,2024-01-10T14:05:08Z
Juice WRLD,The Light,6j5BK1cFX9TjJd5EXHGgAn,The Light,62,2024-01-10T09:05:07Z
"YNW Melly, Juice WRLD",Suicidal (feat. Juice WRLD) - Remix,4S2uhQE8L9V6p7rj7SiauJ,Suicidal (Remix) [feat. Juice WRLD],71,2024-01-10T09:05:07Z
Rodr1,Party by Myself,4btoYZfXry1ktQlW62xtk3,Party by Myself,0,2024-01-09T19:40:46Z
Post Malone,Enough Is Enough,3BHFResGQiUvbYToUdaDQz,AUSTIN,63,2024-01-09T18:58:51Z
"88rising, Rich Brian",History,4TwVtW8hS5LyLoDtJGpUOg,Head In The Clouds,4,2024-01-09T18:40:32Z
"Umer Anjum, JANI, superdupersultan",Dil Kia Keh Raha Hai,62vktEzdBCjAdqAKkmX7CP,Dil Kia Keh Raha Hai,0,2024-01-09T09:40:33Z
"KhullarG, Bluish Music",HMM,1vGFCl9e0zVpFSl2K8oOGZ,HMM,56,2024-01-09T09:40:33Z
"Raftaar, Prabh Deep",BADNAAM,3KDD0ynijMr5VaJGxxUk92,PRAA,37,2024-01-09T09:40:33Z
"Chaar Diwaari, Arpit Bala",KYA,6LA6D7TtczDd2GqT8zm7YS,TERI MAIYAT KE GAANE,36,2024-01-09T09:40:33Z
"G-Eazy, Remo the Hitmaker",I Mean It (feat. Remo),6jmTHeoWvBaSrwWttr8Xvu,These Things Happen,64,2024-01-08T19:47:22Z
Hit The Button Karaoke,Bad and Boujee (Originally Performed by Migos Ft. Lil Uzi Vert) - Karaoke Instrumental Version,6Ro9QTAbz6QgHJllxgPCiz,Karaoke Picks Vol. 30,3,2024-01-08T10:47:22Z
Noah Boris,"No Entry, No Exit",0EZ2lielncvjuk2mJqvPGY,Not For What,0,2024-01-08T09:47:22Z
Chaar Diwaari,Jhaag,7zwqxNGf7cJLPXgOkEkHHA,Jhaag,49,2024-01-07T19:00:42Z
"Alan Walker, Gavin James",Tired,3b5Li4QKDVBx1x7fQuu54a,Tired,59,2024-01-07T18:46:54Z
"Vishal-Shekhar, Sonu Nigam, Shreya Ghoshal",Main Agar Kahoon,0iXLwnLmLwn9y54JtBTNxY,Om Shanti Om,65,2024-01-06T14:26:23Z
Imran Raza,Tera Na Raha,0Zz39MuzUtNLGTez0tvOy0,Tera Na Raha - Single,5,2024-01-06T14:26:23Z
Tasleema Nasreen Khan,Kaho Na Kaho,7yLw25pdyoE1mmt931EVfo,Kaho Na Kaho,37,2024-01-06T14:26:23Z
"Raghav Chaitanya, Manoj Muntashir, Pritam","Hua Main (From ""ANIMAL"")",54PRUdMOYzglMGnsg9kIta,"Hua Main (From ""ANIMAL"")",70,2024-01-06T13:26:23Z
"Hasan Raheem, Abdullah Kasumbi",Hungama,3v2vP8uet5H9VFbrvXPQWX,Hungama,40,2024-01-06T13:26:23Z
vijay dada,Pin no 4teen,3sbNcrp9qgioh46bM1DXUE,Pin no 4teen,29,2024-01-05T12:17:16Z
"Gullyspit, lefthandluck, ONI INC., Jae Alaska, 83HADES",Trench Gods,4U69ixXRri7b7O2V66a6vT,Trench Gods,30,2024-01-05T11:36:27Z
INNA,Lonely,2stXxTpPy6ze6tDVqPFRux,Champagne Problems #DQH1,38,2024-01-05T11:32:39Z
"NF, Britt Nicole",Can You Hold Me,1isXdpzFMO6EIkgdWjV2D8,Mansion,57,2024-01-05T11:12:44Z
bbno$,i remember,4MWFPLrhkekG6gcix2l3vJ,i remember,0,2024-01-05T08:46:06Z
"Arijit Singh, Sruthy Sasidharan, Mannan Shaah",Akhiyaan Milavanga,1qfh3nYl9uQeUPttybLaEm,Commando 3 (Original Motion Picture Soundtrack),45,2024-01-05T08:17:16Z
Paco Versailles,Je T’aime,23DJ7cNJmFVIOxlcgXQUPP,Dancemenco,42,2024-01-05T08:17:16Z
"Natalia Doco, 10 Ton Obsidian",Quédate Luna - 10 Ton Obsidian Remix,5EIWUPlM86iZqInOmkBCIX,Quédate Luna (10 Ton Obsidian Remix),47,2024-01-04T10:08:30Z
Gaby Moreno,"Quizás, Quizás, Quizás",0qTzAQUZCtaRAXAOQw8fQJ,Postales,44,2024-01-04T10:08:30Z
Sleepify Lo-Fi,Galliyan X Sun Raha (Mashup),0I4vFNwRd0H4RVLwDfCUjP,Galliyan X Sun Raha (Mashup),0,2024-01-04T08:45:40Z
Vishal Mishra,Aaj Bhi,72XwYPuAuPunx0SFi9DBOH,Magical Monsoon With Vishal Mishra,60,2024-01-03T17:41:15Z
"Vishal Mishra, Raj Shekhar",Pehle Bhi Main,7yDHHVKLbvDmVw1XXhDDIO,ANIMAL,77,2024-01-03T16:41:15Z
Karthik,Behka,0prCd0oIexRBiok6kBOeLp,Ghajini,44,2024-01-03T15:41:16Z
"Vishal-Shekhar, Vishal Dadlani, Shekhar Ravjiani, Shilpa Rao, Mellow D, Kumaar","Ishq Jaisa Kuch (From ""Fighter"")",23YpzkTDtU78GK6vpgRbkM,"Ishq Jaisa Kuch (From ""Fighter"")",60,2024-01-03T13:41:17Z
Ali Zafar,Pehli Si Muhabbat (Original Motion Picture Soundtrack),6okXGyZjrasNITqJbkgcEa,Pehli Si Muhabbat (Original Motion Picture Soundtrack),48,2024-01-03T13:41:17Z
"CZARFACE, Method Man",Nightcrawler (feat. Method Man),2fClGossFdEdhjjeYceaN7,Every Hero Needs a Villain,47,2024-01-03T11:36:59Z
Darshan Raval,Haaye Dard,5Guwp446UExa6M5SIibjfC,Dard,48,2024-01-03T10:41:17Z
Young Galib,Aaina,7Hp6liUS5XaPPPvqIpO5vc,Aaina,45,2024-01-03T10:41:17Z
Akull,I’m Flyin,2nbk6IgeS57P364sHi1vfd,I’m Flyin,30,2024-01-03T10:41:17Z
"Vishal Mishra, Kaushal Kishore",CHALE BHI JAO,1QCpA6UkR369JSPzZtvnf2,CHALE BHI JAO,25,2024-01-03T10:41:17Z
Mohit Chauhan,Jo Bhi Main,2MmAYegcUty1DmG0Gw7AMh,Rockstar,56,2024-01-03T10:41:17Z
"Madhur Sharma, Chirag Soni",Poori Tarah Se,5vE3s0cujAgnFmfbMf8xfh,Poori Tarah Se,23,2024-01-03T08:41:15Z
60 Wrap$$,Never Hustle Me - Instrumental,5nldPQnaON3XX5avsx9Gq1,Never Hustle Me (Instrumental),14,2024-01-03T06:54:19Z
"Vishal Mishra, Dino James",Door Aa Gaye,47IzfVVQs2orvksB1CGRvO,Door Aa Gaye,48,2024-01-02T19:27:15Z
vijay dada,43 Compton,0Dr0cpgK3KdhKTbrMQTb9I,43 Compton,17,2024-01-02T19:10:05Z
Mr Maksud,LAILA O LAILA,58DVOSnmrlcqZPfHUyBMvX,LAILA O LAILA,0,2024-01-02T19:10:05Z
MC SZE,Rehmani Keeda,63thkivcDRL28ks9yFPoms,Rehmani Keeda,36,2024-01-02T19:10:05Z
Bali,Sunn Na,7b8BHkjW0vfgT54yXp0Lvn,Sunn Na,47,2024-01-02T19:10:05Z
"Sohan Rahman, Tanim Arafi",Kya Mujhe Pyaar Hai - Lofi Version,16HOWN3mbI4guZbNoVKkxZ,Kya Mujhe Pyaar Hai (Lofi Version),0,2024-01-02T11:53:01Z
Little Mix,Wasabi,68RjMTgKWN3paara7Ayeio,LM5 (Expanded Edition),40,2024-01-02T11:48:11Z
"Darshan Raval, Shreya Ghoshal",Judaiyaan,1BIhaVQCbMqFkvzWXdTaqy,Judaiyaan,41,2024-01-01T18:40:38Z
Jainen,Banke Hawa,5LBPoRdiKsCVXDQxvqWHRm,Banke Hawa,0,2024-01-01T16:42:55Z
Rusha & Blizza,Ek Shaam,3YNIzKCkC5UwMUj2pfb71h,Mudra 2,18,2024-01-01T16:16:17Z
"Real Boss, Baggh-e SMG, Farmaan SMG, BIG KAY SMG",WYS,5GG8UKvp8FzRSM21DSNl5M,WHEN WE RIDE,53,2024-01-01T13:22:14Z
"Vishal-Shekhar, Sanam Puri, Shipra Goyal",Ishq Bulaava,1fkjRQA8wXPPyxqYLbxuqy,Hasee Toh Phasee (Original Motion Picture Soundtrack),66,2024-01-01T13:22:14Z
"Bella, Rohit Gaira",Murdaghar,6OYdnVqpc7PMXUrr21hQ9B,Murdaghar,34,2024-01-01T13:22:14Z
Bebe,Siempre me quedará,3iHJm7dUroZYvbqrhobLZs,Pafuera Telarañas,59,2024-01-01T08:22:19Z
Shamoon Ismail,Cold World,5NVL84kB5sq46khnqkUBRd,Cold World,29,2023-12-31T15:29:05Z
Palaye Royale,Lonely,0haXiRi57j2xQo5a3WkzqV,The Bastards,0,2023-12-31T15:22:45Z
OneRepublic,Secrets,1NhPKVLsHhFUHIOZ32QnS2,Waking Up,73,2023-12-31T15:17:03Z
Sahir Ali Bagga,Aye Dil Tu Bata (Original Score),1zwHhXUHHWziIK6GiTuP1q,Aye Dil Tu Bata (Original Score),46,2023-12-31T15:09:24Z
"Vibe Series, Fariyal Khan",Hum Hain Is Pal Yahan,3L1BkQQZxqzhJ9Ymkl8yVw,Hum Hain Is Pal Yahan,10,2023-12-31T13:38:51Z
Ali Zafar,Chori Chori,06gywLVa2SQz9lqlDEOpy3,Chori Chori,22,2023-12-31T13:30:34Z
"Serge Nikol, Etric Lyons",Tamally Maak - Live at Copacabana,6cbmJW0yGUZIHZ9Ion6Ytu,Tamally Maak (Live at Copacabana),26,2023-12-31T13:29:06Z
"Young Stunners, Talha Anjum, Talhah Yunus, YAS",Karachi Chal,0W2kpQjNjPBaaJBYY33uo7,Karachi Chal,44,2023-12-31T13:29:06Z
Eva,Bella,2JVpqmEDWvgyB6ZOC42s5C,Bella,20,2023-12-31T13:29:06Z
"Asim Azhar, Shamoon Ismail, Young Stunners, RAAMIS",Tum Tum,5IGEiqCypRJuYnekKpZGhH,Tum Tum,34,2023-12-30T18:53:58Z
Natalia Doco,Respira,0saIDjEHkPm4LgafFqsEo5,El Buen Gualicho,51,2023-12-30T11:47:31Z
"Pritam, Arijit Singh, Irshad Kamil","O Maahi (From ""Dunki"")",0qQ4IdhjzNr0gJhdMTf2n3,"O Maahi (From ""Dunki"")",71,2023-12-30T11:45:07Z
"Darci, Skeler",On My Own - Skeler Vision,7JJOUjiewemzvDXbq0LcBY,On My Own (Skeler Vision),55,2023-12-30T11:45:07Z
Naïka,Serpentine,2iz9n8oj5GzF6zhJgDF1gc,Serpentine,35,2023-12-30T11:45:07Z
OneRepublic,I Ain't Worried,4h9wh7iOZ0GGn8QVp4RAOB,"I Ain’t Worried (Music From The Motion Picture ""Top Gun: Maverick"")",79,2023-12-30T11:45:07Z
Jeezy,What They Want,2qEQk14Z3Fq1l2OtVACkUt,The Recession,35,2023-12-30T11:45:07Z
Naïka,Ma Chérie,4ZXyPNr79hrUoPWNXXRhQB,"Lost in Paradïse, Pt. 2",56,2023-12-30T11:45:07Z
Mellina Tey,2AM,4t60NybraR13su2uQbXgmK,2AM,54,2023-12-30T11:45:07Z
Billie Eilish,NDA,38GBNKZUhfBkk3oNlWzRYd,Happier Than Ever,75,2023-12-30T11:45:07Z
Jasleen Royal,Dastoor,4INechXMli8qPmDg1hItRD,Dastoor,47,2023-12-30T11:45:07Z
"Sofi Tukker, Bomba Estéreo",Playa Grande,6IsMnhtDLKG0h4H8pmQVRw,Playa Grande,45,2023-12-30T11:45:07Z
"Zeina, Saint Levant",Nasty Remix ft Saint Levant,6ONNprntoihbrQMFkNUPlO,Nasty Remix ft Saint Levant,48,2023-12-30T11:45:07Z
Billie Eilish,ilomilo,7qEKqBCD2vE5vIBsrUitpD,"WHEN WE ALL FALL ASLEEP, WHERE DO WE GO?",73,2023-12-30T11:45:07Z
OneRepublic,Rescue Me,37LNNQNbL1YLyutBG6aWRx,Human (Deluxe),68,2023-12-30T11:45:07Z
"Demeter, ISHNLV",Ad Kolima,228KhdItMua78vrhM342UT,Ad Kolima,45,2023-12-30T11:45:07Z
"Jasleen Royal, B Praak, Romy, Anvita Dutt","Ranjha (From ""Shershaah"")",72zHuDxFQTjbL51qJQSA7j,"Ranjha (From ""Shershaah"")",69,2023-12-30T11:45:07Z
Hope Tala,All My Girls Like To Fight,6rCuplMDiFQVSca77OQocz,All My Girls Like To Fight,45,2023-12-30T11:45:07Z
Black Atlass,Sin City,2MvuC5KYKplLdcBcqFpmjd,Dream Awake,31,2023-12-30T11:45:07Z
Dead People,River,4GNkGLdYOVNFlCVphY79gf,We Love,10,2023-12-30T11:45:07Z
"Noah Kahan, Gracie Abrams","Everywhere, Everything (with Gracie Abrams)",4PRdeh2zIyM1pvY4x5luLe,"Everywhere, Everything (with Gracie Abrams)",64,2023-12-30T11:45:07Z
"Alina Baraz, Khalid",Off the Grid (feat. Khalid),3U62bHMhP7bKAFYMkn3fNx,It Was Divine,8,2023-12-30T11:45:07Z
"Elley Duhé, Teddy Swims",FACE MYSELF,2R5hXZrxhgwycn39rC0OdQ,FACE MYSELF,66,2023-12-30T11:45:07Z
Rema,Soundgasm,2psl5iNJCrmmm2XtS7LZqb,Rave & Roses,61,2023-12-30T11:45:07Z
"AP Dhillon, Intense",Toxic,4faDlXyZMSxEuxBdd5gDIz,Toxic,57,2023-12-30T11:45:07Z
"FKA twigs, Headie One, Fred again..",Don't Judge Me,2ixabSVbccs9np9r5CpbWW,Don't Judge Me,33,2023-12-30T11:45:07Z
"UNDREAM, TIMMS",Chemical X,6NndAdLoSF1fcFtbRlGMLt,Chemical X,51,2023-12-30T11:45:07Z
Romeo Santos,Eres Mía,6I86RF3odBlcuZA9Vfjzeq,"Fórmula, Vol. 2 (Deluxe Edition)",78,2023-12-30T11:45:07Z
Gloria Gaynor,I Will Survive,7rIovIsXE6kMn629b7kDig,Love Tracks,70,2023-12-30T11:45:07Z
Evangelia,Aphrodite,0LYjFW29UnbEtisLDkFhBK,Aphrodite,25,2023-12-30T11:45:07Z
Maroon 5,Wait,3T9CfDxFYqZWSKxd0BhZrb,Red Pill Blues (Deluxe),57,2023-12-30T11:45:07Z
Shamoon Ismail,Bad Girl,7r17MTUmkIfsndvE6fVqD0,Juice,19,2023-12-30T11:45:07Z
"Ankit Tiwari, Mohammed Irfan, Mustafa Zahid, Adnan Dhool, Arijit Singh, Shraddha Kapoor, Momina Mustehsan, Kiran Kamath",Ek Villain Mashup (Mashup By Dj Kiran Kamath),1TnYkFwGsWMZLiFXs2zXPf,Ek Villain Mashup,43,2023-12-30T11:45:07Z
xo sad,Save Your Tears,4HRL5LfWoWTSLZjMwhy8Ok,Save Your Tears,0,2023-12-30T11:45:07Z
Nirvana,The Man Who Sold The World - Live,15VRO9CQwMpbqUYA7e6Hwg,MTV Unplugged In New York,74,2023-12-30T11:45:07Z
"Vishal-Shekhar, Vishal Dadlani, Shekhar Ravjiani, Benny Dayal, Shilpa Rao, Kumaar","Sher Khul Gaye (From ""Fighter"")",0VXBujZKMLLlmee25BXEQs,"Sher Khul Gaye (From ""Fighter"")",57,2023-12-30T11:45:07Z
"Bayaan, Rovalio, Sherazam",Sapna,2dLS3wolNYLQoffbjUYoQy,Sapna,53,2023-12-30T11:45:07Z
"Karma, Sez on the Beat",35,3xT0PNZeroOwb45KBcYZYF,Eyes On The Prize,29,2023-12-30T11:45:07Z
"Karma, Sez on the Beat",Duniya Makkaar,78C9fInl0QUYAQBsEenYVC,Eyes On The Prize,51,2023-12-30T11:45:07Z
2Scratch,EX.,6B0knTFWUYBsDCEHbIiopP,EX.,49,2023-12-30T11:45:07Z
"Seedhe Maut, Sez on the Beat, Bawari Basanti",Pankh,77lw7sbt3aPGNvnb01WAEN,Bayaan,40,2023-12-30T11:45:07Z
Rusha & Blizza,Huzur (Reprise),2zRKJr7WxH6wzWxZRAmpxb,Bazaar,42,2023-12-30T11:45:07Z
BANKS,Drowning,5EAIvJhrfTJJEc0JH5q8m7,Goddess (Deluxe),42,2023-12-30T11:45:07Z
Ren,Under The Influence - Sped Up,5HyjIg3vf5qVZLvzSEgehE,Under The Influence (Sped Up),0,2023-12-30T11:45:07Z
K. S. Chithra,Mere Dil Ka Tumse,5bcABwOUV0nea499EV4IGc,Armaan,28,2023-12-30T11:45:07Z
"SangeetKir, Arpit Bala",Aankhon,51m527IBZxdGkBNhycjbqr,Aankhon,27,2023-12-30T11:45:07Z
Bree Runway,All Night,4pdGqhW6HzzsFP8Gi3vMn8,Be Runway,41,2023-12-30T11:45:07Z
"Jasleen Royal, Arijit Singh, Dulquer Salmaan",Heeriye (feat. Arijit Singh),5PUXKVVVQ74C3gl5vKy9Li,Heeriye (feat. Arijit Singh),76,2023-12-30T11:45:07Z
Alewya,Play,5oiTnaEHK3OFDZIL8AIYwu,Play,51,2023-12-30T11:45:07Z
King,No Loss,6XhmDCgl1zjsJGCMGVWQeG,No Loss,36,2023-12-30T11:45:07Z
MC STAN,Nusta Paisa,4PzwnV2M9498W9sqH7qin3,Nusta Paisa,48,2023-12-30T11:45:07Z
"Apollo On The Run, TEYA",Pay For It (ft. TEYA),2QRMWTOukDp62C03og8ntx,Pay For It (ft. TEYA),42,2023-12-30T11:45:07Z
Vijay Dk,Dil Se Dil Tak,7AX0yf9UCmJbEhpnzLnGJe,Dil Se Dil Tak,43,2023-12-30T11:45:07Z
Tkay Maidza,Won One,1aTT7TbksmOo2hDw8VCdaM,Sweet Justice,20,2023-12-30T11:45:07Z
Maroon 5,Sugar,2iuZJX9X9P0GKaE93xcPjk,V,78,2023-12-30T11:45:07Z
"Mithoon, Atif Aslam, Armaan Malik, Arijit Singh, Amaal Mallik, Salman Khan, Mohit Chauhan, Yo Yo Honey Singh, Ankit Tiwari, Sonu Nigam",Romantic Mashup 2,42WGQxg2lPIFBt8ZRHQ4Q4,Romantic Mashup 2,49,2023-12-30T11:45:07Z
John Newman,Love Me Again,5TbzAWWc5eJaANpA9kfGCd,Tribute,75,2023-12-30T11:45:07Z
"Swedish House Mafia, The Weeknd",Moth To A Flame (with The Weeknd),0VO8gYVDSwM1Qdd2GsMoYK,Paradise Again,78,2023-12-30T11:45:07Z
"Sofi Tukker, Mari Merenda, Sophia Ardessore",Veneno,7eUalfb6XYFlpM8LvHmsJD,Veneno,52,2023-12-30T11:45:07Z
Lana Lubany,SOLD,4hMcamMdjiJmZ3thozEqOR,SOLD,46,2023-12-30T11:45:07Z
"Eloy, Trapperx",Easy,5N64epFsFSYN4lwth4BsOS,Easy,0,2023-12-30T11:45:07Z
One True God,Sleep,3iMgqf7gCjBhRdBrLm5WbM,Unholy,41,2023-12-30T11:45:07Z
Tamta,Hold On,39zqRoITcEvxUOQQ2ylsc1,Awake,16,2023-12-30T11:45:07Z
"Antonia, Erik Frank",Mátame (feat. Erik Frank),3dml3904K8ZeIa7KGKpJ6l,Mátame (feat. Erik Frank),32,2023-12-30T11:45:07Z
"Pritam, Arijit Singh",Khairiyat,5O932cZmzOZGOGZz9RHx20,Chhichhore,70,2023-12-30T11:45:07Z
"Tiësto, KAROL G",Don't Be Shy,0bI7K9Becu2dtXK1Q3cZNB,Don't Be Shy,70,2023-12-30T11:45:07Z
MC STAN,Shana Bann,5ZTsPwtt7aCuzbWd5rDGys,Shana Bann,50,2023-12-30T11:45:07Z
Shamoon Ismail,Magic,69EgBLeiZpOnBsF4EsZysx,Magic,31,2023-12-30T11:45:07Z
"SARRB, Kamal Kahlon, Starboy X",One Look,1pVBUptZnjR219cACPpeag,One Look,0,2023-12-30T11:45:07Z
Tiësto,The Business,6f3Slt0GbA2bPZlz0aIFXN,The Business,72,2023-12-30T11:45:07Z
Danny Zee,"So Long, Goodbye",4cCjeo6dfg7x9Ir1uUIcvx,Blue Butterfly,32,2023-12-30T11:45:07Z
"AVAION, SOMMA",I don't know why - SOMMA Remix,05w04BiSjRO522rVscQ34c,I don't know why (SOMMA Remix),44,2023-12-30T11:45:07Z
"Marnik, ROOKIES",Burn,4F1wRJpj3i83yf7FBTo1W7,Burn,33,2023-12-30T11:45:07Z
"Young Galib, Refix",Shet Bol,6nebekF4L43tCQGL5kbS7U,Shet Bol,27,2023-12-30T11:45:07Z
"Faris Shafi, Ali Sethi",Waasta,0iLASqkSPekUO1jrtVOfBL,Waasta,33,2023-12-30T11:45:07Z
"The PropheC, Mitraz",Manave,6i3DBbjAzfZqbnqCND1hlX,Manave,46,2023-12-30T11:45:07Z
ZAYN,Tightrope,44ngiCPfS8FfdJOqN0eULl,Nobody Is Listening,53,2023-12-30T11:45:07Z
TroyBoi,MADTING,3tS4uYgaoPUmfOyAOzRmCN,MADTING,17,2023-12-30T11:45:07Z
Always Never,Don't Say It,6H5klUUQtdaqiA1p6hFVdh,Don't Say It,33,2023-12-30T11:45:07Z
"Rusha & Blizza, Gurbax, Rashmeet Kaur",Aja Sawariya,1YiwARhwbWkDELenG8Toi6,Aja Sawariya,31,2023-12-30T11:45:07Z
CYREX,AFTERLIFE,5PfNKiRk4pyJWxle5cU0ba,AFTERLIFE,50,2023-12-30T11:45:07Z
Always Never,Take Me Back in Time,7CvXHIQpCRK6SM0dwWpA5L,Shadows in My Home,27,2023-12-30T11:45:07Z
Vijay Dk,Anxiety,5BLNdr0Xp5lx62KgQwO3kU,Anxiety,33,2023-12-30T11:45:07Z
RAYE,Hard Out Here.,0o4HD0mOtTiHSbycbg4IpT,My 21st Century Blues,60,2023-12-30T11:45:07Z
Elyanna,Sokkar,2BYTEkHsEa6BaFxvddYsee,Sokkar,58,2023-12-30T11:45:07Z
Tassia Zappia,You Don't Want Me,2nc452OXQtAGdDDcKBCWpl,You Don't Want Me,33,2023-12-30T11:45:07Z
Ugointhehouse,Play Along,0Y4c1s5h3CopUmAyOWCwID,Play Along,6,2023-12-30T11:45:07Z
"Kid Ink, DeJ Loaf",Be Real (feat. DeJ Loaf),2npJP0YTkykkqjezhA1g8f,Full Speed (Expanded Edition),55,2023-12-30T11:45:07Z
"OAFF, Savera, Javed Akhtar, Lothika","Hone Do Jo Hota Hai - From ""Kho Gaye Hum Kahan""",21IwQe2rq1yPhtbXIvPMwg,"Hone Do Jo Hota Hai (From ""Kho Gaye Hum Kahan"")",36,2023-12-30T11:45:07Z
Alewya,Sweating,47aXdSXENr8dOecqWtOk0T,Sweating,43,2023-12-30T11:45:07Z
Lauv,All 4 Nothing (I'm So In Love),7I5WT7DtpwSAhEeDLpZEfm,All 4 Nothing,61,2023-12-30T11:45:07Z
Naïka,H2O,4SvapyLwOJj2Z7EJJbTfx9,H2O,37,2023-12-30T11:45:07Z
G.T.H.,Save Me,3PR9JbNwngF9OMiTpqn37w,Save Me,34,2023-12-30T11:45:07Z
Gizachew Teshome,Alemye,3LCfcXj7Eaj6IGTT1f9NOP,Yehuna (2001-2008),14,2023-12-30T11:45:07Z
"Asha Bhosle, Shankar Jaikishan, Hasrat Jaipuri, Farooq Got Audio",Parde Mein Rahne Do - Trap Mix,25W3E99fJZl3ngyiCdlJln,Parde Mein Rahne Do (Trap Mix),31,2023-12-30T11:45:07Z
"Dove Cameron, Khalid",We Go Down Together (with Khalid),2Y67qsABsPKMrvCxPCzL6r,We Go Down Together (with Khalid),59,2023-12-30T11:45:07Z
"Armaan Malik, Amaal Mallik",Kaun Tujhe (Armaan Malik Version),5fjIpQa7O7ttgx64TN9lZR,Kaun Tujhe (Armaan Malik Version),60,2023-12-30T11:45:07Z
Charlotte Cardin,Dirty Dirty,574SDj6oswpGu5s9EM5mFT,Main Girl EP,44,2023-12-30T11:45:07Z
"Atif Aslam, Alisha Chinai, Pritam",Tera Hone Laga Hoon,48Ix6ReYdJf2H4mKb3TIpj,Best of Romance: Atif Aslam & Pritam,70,2023-12-30T11:45:07Z
"Ab 17, Sez on the Beat",Gande Ilaake Se,4zS7Bw4ky5NZoCxPc1KSqO,TEZ FILAM,22,2023-12-30T11:45:07Z
"Alewya, Moses Boyd",The Code,1yTHyXqbMPV2pX8RbdfPJY,The Code,27,2023-12-30T11:45:07Z
"Lata Mangeshkar, Kishore Kumar, Prateeksha Srivastava, Rusha & Blizza",Julie ( Feat. Rusha & Blizza),5OSe69hAofTf2nxpfqzSfh,Julie ( Feat. Rusha & Blizza),18,2023-12-30T11:45:07Z
"MEDUZA, James Carter, Elley Duhé, FAST BOY",Bad Memories (feat. Elley Duhé & FAST BOY),3rb0tMq42WfggucPm0HHkA,Bad Memories (feat. Elley Duhé & FAST BOY),69,2023-12-30T11:45:07Z
"Nimbu Nites, Rohith Pai Kasturi",Aku Sayang x Sprinter (TikTok Version),4BQXqed62sKEJsrN6bLlO9,Aku Sayang x Sprinter (TikTok Version),0,2023-12-30T11:45:07Z
MC NEPU,Face Up,4mKcRH9COTLk0QtjrKViXM,Face Up,2,2023-12-30T11:45:07Z
Trapperx,Tera Nasha,1rKGZ8y2lxArycamcflHIL,Tera Nasha,16,2023-12-30T11:45:07Z
"Gotye, Kimbra",Somebody That I Used To Know,1qDrWA6lyx8cLECdZE7TV7,Making Mirrors,78,2023-12-30T11:45:07Z
anders,With or Without,4UYiGEJYh31kBOjcEX9nG6,669,31,2023-12-30T11:45:07Z
Lizzo,About Damn Time,1PckUlxKqWQs3RlWXVBLw3,About Damn Time,39,2023-12-30T11:45:07Z
"Trapperx, Kalpanik Bass, Triggor, Rya Rey",Sky Comes Down - Extended Mix,6DO4bi8G3vzJth6QhN6BDt,Sky Comes Down (feat. Rya Rey),0,2023-12-30T11:45:07Z
"Asim Azhar, Kunaal Vermaa",Jo Tu Na Mila,6DefzsWqnwrFrmNVnJxWkS,Jo Tu Na Mila,66,2023-12-30T11:45:07Z
Aaryan Shah,Demon Time,2wpSky90mBCEzdkxuR5WLL,The Dark Ages,43,2023-12-30T11:45:07Z
"VALORANT, One True God",Savior,1yQzX6SMV7VQOj6u4NKqk0,Savior,42,2023-12-30T11:45:07Z
"Rezz, Dove Cameron",Taste of You,0JJy85tdn2EOhIaEdHVivf,Spiral,44,2023-12-30T11:45:07Z
"Sevn Alias, Kevin",Flu & Tip,7FRKYeE1zFaRK1pWt2K0Y8,Picasso,38,2023-12-30T11:45:07Z
ABIR,Yallah,3UT3ysn2perD6IeplV82Je,HEAT,22,2023-12-30T11:45:07Z
Anya Nami,Wake Me Up,0oay0G48d22WMU4hbFCEnH,Wake Me Up,48,2023-12-30T11:45:07Z
"Post Malone, Swae Lee",Sunflower - Spider-Man: Into the Spider-Verse,0RiRZpuVRbi7oqRdSMwhQY,Hollywood's Bleeding,81,2023-12-30T11:45:07Z
"Addy Nagar, Aniket Jain",Kaley Sheshe,0ZcMt3GYvVkBjdomag59NP,Kaley Sheshe,60,2023-12-30T11:45:07Z
Elley Duhé,MIDDLE OF THE NIGHT,58HvfVOeJY7lUuCqF0m3ly,MIDDLE OF THE NIGHT,74,2023-12-30T11:45:07Z
The Chainsmokers,Channel 1,4HEuDdg39xP8qgkJqop6CG,So Far So Good,37,2023-12-30T11:45:07Z
"Pritam, Arijit Singh","Hawayein (From ""Jab Harry Met Sejal"")",6871FKHumiy1Wfr6vF7Xxt,"Hawayein (From ""Jab Harry Met Sejal"")",62,2023-12-30T11:45:07Z
"Sachin-Jigar, MC STAN, Maanuni","Farrey Title Track - From ""Farrey""",7sGDdbo2DISBz1zJYJ6nEp,"Farrey Title Track (From ""Farrey"")",40,2023-12-30T11:45:07Z
"Soha, Antoine Essertier",Mil pasos (feat. Antoine Essertier),0yK1An55fUL6ZgYzWqb3UX,D'ici et d'ailleurs,54,2023-12-30T11:45:07Z
Tamer,Beautiful Crime,4NZKQIAbpUPd0jn0CzvRpS,Beautiful Crime,51,2023-12-30T11:45:07Z
The Weeknd,Heartless,6bnF93Rx87YqUBLSgjiMU8,After Hours,76,2023-12-30T11:45:07Z
Shamoon Ismail,Relapse,6US8YXfzPxXceZfpsPGAII,Relapse,16,2023-12-30T11:45:07Z
"Farhan Khan, Jokhay",Mere Sanam,0nlQBgEBk2JdQ5tAXCXcRS,Mere Sanam,0,2023-12-30T11:45:07Z
Imagine Dragons,Children of the Sky (a Starfield song),1W7ughJhjRaANaAUcxTfnC,Children of the Sky (a Starfield song),60,2023-12-30T11:45:07Z
"One True God, The Tech Thieves",Dark & Danger,5sx06tqV0g8C8jZiyTCSJx,Dark & Danger,28,2023-12-30T11:45:07Z
Tate McRae,exes,0HD8mbiPjp3o94X3EaZp0o,exes,16,2023-12-30T11:45:07Z
2Scratch,Twilight,3DlzdM69zQ1ASccqmyqaBx,Twilight,26,2023-12-30T11:45:07Z
Imagine Dragons,Sharks,0TyUOnU4H4GLqOcrH0auc8,Sharks,64,2023-12-30T11:45:07Z
Joji,Your Man,5sbZj8hcae2ebXVBonKQ6g,Nectar,4,2023-12-30T11:45:07Z
Ravens Rock,Sweet Dreams,15KYz8HlB2yfQs5D4ILEMu,Sweet Dreams,40,2023-12-30T11:45:07Z
Jasleen Royal,Preet Unplugged,6ErIUOm3AaNAMY3i1f7ElT,Mtv Unplugged Season 6,34,2023-12-30T11:45:07Z
Serhat Durmus,Red Lies,4CabDkFy4K5A7FzAt0xQJY,Red Lies,30,2023-12-30T11:45:07Z
Serhat Durmus,Réveil,3aXsmhggIpz2F8wJ0DeNAt,Red Lies,34,2023-12-30T11:45:07Z
Serhat Durmus,Darmiyan,35xCzA4DboxpvAJzpVEpRo,Red Lies,22,2023-12-30T11:45:07Z
Zaz,Qué vendrá,1Om2ZfnIx2dueS6LcMzlyO,Effet miroir,55,2023-12-30T11:45:07Z
"One True God, MASTERIA",Night Shift,1wxgWPF7uUr9aHDC9QuMEO,Night Shift,32,2023-12-30T11:45:07Z
Ali Sethi,Dil Lagaayein,42dbzDkXqMwjHK1Wgr4FQy,Dil Lagaayein,1,2023-12-30T11:45:07Z
Hareem Rashid,People X Nainowale Ne,3dktAg1A5P1VQl9PoFyvj2,People X Nainowale Ne,0,2023-12-30T11:45:07Z
"Azooz, Vedang",NOAH,3WqoScBRdJks8cjAwHgAxu,NOAH,28,2023-12-30T11:45:07Z
Shamoon Ismail,On & On,2UPcV2l8WAJSzmrFwSKNWd,On & On,31,2023-12-30T11:45:07Z
Teflon Sega,FAKE LOVE (English),4YGFqFFTokB3WcWR5gjudg,FAKE LOVE (English),18,2023-12-30T11:45:07Z
Shamoon Ismail,Glow,7hgfOJbZhl6ccYreTAxqOk,Glow,25,2023-12-30T11:45:07Z
"Rovalio, Abdul Hannan",Iraaday,6qrifdo7QINdPQr80IelGi,Iraaday,65,2023-12-30T11:45:07Z
"Hasan Raheem, Umair, Talwiinder",Wishes,5rpCUsEfBLIumvrxrahnKF,"Maybe, It's Love",69,2023-12-30T11:45:07Z
One True God,Give It To Me,3ebvEbKKCzxCmNUvrYIKUq,Give It To Me,27,2023-12-30T11:45:07Z
Mitraz,Safar,5zTVJ7t64xvzGIhLi6362h,Four-Zero,15,2023-12-30T11:45:07Z
Teflon Sega,Bloom,6SKcq95LDlB9dc90XWZfoV,Maya's Revenge,28,2023-12-30T11:45:07Z
Pabllo Vittar,Salvaje,32gEHOmBV9LQKaCBqkPWEU,111,33,2023-12-30T11:45:07Z
Marina Satti,TUCUTUM,2sDBHUqdTjolmr3FKTaiNK,TUCUTUM,31,2023-12-30T11:45:07Z
"Talha Anjum, Karakoram, Faris Shafi",Ye Dunya,3qHhZCvub0YEJONgBKM3NO,Coke Studio (Season 14),16,2023-12-30T11:45:07Z
LukieY,我不能抵抗你这该死魅力,7HNPQsWZRCn6MXAaKZLQbn,我不能抵抗你这该死魅力,8,2023-12-30T11:45:07Z
"OTP, BM",BM - London View,1aWrjGga6Ws67b2CWWTb4u,BM (London View),65,2023-12-30T11:45:07Z
The White Stripes,Seven Nation Army,3dPQuX8Gs42Y7b454ybpMR,Elephant,82,2023-12-30T11:45:07Z
Ian Asher,God On The Weekend,2x5nPvRLL92jXFvpfkIBLh,God On The Weekend,46,2023-12-30T11:45:07Z
PLAZA,Personal,61Lf1zpbPclt8ZxuHM8ll9,SHADOW,48,2023-12-30T11:45:07Z
Rohit Khandura,YAAD (dedicated),7FtFkjmChG5N4p2Ko8kVHI,YAAD (dedicated),21,2023-12-30T11:45:07Z
Dove Cameron,Sand,3HYUKa1HkaSRk4C0xK4O5q,Sand,48,2023-12-30T11:45:07Z
Jaymes Young,Infinity,1SOClUWhOi8vHZYMz3GluK,Feel Something,76,2023-12-30T11:45:07Z
"MEDUZA, Alok, Goodboys",Piece Of Your Heart - Alok Remix,6iW38RGqdDGOofmz2HeXLW,Piece Of Your Heart (Alok Remix),69,2023-12-30T11:45:07Z
"BEAM, Justin Bieber",SUNDOWN (feat. Justin Bieber),7J9UCy56nirwKuf1IMYtE1,ALIEN,41,2023-12-30T11:45:07Z
"The Avener, Kadebostany",Castle In The Snow - Feder Remix,64DFQVXDIZaN5BehNFIZSE,Castle In The Snow (Remixes),37,2023-12-30T11:45:07Z
Daniel Di Angelo,Miami's Model,05N7uCSdsMfCIcGT4QPo5T,Miami's Model,38,2023-12-30T11:45:07Z
BROODS,Heartbreak,2b2Ym9UkEapYdL3JMeLuAf,Space Island,26,2023-12-30T11:45:07Z
Arijit Singh,"Main Dhoondne Ko Zamaane Mein (From ""Heartless"")",43YkTTlOD203o9E5ZxhUjF,Arijit Singh Broken Strings,62,2023-12-30T11:45:07Z
MC STAN,Dil Pe Mat Le,52SLe3tiumQDwzTtJMgu73,Dil Pe Mat Le,34,2023-12-30T11:45:07Z
"Abdul Hannan, Shahmeer Raza Khan",Diya,6be2Qb95JM8HnKtJHYWpzG,Diya,36,2023-12-30T11:45:07Z
Naïka,M&M's for Breakfast,3Gk5K27zIXTMqnbUEwzBmA,TRANSITIONS EP,43,2023-12-30T11:45:07Z
"MC Altaf, Sammohit, Umair",Koi Nahi Puchta,08y3eOkOpfQ9VE49XMDBiz,Robin Hood,36,2023-12-30T11:45:07Z
"Naughty Boy, Sam Smith",La La La,3wPPWcVuinAU7dXcJXtCID,Hotel Cabana (Deluxe Version),77,2023-12-30T11:45:07Z
Stromae,Tous les mêmes,6M4nkEPZMj58acftDRTuKL,racine carrée,70,2023-12-30T11:45:07Z
"Pritam, Atif Aslam, Chinmayi",Main Rang Sharbaton Ka (Lofi Mix),11na2yXOmMbkUL8f5j6vxZ,Main Rang Sharbaton Ka (Lofi Mix),59,2023-12-30T11:45:07Z
Imagine Dragons,Bones,54ipXppHLA8U4yqpOFTUhr,Mercury - Acts 1 & 2,80,2023-12-30T11:45:07Z
Anfa Rose,Red Zone (Wildin'),3AT5phteUWXAD72BG75auP,She Been Waiting II,18,2023-12-30T11:45:07Z
"Prince of Falls, 90s From The City",I Felt Nothing,55M1BEyX98BsRFwkpcVBVi,Till We Feel Something,33,2023-12-30T11:45:07Z
"Anmol Ashish, Pratik Singh",Mujh Ko Tune,1yyo9zgLyLJIGVKwdSms6D,Love / Roses,13,2023-12-30T11:45:07Z
Siddharth Slathia,Haare Haare Hum To Dil Se Haare - Unplugged Version,1PMyULgDs4FZNhFi7MPw8n,Haare Haare Hum To Dil Se Haare (Unplugged Version),48,2023-12-30T11:45:07Z
Mahmut Orhan,Ederlezi,2ZQK68ctm8rFny71kyvnUc,Ederlezi,37,2023-12-30T11:45:07Z
"Jorja Smith, Shaybo",Bussdown (feat. Shaybo),2gP19KH3V5JlR5MycAIL3R,Be Right Back,45,2023-12-30T11:45:07Z
"Abdul Hannan, Shahmeer Raza Khan",Gawara,30SraUQbTd11TDrzkgeK4z,Gawara,47,2023-12-30T11:45:07Z
MC STAN,Ek Din Pyaar,0uk9sQ7MjK0CdAUinD4xBV,Tadipaar,56,2023-12-30T11:45:07Z
MC STAN,Tadipaar,6EP117i3gizdFg9neGen0s,Tadipaar,45,2023-12-30T11:45:07Z
Naïka,Oh Mama,61ai23PfXlpJtIhSHkDvae,Oh Mama,38,2023-12-30T11:45:07Z
Juliet Ivy,bestfriend,1b2pPA0m9Z3zDbId1dm7en,playpen,7,2023-12-30T11:45:07Z
Juliet Ivy,we're all eating each other,6BrfgV35h3NfTtIdMqhmFQ,playpen,35,2023-12-30T11:45:07Z
"Sergio T, Livin R, Nito-Onna, Steven Aderinto",Naughty Girl,5MfcPrj60H7wxQraWFNPLS,Naughty Girl,26,2023-12-30T11:45:07Z
Naïka,Deja Vu,1Upvn947hYjd7VTQghwOHM,Deja Vu,48,2023-12-30T11:45:07Z
Mitraz,Sajda Karaan,25yA3k7cBNDqejRJUun4Qe,Sajda Karaan,44,2023-12-30T11:45:07Z
Rahtree,"MEDUZA, Becky Hill, Goodboys - Lose Control(Rahtree Extended Remix)",77Zei0Sx8SlNusA3YRCDPf,"MEDUZA, Becky Hill, Goodboys - Lose Control(Rahtree Extended Remix)",19,2023-12-30T11:45:07Z
"Shae Gill, Ali Sethi",Pasoori,7lvDsmTRXFE3dK4OjvRiWB,Pasoori,68,2023-12-30T11:45:07Z
"Mitraz, Samr8",Gulaab Ke Sheher,7BrpyGPxuNis3ThdYLJTMo,Gulaab Ke Sheher,39,2023-12-30T11:45:07Z
"SZA, The Weeknd, Travis Scott, Game of Thrones",Power is Power (feat. The Weeknd & Travis Scott),4cbdPT6uaBOgOQe3fLMofl,For The Throne (Music Inspired by the HBO Series Game of Thrones),59,2023-12-29T09:00:41Z
OneRepublic,Didn't I,6ikDZX0oc8EKGj2vdMAEDv,Didn't I,49,2023-12-29T09:00:41Z
"Zedd, Elley Duhé",Happy Now,4keoy2fqgwGnbWlm3ZVZFa,Happy Now,63,2023-12-29T09:00:41Z
OneRepublic,Someday,6aDsgHPZsMztSbZernzlF8,Human (Deluxe),63,2023-12-29T09:00:41Z
"Anfa Rose, Eli Sostre",STILL GOT IT (feat. Eli Sostre),2VspSWiDWS9Ah3jzKQCURw,STILL GOT IT (feat. Eli Sostre),25,2023-12-29T09:00:41Z
Henry Moodie,drunk text,0KpWiHVmIFDTvai20likX4,drunk text,12,2023-12-29T09:00:41Z
"Sandro Cavazza, Georgia Ku",Love To Lose,11lFSEnkj3810ojPLj53RO,Love To Lose,54,2023-12-29T09:00:41Z
"Young Stunners, Talha Anjum, Talhah Yunus",Gumaan,6cdiviyVL3tFYE1eDcmUzL,Gumaan,65,2023-12-29T09:00:41Z
"ILLENIUM, Excision, Wooli, Valerie Broussard",Zombie (feat. Valerie Broussard),5AZJbQwaYGHWCY53k7fO57,Zombie (feat. Valerie Broussard),53,2023-12-29T09:00:41Z
"Diplo, Morgan Wallen",Heartless (feat. Morgan Wallen),3FU6urUVsgXa6RBuV2PdRk,Diplo Presents Thomas Wesley: Chapter 1 - Snake Oil,78,2023-12-29T09:00:41Z
"pH-1, MILLI",ROSETTA (Feat. MILLI),3Kf4pY9LwV1cptb4HDNFyk,POP OFF,35,2023-12-29T09:00:41Z
Doja Cat,Vegas (From the Original Motion Picture Soundtrack ELVIS),0hquQWY3xvYqN4qtiquniF,Vegas (From the Original Motion Picture Soundtrack ELVIS),71,2023-12-29T09:00:41Z
Joji,Die For You,26hOm7dTtBi0TdpDGl141t,SMITHEREENS,63,2023-12-29T09:00:41Z
Joji,SLOW DANCING IN THE DARK,0rKtyWc8bvkriBthvHKY8d,BALLADS 1,25,2023-12-29T09:00:41Z
"G-Eazy, blackbear",Hate The Way (feat. blackbear),3QGppKBPd9gHOgHJzRbVIw,Hate The Way (feat. blackbear),50,2023-12-29T09:00:41Z
"Alan Walker, Ali Gatie",Yesterday,4LwD6qis9rMwnmbxUguh61,Walkerworld,1,2023-12-29T09:00:41Z
Luca Fogale,Feel It,0bPhq8VIGIoNa5f4HO9qJb,Nothing is Lost,38,2023-12-29T09:00:41Z
"Clean Bandit, Julia Michaels",I Miss You (feat. Julia Michaels) - Acoustic,2HfKpWYPx4Os46z1K7yE4k,I Miss You (feat. Julia Michaels) [Acoustic],43,2023-12-29T09:00:41Z
Post Malone,Motley Crew,40uMIn2zJLAQhNXghRjBed,Motley Crew,67,2023-12-29T09:00:41Z
"Pa2k, Eloy!",mil,2XmTRfaULdj2Hf0DV2D44Q,mil,36,2023-12-29T09:00:41Z
Witchz,The Magick - Demo,5sCYiHhMjxE8q9SccEt5Gx,THE MASTER,50,2023-12-29T09:00:41Z
Dax,Dear Alcohol,3HgmGFYiO8967EFji8CSdM,Dear Alcohol,58,2023-12-29T09:00:41Z
"Kygo, OneRepublic, Alan Walker",Stranger Things (feat. OneRepublic) - Alan Walker Remix,76c4KOymiPUkWEeIIc0DQr,Kids in Love (Remixes),56,2023-12-29T09:00:41Z
SHAHMEN,BAD DREAM CATCHER,6MqZEa4YBopWNSxUoIypIP,BAD DREAM CATCHER,25,2023-12-28T12:10:54Z
"Anmol Ashish, Pratik Singh",Jo Tu Banke,35hb3kLyfv5aBdRzI470bw,Love / Roses,11,2023-12-28T11:42:22Z
"Dino James, Sanah Moidutty",Sunn,1jGbSBWR44bbYvPZZ1d0pU,Chemicals,16,2023-12-28T11:35:08Z
Litvinenko,Нам надо дыма,3x4zedeuR1JB0jLTmdp1tl,Нам надо дыма,48,2023-12-28T10:14:59Z
"Lowkey, Mai Khalil",Iraq2Chile,28cdlBWgCmfJJWgqQtfLlP,Iraq2Chile,20,2023-12-27T19:53:21Z
"Nea, Nio Garcia",DIABLO,3UZq0tLE3gNlnYQbpa7Veo,DIABLO,30,2023-12-27T19:25:13Z
"Xzibit, Eminem, Nate Dogg",My Name (feat. Eminem & Nate Dogg),04w57GO5p1763E44KQ8AKB,Man VS Machine,54,2023-12-27T18:01:43Z
OmenXIII,Emptiness,4kDOioTjpzBCwtw3dDLCkn,Product of My Environment,3,2023-12-27T17:49:52Z
Unlike Pluto,Revenge And a Little More,26VyhqkJmiMCmNy6b0anKi,Pluto Tapes: Volume 3,43,2023-12-27T17:42:27Z
Eldritch,LET IT OFF,0lrhddk9LTOU3dVHlMAMgU,LET IT OFF,44,2023-12-27T17:26:18Z
"Dino James, Kaprila",Chemicals,7uRk3L85kKgS9OhfzN9Q1w,Chemicals,21,2023-12-27T12:36:59Z
"Jasleen Royal, Sanjith Hegde",THUNAI VARUVEN,4oZmlHf9XmEJkTCjdM2S0i,THUNAI VARUVEN,0,2023-12-27T11:42:55Z
MP,Thug,6m1uHApDOWGjBOi4vtZgim,Thug,37,2023-12-27T11:38:27Z
NЮ,Никто,0m2GGIVcV80IfKDg1oCULj,Никто,44,2023-12-27T11:37:54Z
"Gryffin, SLANDER, Calle Lehmann",All You Need To Know (feat. Calle Lehmann),4TIkSdsNSfqpuq6ZYvCjAz,Gravity,55,2023-12-27T10:54:36Z
"Jeremih, 50 Cent",Down On Me,0x3TibRgnSqzkcwrqBd4iX,All About You,72,2023-12-27T10:47:13Z
"Raiyan, Twinkle Thareja",Talwinder -Wishes(Remake),7KwScz1V5CWZgTJcuNzdAt,Talwinder -Wishes(Remake),7,2023-12-27T10:28:46Z
"RAYE, The Heritage Orchestra",Hard Out Here. - Live at the Royal Albert Hall,1tYGRNKcOEPnHFRmeLobjI,My 21st Century Symphony. (Live at the Royal Albert Hall),43,2023-12-27T10:22:49Z
Rex Orange County,Sunflower,7h2nmmoWDi2UpfYKLKWLYB,Sunflower,70,2023-12-27T10:22:49Z
"Gotye, Kimbra, 4FRNT",Somebody That I Used To Know - 4FRNT Remix,2EDJkuEd5tvxSAPiXCHACe,Somebody That I Used To Know (Remixes),44,2023-12-27T10:22:49Z
"نات وحمد, نشيد, Naat and Hamd",Shaz Khan and Sohail Moten - Mustafa (S.A.W),0Rmuh3NGbZywvdicW5JIQf,Urdu Naat and Hamd,0,2023-12-27T10:22:49Z
Santino Le Saint,Best Day of My Life - Slowed + Reverb,5XTEmMEGgjtm48sNftvPuM,Beautiful Disaster (Slowed + Reverb),30,2023-12-27T10:22:49Z
THEY.,What You Want,50LSNgJLskXvLroHEHHnqP,Nü Religion: HYENA,25,2023-12-27T10:22:49Z
Arijit Singh,"Khairiyat (From ""Chhichhore"")",0nn8tzodW3gRf94Oe20Fyo,Musical Tribute To Sushant Singh Rajput,29,2023-12-27T10:22:49Z
"Swedish House Mafia, The Weeknd",Moth To A Flame (with The Weeknd),7kfOEMJBJwdCYqyJeEnNhr,Moth To A Flame,71,2023-12-27T10:22:49Z
Alewya,Ethiopia,4WETP6SQJlAs3yXPLR4LPS,Ethiopia (Boddhi Satva Ancestral Soul Dub),17,2023-12-27T10:22:49Z
"Jasleen Royal, B Praak, Romy, Anvita Dutt",Ranjha - Reprise,4tQeEHoii36QEGOEacAybz,Ranjha (Reprise),40,2023-12-27T10:22:49Z
"Mehul S Meda, Arjun Hathila",Preet,3wDzJNXjEBrCxp7aUBotRs,Preet,0,2023-12-27T10:22:35Z
"Sez on the Beat, Ab 17",gande ilaake se,3Vr7qTS3v7rJ5HdtKgZvYD,gande ilaake se,10,2023-12-27T10:22:35Z
Backing Business,Pasoori (Originally Performed by Shae Gill & Ali Sethi) [Instrumental Version],4LehyAQ2CGlnpw2JdVAg8W,"Pristine Karaoke, Vol. 66",0,2023-12-27T10:22:35Z
Dogoloco,Karma,1fnH0Ltop6PTZQrF7N5Rwk,Karma,25,2023-12-27T10:22:35Z
"Karakoram, Faris Shafi, Talha Anjum",Ye Dunya,3CLlelB1UWvrGYCyvdAA4B,Ye Dunya,47,2023-12-27T10:22:35Z
"Yaad, King Music",Josh,3dilCVHXyjEOoOrqcZkzgy,Repeat,10,2023-12-27T10:22:35Z
Samantha Barks,On My Own,1VVyW3Dl9LaCAcPIhygo9A,Les Misérables: The Motion Picture Soundtrack Deluxe (Deluxe Edition),48,2023-12-27T10:22:35Z
"Headie One, Fred again.., FKA twigs",Judge Me (Interlude) (feat. FKA twigs),1C36E3ZsBP9nGhm0RxEV1T,Judge Me (Interlude) (feat. FKA twigs),18,2023-12-27T10:22:35Z
Yimay,Mátame,7KjOWrqWrWr4UY8FelmNbf,Mátame,10,2023-12-27T10:22:35Z
Anwar Project,People / Nainowale,4Ex2Pq9AyXagY5wFBOkD3c,People / Nainowale,0,2023-12-27T10:22:35Z
Rema,Soundgasm,5c549LWiKCWGvcDsZwMN6v,Soundgasm,59,2023-12-27T10:22:35Z
Aaryan Shah,Demon Time,5WVww2mx7KtIfO3goePD0U,The Dark Ages,0,2023-12-27T10:22:35Z
"Asha Bhosle, Tarun Makhijani",Parde Mein Rehne Do (Remix),7JClsniN6v9GDTVe0kJLVb,"Bollywood Black & White Club Mix, Vol. 2",4,2023-12-27T10:22:35Z
Roni Alter,Save Me,3xVXboT01phhOVgfi5RqRz,Be Her Child Again,9,2023-12-27T10:22:35Z
Jaswant Shorya,Love Mashup,7lhICaD4eOGjHHVHSShgjt,Love Mashup,3,2023-12-27T10:22:25Z
DANAN,Serenity,6ybQPAhMp3O7HFiNNO3imW,After Life,0,2023-12-27T10:22:25Z
Manlyman,Play Along,4lq2VEojpdrPaQYkhWc8hV,Play Along,0,2023-12-27T10:22:25Z
"The Weeknd, Lil Uzi Vert",Heartless - Remix,7wcoSs40brhyS3htaaDkgD,After Hours (Remixes),41,2023-12-27T10:22:25Z
Radio Tyrant,Wake Me Up,6fbuedhzid8FyNK9SSWOOP,Elite Version,29,2023-12-27T10:22:25Z
"Jitesh Gurjar, Keshav Kasana",Phir Hera Pheri X Mc Stan,5jxuZkJd2aPZByMRBIEuHQ,Phir Hera Pheri X Mc Stan,0,2023-12-27T10:22:25Z
Sawan Kumar,Ankhon Me,7m5em9lrsB7NqyN8cNfX64,Ankhon Me,0,2023-12-27T10:22:25Z
"Sachin-Jigar, Atif Aslam, Divya Kumar, Rekha Bhardwaj, Arijit Singh",Badlapur Mashup,01Lut8W3laY1TODkn7eCPq,Badlapur (Original Motion Picture Soundtrack),26,2023-12-27T10:22:25Z
AVAION,I don't know why,3qOc0f6gFvyMO6P5uBPamI,I don't know why,37,2023-12-27T10:22:25Z
"MNI, Jordan Shaw",Eyes,2cVQVhgyRPzJusXAuklkWF,Eyes,34,2023-12-27T10:22:25Z
"MEDUZA, James Carter, David Guetta, Elley Duhé, FAST BOY",Bad Memories ft Elley Duhe and FAST BOY - David Guetta Remix,39zdHn7yXzrVB4zZLN4Zsh,Bad Memories (David Guetta Remix),39,2023-12-27T10:22:25Z
"Kid Ink, Starrah",No Strings (feat. Starrah),6xE3hDdo29VhAfsL7LrxcY,7 Series,36,2023-12-27T10:22:25Z
Katie,Aku Sayang X Sprinter,3lPdq0lvKPNzd2vF2Z08i0,Aku Sayang X Sprinter,0,2023-12-27T10:22:25Z
Zeina,NASTY,3GxW7jtmUatEqM14hZdKFC,NASTY,38,2023-12-27T10:22:25Z
"Abdul Hannan, Shahmeer Raza Khan",Shumaar,5AT42ONBYNY0bR7z2LpfvR,Diya,30,2023-12-27T10:22:25Z
"Hindi Dance Vibes, New Traditions Crew, Lofi Beats And Remixes",Lost Love,6gTrRIIkYKvijQ7cR8Qurx,Sad Hindi LoFi – Chillout At Night: Alone & Broken,0,2023-12-27T10:22:25Z
"G-Eazy, Starrah",Order More (feat. Starrah),5O2Yjlcs5pSpHq1gcA0cwg,When It's Dark Out,46,2023-12-27T10:21:31Z
David Jacques,I Sample Therefore I Am,4BzPod1hdODYPcYpc4Sd4i,I Sample Therefore I Am,0,2023-12-27T10:21:31Z
"Clean Bandit, Julia Michaels",I Miss You (feat. Julia Michaels),0Ult84lvFuqNvbyXwyRQ58,What Is Love? (Deluxe Edition),62,2023-12-27T10:21:31Z
"Konshens, Spice, Rvssian",Pay For It,5NQxP5ok2vnUhOgofXOTTQ,Pay For It,28,2023-12-27T10:21:31Z
"Faran Ensemble, Roy Smila, Gad Tidhar, Refael Ben-Zichry",The Prophet of Emotion,5BEJYUghzjnbycuifOnd4e,Fata Morgana,19,2023-12-27T10:21:31Z
"ILLENIUM, Excision, Wooli, Valerie Broussard",Zombie,35CZnl5JiJIWjaEjeOKGot,Pop Today,1,2023-12-27T10:21:31Z
"Eloy, Michael Miller",I Know,5O8JkcYyWOCMDmWIRdzRGE,I Know,0,2023-12-27T10:21:31Z
Witchz,The Magick,78fVa5lwhFQzWUJTKWxOTa,The Magick,48,2023-12-27T10:21:31Z
Crypto Money,Sea Bag,5oNkxKTCBWKlywioodykHb,One Wish,0,2023-12-27T10:21:31Z
"Quratulain Balouch, Young Stunners, HYDR, AHSAN",Koi Nahi Like Us,0sRBsrWSrf6yO8aNBa4WfJ,Koi Nahi Like Us,20,2023-12-27T10:21:31Z
Demeter,Slow Down,5tjKLQudSTGqPVRtB3eoWn,Slow Down,30,2023-12-27T10:21:31Z
The Weeknd,Save Your Tears,06fglfpCAtDtmlyfJYgA01,The Highlights,45,2023-12-27T10:21:31Z
"Zedd, Elley Duhé, Arkadi",Happy Now - Acoustic,6cWpGXt8X3WqHYnnDeNiKV,Happy Now (Acoustic),36,2023-12-27T10:21:31Z
"Atif Aslam, Jay Guldekar","Darasal Lofi Mix (From ""Darasal Lofi Mix"")",6ZQBU3D6M8bCjDWsApIUDm,Lofi Romantic Hits,18,2023-12-27T10:21:31Z
Manolo,Young Stunner,6w0ijXRZrqbBaQa1TszRWz,Born 2 Win,12,2023-12-27T10:21:31Z
Doja Cat,Vegas,3FWwi61OP7vXEikwqhZCPZ,ELVIS (Original Motion Picture Soundtrack),54,2023-12-27T10:21:31Z
"Marnik, ROOKIES, Ryan Riback",Burn - Ryan Riback Remix,4o1nV0gmw4jHeBz1Kk5uPO,Burn (Ryan Riback Remix),26,2023-12-27T10:21:26Z
rei brown,Forever,2GjDvj6jvA21pNRN9GfGah,Forever,42,2023-12-27T10:21:26Z
"DVBBS, Jesse Jo Stark",Breathe (feat. Jesse Jo Stark),2SzJ7NIa2sp3ACcPK8P1Yx,Breathe (feat. Jesse Jo Stark),24,2023-12-27T10:21:26Z
vaultboy,everything hits me at once,77hDNIRbK41SsEthQ04Nwb,everything hits me at once,46,2023-12-27T10:21:26Z
"Tiësto, A Boogie Wit da Hoodie",Chills (LA Hills),2N5cFPLy0TIasTWkfT1hri,DRIVE,50,2023-12-27T10:21:26Z
Jasleen Royal,Panchi Hojavan,7Giuavyq9VnBO4t8XrvQu8,Panchi Hojavan,0,2023-12-27T10:21:26Z
Gramatik,The Prophet,3qwTJFzZawintyB8ssEh6P,SB1,0,2023-12-27T10:21:26Z
Sam Ryder,Tiny Riot,0u7b8p0mxUUNT7xeuYUtlP,Tiny Riot,47,2023-12-27T10:21:26Z
"Pritam, Nikhil D'Souza",Mere Bina,4rSmmC6OYmjVOYxr8ruVWN,Crook (Original Motion Picture Soundtrack),65,2023-12-27T10:21:26Z
Dino James,Boyfriend Reprise,6sHTEEla9IbC3kazfiqtEW,Boyfriend Reprise,28,2023-12-27T10:21:26Z
"Yashraj, Katoptris",DLL,3tvLvOs9tbpBKVo34dkVJk,DLL,37,2023-12-27T10:21:26Z
"Teflon Sega, Kyle The Hooligan, OZZIE",Enemies,2Dh2kfS1Lau3kAKZDwBRDE,Enemies,21,2023-12-27T10:21:26Z
"Lubin, Worek",Robin Hood,2UNayszWC0HLl8SEuxnwAF,Gość,7,2023-12-27T10:21:26Z
"Mrunal Shankar, Deep Kalsi",Drunk Writing,68fL5inwcA83mNZLiTUFaW,Drunk Writing,10,2023-12-27T10:21:26Z
Joji,YEAH RIGHT,1VGzxJnVQND7Cg5H5wGj14,BALLADS 1,13,2023-12-27T10:21:26Z
Jasmeet Jamrai,Atif Aslam Mashup,3JprqJHx0HA8qBGwfZItyq,Atif Aslam Mashup,0,2023-12-27T10:21:26Z
"Faouzia, John Legend",Minefields,0vH52Icuf6LzOFrkHE8mZG,CITIZENS,61,2023-12-27T10:21:26Z
James Marriott,Don't Blame Me,3lxSsNK7pgcR2ZZQN4kRvB,Don't Blame Me,37,2023-12-27T10:21:26Z
"Ikka, Badshah",Trap Munde,4WNVwvCmgaCFHHqyeVC6bG,Trap Munde,37,2023-12-27T10:21:26Z
Myles Smith,Solo - Acoustic,69FczChwCgauZXkRH01owf,Solo (Acoustic),0,2023-12-27T10:21:26Z
"MAX, Ali Gatie",BUTTERFLIES,7eQHxigpuDJjCG50JyzU8v,BUTTERFLIES,9,2023-12-27T10:21:26Z
"Bob Sinclar, FISHER, Steve Edwards",World Hold On - FISHER Rework,2YDOjCfkGciEXxSutB6LJR,World Hold On (FISHER Rework),26,2023-12-27T10:21:26Z
"Elderbrook, Bob Moses",Inner Light,40tPP3K10yMZxwnT65REKj,Inner Light,61,2023-12-27T10:21:26Z
Boy In Space,Caroline,0vS6NZFZeDkTysBqSXay9W,Caroline,36,2023-12-27T10:21:26Z
"ODESZA, Bettye LaVette",The Last Goodbye,4XeIiGpUBshIfs9yrBDVZC,The Last Goodbye,59,2023-12-27T10:21:26Z
"Lofi Fruits Music, Chill Fruits Music",Gangsta's Paradise,2aLmZdasaFf9F3AIM2kM2a,90s Oldschool Lofi Hip Hop,50,2023-12-27T10:21:26Z
Joji,Like You Do,1MONUudxAjEk76FJvzGhuD,Nectar,10,2023-12-27T10:21:26Z
"Seedhe Maut, Sez on the Beat",Anaadi,1WPyADPqefFxzteQt0phXg,Nayaab,36,2023-12-27T10:21:26Z
Alan Walker,The Drum,1zOOl8f7qkjj0AmvlCfLyQ,The Drum,60,2023-12-27T10:21:26Z
"vaultboy, eaJ","everything, everywhere (feat. eaJ)",6ru2VMkOMkSBUKWqrTZYwe,"everything, everywhere (feat. eaJ)",45,2023-12-27T10:21:26Z
TOMORROW X TOGETHER,Chasing That Feeling,0ZPjVmof45INEERgYfadtv,The Name Chapter: FREEFALL,67,2023-12-27T10:21:26Z
DJ Vibrant,Leave Before You Love Me (Tribute Version Originally Performed By Marshmello and Jonas Brothers),3as3ZlUYiGSlxYFZNKrvlo,Leading Tribute Hitz Vol 3,3,2023-12-27T10:21:26Z
Ellie Goulding,Cure For Love,1TkWte8sWopas2feUIqmye,Higher Than Heaven (Deluxe),36,2023-12-27T10:21:26Z
Conor Maynard,Storage,2raxtboskowNEHgAp82hEN,Storage,38,2023-12-27T10:21:26Z
"deadmau5, Kaskade, Elderbrook, Kx5",When I Talk,0u0oY2WuHC8B22p5nF8qsU,When I Talk,43,2023-12-27T10:21:26Z
Anson Seabra,If We Started Talking Again,7jcoJb7IXwMGmLyg7QX0zf,A Heart Is a Terrible Thing to Break,28,2023-12-27T10:21:26Z
MEDUZA,Friends,4kwbbhuemSkRWvtN5dkWmb,Friends,47,2023-12-27T10:21:26Z
"SARRB, Starboy X",Laare,5ajuEZEM2iDXrnVyglrV3i,Moodscape,0,2023-12-27T10:21:26Z
Jeff Satur,Black Tie,5MeRUPtBTANorTH2kD7Cin,Black Tie,45,2023-12-27T10:21:26Z
KastomariN,Friend,5DGObHioundXkpZTZcpV0C,Friend,34,2023-12-27T10:21:26Z
"Ananya Birla, Ikka",Beymaniyaan,2rKn5WOOQ5FeO4ny2OrgMj,Beymaniyaan,21,2023-12-27T10:21:17Z
Eli & Fur,You're so High,0PUepC3WMLlc3FaHI9HBW3,Illusions,54,2023-12-27T10:21:17Z
Music Box Lullabies,Save Your Tears (Lullaby),5HPtxnLPDnO24XHK3YED7X,Music Box Covers,21,2023-12-27T10:21:17Z
"OTR, Devault",Apart Of Me,1GOy0pZHeii4xIOgduiBAF,"Be Quiet, They're Listening",30,2023-12-27T10:21:17Z
"Nick Jonas, Robin Schulz",Right Now (Robin Schulz VIP Remix),5465JGwE8tGGapkqANPe3p,Right Now (Robin Schulz VIP Remix),21,2023-12-27T10:21:17Z
Anirudh Ravichander,"Beast Mode (From ""Beast"")",1aQ58u4guUf999iQX3J2HF,"Beast Mode (From ""Beast"")",61,2023-12-27T10:21:17Z
"Anirudh Ravichander, Nikhita Gandhi","Ordinary Person (From ""Leo"")",6FahmzZYKH0zb2f9hrVsvw,"Ordinary Person (From ""Leo"")",64,2023-12-27T10:21:17Z
Rema,Calm Down,3BnDvpeuGOj21Ir2aVEtQo,Rave & Roses,64,2023-12-27T10:21:17Z
Kaifi Khalil,Purr Ka'n de Glass A,0jlAm33JCLBA1Y01oCe6oA,Purr Ka'n de Glass A,29,2023-12-27T10:21:17Z
"DJ Snake, Tiësto, Justin Bieber",Let Me Love You - Tiësto's AFTR:HRS Mix,7srwQKnqYsIY26Aatbazaq,Let Me Love You (Tiësto's AFTR:HRS Mix),45,2023-12-27T10:21:17Z
"Tiësto, Mathame",Feel Your Ghost,64HfvrHpMhaPArBsmo5QTf,Feel Your Ghost,46,2023-12-27T10:21:17Z
Srmn,Under The Influence,4imS52lrMp8QWZ5wyk1OMD,Under The Influence,0,2023-12-27T10:21:17Z
O2NotNice,ALL IN,7cvGXs9fINuOx6F4fpFmpu,UNVEILED,0,2023-12-27T10:21:17Z
"Sukriti Kakar, Prakriti Kakar, UpsideDown, Mellow D",Over You,0UyZAe6XSZvUMbecCHjssx,Over You,23,2023-12-27T10:21:17Z
Ranjit Bawa,Banned,5gVtrOlntwSJb1ZP8bTiSi,Banned,3,2023-12-27T10:21:17Z
"Ina Wroldsen, Broiler, TDK",Lay It On Me - TDK Remix,6oQWtrkd2jzyhi2yTZYe4R,Lay It On Me (TDK Remix),31,2023-12-27T10:21:17Z
"Libianca, Cian Ducrot",People (feat. Cian Ducrot),0SCOKZU2gpsrvLa4T1VStt,People (Remixes),51,2023-12-27T10:21:17Z
"MEDUZA, Poppy Baskcomb",Upside Down (feat. Poppy Baskcomb),2UDycsru4dEa1UFmyIvKYU,Upside Down (feat. Poppy Baskcomb),51,2023-12-27T10:21:17Z
Topic,Lucid Dream,3fXy7UkU64qm5ezMBf0CTh,Lucid Dream,52,2023-12-27T10:21:17Z
XXXTENTACION,the remedy for a broken heart (why am I so in love),4UKCKdYiLN6IMA5ZESUTL7,?,74,2023-12-27T10:21:17Z
Tunnelvisions,Raga,02AjtALOiamGT65FgyJ2ia,Raga,29,2023-12-27T10:21:17Z
"Zoltan, Dinotello, De Nieuwe Belg",Peaky Blinder - Remix,1eLi2Ulmi7HBsRkgRuTHBz,Hobby,4,2023-12-27T10:21:17Z
Official Bhagat,Jammu Weed Rap,1YxNUS4ulfnclQdG8KASR9,Jammu Weed Rap,38,2023-12-27T10:21:17Z
KISS,Crazy Crazy Nights,3YSfGJNDtF8KrHlwCAaVns,Crazy Nights,58,2023-12-27T10:21:17Z
No Doubt,Don't Speak,6urCAbunOQI4bLhmGpX7iS,Tragic Kingdom,77,2023-12-27T10:21:17Z
Khan Bhaini,Off Roading,7ACiSZtIVMpPMNeyQcxm5Y,Off Roading,62,2023-12-27T10:21:17Z
"Dallerium, Olive",How Do I Sleep Now,3EtXo9cEurLpblcdWHuBjT,How Do I Sleep Now,50,2023-12-27T10:21:17Z
"John Summit, HAYLA",Where You Are,4qDpLaFGf5ampf2DXD2TMA,Where You Are,69,2023-12-27T10:21:17Z
Dezko,Ascend,199wv1uOJYZ1XyK8FTzwh2,Ascend,67,2023-12-27T10:21:17Z
Gustavo Bravetti,Babel,6b8VuRQmxLjUM4KvqpuYOP,Babel,58,2023-12-27T10:21:17Z
19Clouds,Nobody,6I3vPqMmEv0pjRBxKBnrk7,Nobody,50,2023-12-27T10:21:17Z
Darshan Raval,Mujhe Peene Do,3FbZoPzEaUBOD84l1FwFEH,Mujhe Peene Do,67,2023-12-27T10:21:17Z
"Bhoomi Trivedi, Sukhwinder Singh, Karsan Sagathia",Udi Udi Jaye,5J5Oam2frcy5zQnOCb3Cdr,Raees (Original Motion Picture Soundtrack),49,2023-12-27T10:21:17Z
"Arijit Singh, Shreyas Puranik, Siddharth - Garima","Satranga (From ""ANIMAL"")",3yHyiUDJdz02FZ6jfUbsmY,"Satranga (From ""ANIMAL"")",77,2023-12-27T10:21:17Z
"Ali Zafar, Danny Zee, Mykko Montana",Sushi // Woofer Paar De! (feat. Mykko Montana),2K82VcYXD0fzFfLhYadvCC,Sushi // Woofer Paar De! (feat. Mykko Montana),22,2023-12-27T10:21:17Z
Ellie Goulding,Better Man,2BHbnX2TI08CyUa9gWFeqK,Higher Than Heaven (Deluxe),32,2023-12-27T10:21:17Z
Craig Pruess & Ananda,Ganesh Invocation,0MDi8eJKTGkVzib7RZpjyD,108 Sacred Names of Mother Divine,39,2023-12-27T10:21:17Z
Louis Armstrong,I Guess I'll Get The Papers And Go Home,4wembAniJ3wzeuDtYO3OQv,What A Wonderful World,32,2023-12-27T10:21:17Z
"Atif Aslam, Vipin Patwa",Sehmi Hai Dhadkan,3LGuX0qaxggGZh0b1Io7G8,Daas Dev (Original Motion Picture Soundtrack),36,2023-12-27T10:21:17Z
"Diljit Dosanjh, Sia, Greg Kurstin",Hass Hass,72vuBPMhwFNlSYpTSf6fVD,Hass Hass,73,2023-12-27T10:21:17Z
KhullarG,ASHLEEL CHHORA,5MSMJ886JipACcGLRm1GHa,ASHLEEL CHHORA,34,2023-12-27T10:21:17Z
"Farhan Saeed, Aima Baig",Na Cher Malangaan Nu,2mkzhEH79XteEuzHjenNeg,Na Cher Malangaan Nu,44,2023-12-27T10:21:17Z
"Müslüm Arı, Furkan Sert, Mr. Gun, YRYS",Silence,67lcZSGIARq2q2kcZLa5fq,Silence,25,2023-12-27T10:21:17Z
"Topic, Sasha Alex Sloan",Saving Me,35SNaNea9zk1oWk3IzrSKJ,Saving Me,40,2023-12-27T10:21:17Z
Dezko,Ascend (My Mind Edit),5m2z3gWspjmiOkKZ5QCyxp,Ascend,51,2023-12-27T10:21:17Z
Epr Iyer,Koi Gham Nahi,0xvvQub2aEkFf9ZVVbjFE9,Koi Gham Nahi,37,2023-12-27T10:21:17Z
Tash Sultana,Jungle - Radio Edit,0d8Y4Xh4m4suQ6D8N7AOrK,Jungle (Radio Edit),49,2023-12-27T10:21:10Z
Kidshot,Flavours Freestyle,4F3CqkJyX25EfxvovuQA4y,Flavours Freestyle,19,2023-12-27T10:21:10Z
"Raga, Harjas Harjaayi",Badan,6HZVYWwSmbYJAnntaEgFQF,Badan,37,2023-12-27T10:21:10Z
Atif Aslam,Meri Kahani,0ShD5dxdAfDHx01sm20ybX,Meri Kahani,47,2023-12-27T10:21:10Z
"Rap ID, Katto",Majdoor,4a10MhyO27F8KfCGmS53pu,Majdoor,3,2023-12-27T10:21:10Z
KSHMR,Heartbeat,5jUhodriWI7nb4i3kDxNBH,Heartbeat,41,2023-12-27T10:21:10Z
Firaag,Tu He Tu,5QlAHrXN3eOc1AUIDijEU5,Tu He Tu,0,2023-12-27T10:21:10Z
Epr Iyer,A Prelude To Uncertainty,7CE5DA1O9AKrkXxqqBfrwP,Uncertainty Principle,9,2023-12-27T10:21:10Z
Epr Iyer,Tum Saath Raho,3Mnz6cNi3tYSxbw2qGCYIP,Uncertainty Principle,9,2023-12-27T10:21:10Z
Epr Iyer,Kaun?,3eIpWVtLUwmzMk7IFict4U,Uncertainty Principle,10,2023-12-27T10:21:10Z
Avicii,Wake Me Up,0nrRP2bk19rLc0orkWPQk2,True,83,2023-12-27T10:21:10Z
"Marshmello, Khalid",Silence,7vGuf3Y35N4wmASOKLUVVU,Silence,79,2023-12-27T10:21:10Z
"Doja Cat, DJ Sliink",Streets - DJ Sliink Remix,2OlXEjn4FufYIVL9KC1FHO,Streets (Remixes),36,2023-12-27T10:21:10Z
Sia,Unstoppable,1yvMUkIOTeUNtNWlWRgANS,This Is Acting (Deluxe Version),77,2023-12-27T10:21:10Z
Eesti Raadio laululapsed,Kuula ikka väiksemat,6x1H2gYSzuZ1G6XiuflCJ2,Kuula Ikka Väiksemat,10,2023-12-27T10:21:10Z
"Epr Iyer, Neeti Mohan",Imtihaan - Royal Stag Packaged Drinking Water Boombox,3NSxW6HhOKYWG9hRY85IjD,Imtihaan - Royal Stag Packaged Drinking Water Boombox,7,2023-12-27T10:21:10Z
Ikka,Nindra,4AtXtPu4lb02rgcCckxKXC,Monsoon with Ikka,3,2023-12-27T10:21:10Z
NK,Elefante,5s727A4OsVB8vG8eBo2D0s,Elefante,45,2023-12-27T10:21:10Z
"Raftaar, Salim Merchant, Karma",Tu Phir Se Aana,3BtD46l3JVcPAmwX6NhMCq,Tu Phir Se Aana,22,2023-12-27T10:21:10Z
"MEDUZA, James Carter, HotLap, Elley Duhé, FAST BOY",Bad Memories - HotLap Remix,58RPgfowrP1FsONgGfF5EM,Bad Memories (The Remixes),25,2023-12-27T10:21:10Z
Speedcore,Weekend - Sped Up With Marc Korn x Semitoo x Renee,4E1ASKdESUtCGPRtQlJWgb,Sped Up Winter Hits 2024,5,2023-12-27T10:21:10Z
"Khalid, Empress Of",Suncity (feat. Empress Of),6SkHm6poyKfzV6kc9any8k,Suncity,52,2023-12-27T10:21:10Z
"Seedhe Maut, MC STAN",Nanchaku,6YwiqqQ5xoeUkPwrn9cfEw,Nanchaku,44,2023-12-27T10:21:10Z
"Young Stunners, Talha Anjum, Talhah Yunus",Laga Reh,10w67dAkiT6KBFxTFEVDCL,Laga Reh,54,2023-12-27T10:21:10Z
Sush & Yohan Music,Love Bites,45c5vOLwyLeOW7tHLoNF1M,Love Bites,0,2023-12-27T10:21:10Z
"Purple Disco Machine, Kungs, Julian Perretta",Substitution (feat. Julian Perretta),2F2p7b5Xq20mRyEeWYaeUF,Substitution (feat. Julian Perretta),67,2023-12-27T10:21:10Z
Habib Wahid,Doob,2ipT4SEZMg1S8rQZEyB4m1,Projapoti,34,2023-12-27T10:21:10Z
"Alok, Alida",Love Again (feat. Alida),63bWXWGcWnRQvdS8bJWdkB,Love Again (feat. Alida),57,2023-12-27T10:21:10Z
Raftaar,"Move - From ""Mr. Nair""",3yGwYssCmuHHoafugTX7qq,"Move (From ""Mr. Nair"")",36,2023-12-27T10:21:10Z
Pandit Chhannulal Mishra,Ram Raga,1eRIwv0V2g6jNoRGfNctLu,Ram Raga,4,2023-12-27T10:21:10Z
Dino James,Thanks A Lot,7esUFG7ULSXFgFYEySeoMk,Thanks A Lot,37,2023-12-27T10:21:10Z
"Sachin-Jigar, Anand Tiwari, Kunal Khemu, Raj Nidimoru, Krishna DK, Bornalee Deuri",Babaji Ki Booti,4OFgWq4bcGSFH9RSrr30Po,Go Goa Gone (Original Motion Picture Soundtrack),43,2023-12-27T10:21:10Z
"Faris Shafi, Meesha Shafi",Muaziz Saarif,1TPgAMmMXduvgNxn5T6YrD,Coke Studio (Season 14),15,2023-12-27T10:21:10Z
realG,Nishu - Ikka Remix,1RLeooLuQdO9eUUI9ZHGW4,Nishu (Ikka Remix),0,2023-12-27T10:21:10Z
Smerz,Versace Strings,6JAmWTVfU9uwJDcXi7SERD,Believer,22,2023-12-27T10:21:10Z
Bella Poarch,Dolls,0tFUl3tPqBzUM2aV0gitdq,Dolls,56,2023-12-27T10:21:10Z
Monoir,Get Back to Me,4KkQNRONGI7PKYGjdMXJuJ,Get Back to Me,26,2023-12-27T10:21:10Z
Dino James,Bin Bulaye,2xefupDio0it7dMuZBn76k,Bin Bulaye,33,2023-12-27T10:21:10Z
"Umair, HASHAM, Anaaz, Zallard",4AM,6UE72CpcT51O3cuERyoVbC,Better Now (Chapter 2),6,2023-12-27T10:21:10Z
Dave202,Loving You,241HSRwD09yM6S7d4pdiZf,Loving You,2,2023-12-27T10:21:10Z
Seedhe Maut,Nawazuddin,2T5fqWd6Lisq3NWfy5thLh,न,41,2023-12-27T10:21:10Z
Buddha's Lounge,Calming Raga,1r6obmgE40wJUq8UfnoKHT,Yoga Flute Meditation,38,2023-12-27T10:21:10Z
Prabh Gill,Naal Naal,1Ma5QxspGhTovmqqqTz3fF,Naal Naal,41,2023-12-27T10:21:10Z
Dino James,D N Me,7mWRXjNACrDySRXSmY9H80,D,30,2023-12-27T10:21:10Z
"Sofi Tukker, Charlie Barker",Good Time Girl,1kdL29tfKlxVKxLiXy8WuS,Treehouse,0,2023-12-27T10:21:10Z
Alex Upadhyay,Billie Eilish Raga,3sJdoBKjyfGIKDmQSQNGvp,Billie Eilish Raga,3,2023-12-27T10:21:10Z
Ömer Bükülmezoğlu,Paradise,54ovV7j0ouEP5vbAzQUoaZ,Paradise,32,2023-12-27T10:21:01Z
"Jax Jones, Calum Scott",Whistle (feat. Calum Scott),4q05KbxYZ5JdkmrletgPjF,Whistle (feat. Calum Scott),68,2023-12-27T10:21:01Z
Ömer Balık,Last Time,6VmK90qPxCYXku3fpry4EI,Last Time,39,2023-12-27T10:21:01Z
"Raftaar, Sikander Kahlon",F16,2KFuYtZf6KxzDE6PogFxMK,HARD DRIVE Vol. 1,42,2023-12-27T10:21:01Z
"Raftaar, Faris Shafi",JASHAN-E-HIP-HOP,5EyMW7eXYVkB1pwXqrGq5c,HARD DRIVE Vol. 1,46,2023-12-27T10:21:01Z
Epr Iyer,ADR / ABR,3faEoggws1ChcZfmRTbFD4,ADR / ABR,29,2023-12-27T10:21:01Z
"Hassan & Roshaan, Zahra Paracha",Intezaar,4UnGkYXLwj8cgWYN2EBA3F,Day 5,0,2023-12-27T10:21:01Z
Ömer Bükülmezoğlu,Never Mind,7wpiEIawqFAre7wPbheC9i,Never Mind,25,2023-12-27T10:21:01Z
"Alok, Ava Max",Car Keys (Ayla),00E0Z2jrF7reoHps4zcbWQ,Car Keys (Ayla),68,2023-12-27T10:21:01Z
"Jasleen Royal, Ranveer Allahbadia, Ujjwal Kashyap",Sang Rahiyo,0ecW7IqLKhzKTPeqLSNc0V,Sang Rahiyo,2,2023-12-27T10:21:01Z
"Faris Shafi, Mooroo",Awaam,5XzB6DcjqqBVxbso2DeaaH,Awaam,26,2023-12-27T10:21:01Z
Aman Glory,Meditate To Elivate,11i4w0Mee56QSpCHcUf0wc,In The Name Of Love,48,2023-12-27T10:21:01Z
"Dua Lipa, Angèle",Fever,3wJVBz7gvGTwTWVAxFa6ny,Fever,59,2023-12-27T10:21:01Z
Kamro,Azeri Kavkaz,4H2TBwM8SyKxWODnNSQSZp,Azeri Kavkaz,19,2023-12-27T10:21:01Z
"DG IMMORTALS, Raga, Harjas Harjaayi, VIRTUAL_AF, DARK HORSE",KALESHI CHORI,4gh9dS18pAbFXzxzq3hpdM,Systumm,6,2023-12-27T10:21:01Z
"Switch Disco, Ella Henderson, Robert Miles",REACT,1UPHCP5YeVfele4DMbdGyi,REACT,68,2023-12-27T10:21:01Z
"Regard, Olly Alexander (Years & Years)",Hallucination,7y3c1oJMY1CwwtOZ84Qovu,Hallucination,60,2023-12-27T10:21:01Z
"Calvin Harris, Sam Smith, Alok",Desire (with Sam Smith) - Alok Remix,7qyoYlYSgfeTqAqJXmoIKe,Desire (with Sam Smith) [Alok Remix],47,2023-12-27T10:21:01Z
Ömer Bükülmezoğlu,Don't Cry,4KNdCHBkU3Ds5s8soKVabO,Don't Cry,33,2023-12-27T10:21:01Z
"Romy, Fred again..",Strong,5bF00VrMY3FwnQDgoP4Gnk,Strong,53,2023-12-27T10:21:01Z
AMEN,Kokaina,3TtbteEvzoYfSqFHnFYmvS,Kokaina,35,2023-12-27T10:21:01Z
Hayit Murat,I Need You,2swq6zNzCcZqk3HSJbihqu,I Need You,5,2023-12-27T10:21:01Z
Atif Aslam,Ajnabi,6oaTKBxlfKMt5gSQ8eNHhK,Ajnabi,35,2023-12-27T10:21:01Z
Kíy,Cuud Neva,75o3LFCHyszPSLgA574Gdu,Cuud Neva,10,2023-12-27T10:21:01Z
Cassette,My Way,2iF4dO8fdzKQERSCUJ0TD7,My Way,45,2023-12-27T10:21:01Z
"Rap Demon, Somee Chohan, Mustafa Kamal",Malaal,3FYyMi6xndFDrqPUIDqFDa,Malaal,0,2023-12-27T10:21:01Z
Troye Sivan,Got Me Started,31MNHKE86sEXzIglbGQ6mu,Something To Give Each Other,71,2023-12-27T10:21:01Z
Sam Smith,Kids Again,5LL9lSNn26GBoC5StQ3itk,Love Goes,43,2023-12-27T10:21:01Z
Ganeshsingh Rathore,Chale Sabse Dur,0912JziGoyyDFCu2WGwaIq,Chale Sabse Dur,32,2023-12-27T10:21:01Z
"Dhadi Tarsem Singh Moranwali, Mani Cheema, Jazzy B",Sikhi Vs Maut,3bwqdV3a5HtFQXqnXJT3as,Sikhi Vs Maut,23,2023-12-27T10:21:01Z
"Faouzia, John Legend",Minefields,1OU4E4HiVjdak0mL4blVWT,Minefields,60,2023-12-27T10:21:01Z
Sam Smith,Fix You - Live,0Hbn9DrKJiXgoQdVSwBn7B,Fix You (Live),51,2023-12-27T10:21:01Z
Faris Shafi,With Love,7o8Hz7VCKEED78JDReFSQ2,With Love,30,2023-12-27T10:21:01Z
"Kays Beatz, Cheb Mami",Desert Rose - Remix,7FGPSdrg99DKx4n2BWFP39,Desert Rose (Remix),8,2023-12-27T10:21:01Z
Loreen,Is It Love,5JEzgajKcC4eIQfRu3cZk7,Is It Love,65,2023-12-27T10:21:01Z
KENTENSHI,paranoia,7w4t6sPVdboBZpa5prmUuj,paranoia,5,2023-12-27T10:21:01Z
"KSHMR, Seedhe Maut, Karan Kanchan",Bhussi,5uDFA1rJpnamXMu1PSsPy7,KARAM,37,2023-12-27T10:21:01Z
"Yo Yo Honey Singh, Tahmina Arsalan",Ashk,6HhKteXINlt4vHugB5R3LW,Ashk,34,2023-12-27T10:21:01Z
"Post Malone, Roddy Ricch",Cooped Up (with Roddy Ricch),7DwcBgdzqhFJltEaV1XF81,Cooped Up,57,2023-12-27T10:21:01Z
"Nonso Amadi, Tamera",Shivers (with Tamera),1u7TMcp4AiWoQNRGeAWr9Z,When It Blooms,33,2023-12-27T10:21:01Z
Ömer Bükülmezoğlu,Cry,6TmjDJEQwxtk6UexpYsFSN,Cry,0,2023-12-27T10:21:01Z
"Diplo, Sturgill Simpson, Dove Cameron, Johnny Blue Skies","Use Me (Brutal Hearts) (feat. Sturgill Simpson, Dove Cameron & Johnny Blue Skies)",6tRzd5IvfCywkLX8OdTDiB,Diplo Presents Thomas Wesley: Chapter 2 - Swamp Savant,37,2023-12-27T10:21:01Z
"Bir, Dhanju, Daaku",Divine,0HbqZGZHozlmoZNQEdCMCP,Divine,38,2023-12-27T10:21:01Z
"RAYE, Rudimental, Bhaskar",Regardless - Bhaskar Remix,4bnUTg8qGHSpNoQTVIIqUV,Euphoric Sad Songs (Dance Edition),17,2023-12-27T10:21:01Z
"Alfaaz, Yo Yo Honey Singh",Tell Me Once,7HXYJuCzuzavvKWQvdRbkH,Tell Me Once,39,2023-12-27T10:21:01Z
Saint Levant,Nails,1li7Wh7pzMhBwMRjCUXlXV,Nails,51,2023-12-27T10:21:01Z
Produzz,OMG,2tawrS7zMblv2z5FcBVRUe,OMG,0,2023-12-27T10:20:53Z
"Talal Qureshi, Hasan Raheem, Maanu",SWEETU,7HwkCWwndPqQXozRbGCKYd,SWEETU,32,2023-12-27T10:20:53Z
The Weeknd,Often,4PhsKqMdgMEUSstTDAmMpg,Beauty Behind The Madness,78,2023-12-27T10:20:53Z
"Yashraj, Dropped Out, Talwiinder",Dhundhala,5XseQZ9TGr06Rv1Ye6wCu0,Dhundhala,63,2023-12-27T10:20:53Z
"QARAN, The Rish","Haanji (From ""Thank You For Coming"")",7JZAcxnLg6SwWKWH1VNFmU,"Haanji (From ""Thank You for Coming"")",26,2023-12-27T10:20:53Z
A.CHAL,000000,5QeUZ1Z4xSCegBXutW3IIt,EXOTIGAZ,51,2023-12-27T10:20:53Z
"SICKOTOY, Elvana Gjata, INNA",Papa,3gD2EgOb6UHhzPSz78xzvt,Papa,48,2023-12-27T10:20:53Z
"Mohit Chauhan, Rochak Kohli",Rang Lageya,4svSc7BE6r9xMEk0GosnVu,Rang Lageya - Single,49,2023-12-27T10:20:53Z
Kashmir,Khwaab - Chill Mix,1COk1xwzrFGnLhgp7FQbTa,Khwaab Pt. 2 / Alternative,3,2023-12-27T10:20:53Z
"Faris Shafi, Talal Qureshi",HUM,5KA3Z4EJI3qM7S3tMee6Mj,HUM,26,2023-12-27T10:20:53Z
King,Sarkaare,2o9flwCy1QzBc6VEwcPooM,NEW LIFE,47,2023-12-27T10:20:53Z
"Monoir, Andrei Ursu",Ocean Eyes,1o7o97ha9xsNq0RlH0IFwu,Ocean Eyes,24,2023-12-27T10:20:53Z
Hideaway Beatz 200,Happy Now (Tribute Version Originally Performed By Kygo and Sandro Cavazza),2LJvEKuKj3OZkqY9V2zgU2,Fast Lane Tribute Trackz Vol 8,0,2023-12-27T10:20:53Z
"Faris Shafi, Talal Qureshi",Vitamin D,1Sy1Y7Kug6XseJi7Oy7enX,Vitamin D,28,2023-12-27T10:20:53Z
"Evangelia, Kelvin Jones",Diving,6X7O1o1SFnOyAnl2m80QVo,Diving,26,2023-12-27T10:20:53Z
"Sofi Tukker, John Summit",Sun Came Up,4OssNR8i2CZHzIBJDxRh2e,WET TENNIS,49,2023-12-27T10:20:53Z
Jain,Makeba,5JdLUE9D743ob2RtgmVpVx,Zanaka,66,2023-12-27T10:20:53Z
Farqin Azad,Azadi,2AHCA9k5xy66EQp88rr6pU,Farqin Azad Akustik Konser 2022,4,2023-12-27T10:20:53Z
Rajesh Rajnish,Jayeda Ae Jaan,37ajyz0Pf5anQCsVNCW1Ev,Nirahua Hindustani (Original Motion Picture Soundtrack),18,2023-12-27T10:20:53Z
Camila Cabello,Cry for Me,40nPimvmG05WYS7983bawZ,Cry for Me,49,2023-12-27T10:20:53Z
Jonathan Roy,Keeping Me Alive,0UjQCF5QiZDkqQjIBV7VF7,Keeping Me Alive,42,2023-12-27T10:20:53Z
mike.,right now,3JCnNq0SyOB1seL9FcXdXI,the highs.,38,2023-12-27T10:20:53Z
"Mura Masa, Shura",Love For That,76I1mEj3vKHgwwO43MdNpI,Love For That,32,2023-12-27T10:20:53Z
Shamoon Ismail,Basanti,5CKYDEDJj9aHhGKSL0Gkjv,Basanti,12,2023-12-27T10:20:53Z
Prabh Deep,Amar,12IT9FwJuLloQ00BBqrqh2,Amar,33,2023-12-27T10:20:53Z
Ali Sethi,Rung,2X28tXejMbdkdoe7FYHlVe,Rung,1,2023-12-27T10:20:53Z
Post Malone,Wrapped Around Your Finger,6Kfoo60npYPdvNxMPMiDpX,Twelve Carat Toothache,64,2023-12-27T10:20:53Z
Tate McRae,greedy,3rUGC1vUpkDG9CZFHMur1t,greedy,86,2023-12-27T10:20:53Z
Halsey,Die 4 Me,6VYAzAQGFsfEAwdorQaZuU,Die 4 Me,56,2023-12-27T10:20:53Z
Taha G,Aankhon Mein Aansu,6S9wFxOlnz42LpCKIhlpJR,Aankhon Mein Aansu,30,2023-12-27T10:20:53Z
"Dino James, Jasleen Royal",Pehle Jaisi Baat Nahi - Royal Stag Packaged Drinking Water Boombox,5UzLUzgZvmf5QfELOQcTAF,Pehle Jaisi Baat Nahi - Royal Stag Packaged Drinking Water Boombox,34,2023-12-27T10:20:53Z
"Parvaaz, Michael Anthony Dias",Beparwah,6DLdRRieCPBwUND4P9xmVn,Baran,22,2023-12-27T10:20:53Z
"Anthony Keyrouz, Ash",Jasmine,1yfmfunh1tZ2iU3JG30iwo,Jasmine,37,2023-12-27T10:20:53Z
Atanu Das,AP Dhillon remix,1gViHKnBdXKKFm4Yopqz90,AP Dhillon remix,0,2023-12-27T10:20:53Z
"Ariana Grande, The Weeknd",Love Me Harder,37NfmgIw3hLatdtt7c8PNm,The Highlights,48,2023-12-27T10:20:53Z
"Camila Cabello, WILLOW",psychofreak (feat. WILLOW),705dwKmZCd7ImAUyyD6Mpm,Familia,52,2023-12-27T10:20:53Z
NAALAYAK,Sahil,5yxXTALRGVq4l2yzrBSyt3,Hindi Gaane,21,2023-12-27T10:20:53Z
"Hasan Raheem, Umair",Aisa Hi Hun,3gu9ZDobPMFUCMwBnuWARG,"Maybe, It's Love",35,2023-12-27T10:20:53Z
INNA,Nirvana,36KGNMxMTsF71NT6CzohXj,Nirvana,35,2023-12-27T10:20:53Z
"Hassan & Roshaan, Quratulain Balouch",Bandhan,3akoaFxqxnPQWl376rbVCt,Bandhan,0,2023-12-27T10:20:53Z
"Atif Aslam, Abdullah Siddiqui",GO,1runK0sYWCg2GzV3Klk066,Coke Studio (Season 14),36,2023-12-27T10:20:53Z
Diganti Sandis,Tere Hawale - Female Unplugged,77DQQV58F8MiwVT2UcUXBV,Tere Hawale (Female Unplugged),18,2023-12-27T10:20:53Z
Shamoon Ismail,Jutt Blues,0aDyHraZ6laMbneGXcHVxI,Jutt Blues,18,2023-12-27T10:20:53Z
A.CHAL,Pink Dust,6NBIVEBrIcrxI9SMfSPNHl,Pink Dust,33,2023-12-27T10:20:53Z
Shamoon Ismail,Tuntuna,1OkAxAQawPzy5hYfDzhoSv,Tuntuna,30,2023-12-27T10:20:53Z
"Talal Qureshi, Hasan Raheem",PAISA,5vwe8vW5fEJgymhjfol1cu,PAISA,38,2023-12-27T10:20:53Z
Jonas Myrin,For The Ones We Love,04SDrly80EKgl1vlnskm7J,For The Ones We Love,25,2023-12-27T10:20:47Z
Oren Eytan,Friday night,6gYyDoA8bcANLvUT2cmpxl,Piano 5,10,2023-12-27T10:20:47Z
"Faisal Kapadia, Young Stunners",Phir Milenge,3yBbbbZNbo4ymn99Y2zoCj,Phir Milenge,53,2023-12-27T10:20:47Z
Evangelia,Ónira,0WY2dHVeYd7uakneW7Qtj4,Ónira,26,2023-12-27T10:20:47Z
ZAYN,There You Are,5y4XJ9UFS5eOdoYPF5pSAE,Icarus Falls,60,2023-12-27T10:20:47Z
ZAYN,Entertainer,4By48hpAtUx7F7F1yxvwvm,Icarus Falls,60,2023-12-27T10:20:47Z
Numen,I Ke Harru - Part 2,5TbNvTf2yhSkHAlMZrZa0j,I Ke Harru (Part 2),35,2023-12-27T10:20:47Z
Emie,Deja Vu,5dAEMvJ1DpA1MXiMwQ527I,Deja Vu,4,2023-12-27T10:20:47Z
"Rupert Pope, Giles Palmer, Eller",My Oxygen,2IADhk5gXwSIh33pMpaxTN,Chilled Pop,0,2023-12-27T10:20:47Z
"Doechii, Kodak Black",What It Is (Block Boy) (with Kodak Black),1O8zCu3dLLPxkbGfIsbRgE,What It Is (Block Boy) (with Kodak Black),65,2023-12-27T10:20:47Z
HAEVN,Trade it for the Night,5eTeLVyJv5PT9SVFuOmycc,Trade it for the Night,3,2023-12-27T10:20:47Z
"Ilkay Sencan, INNA",Talk,5CeJEAymOXlcuTMeV0tGW8,Talk,26,2023-12-27T10:20:47Z
"Sunanda Sharma, Bilal Saeed",Udh Di Phiran,4sTY5k1xidkZWbtvVZrft3,Udh Di Phiran,58,2023-12-27T10:20:47Z
"Khalid, Summer Walker",Eleven (feat. Summer Walker),18O00Y7yrkJ0pRXm1n21Og,Eleven (feat. Summer Walker),61,2023-12-27T10:20:47Z
"Sofi Tukker, Mahmut Orhan",Forgive Me,4XjTvY0x7RR7cy8inojCkO,Forgive Me,39,2023-12-27T10:20:47Z
"The Weeknd, Ariana Grande",Save Your Tears (with Ariana Grande) (Remix),37BZB0z9T8Xu7U3e65qxFy,Save Your Tears (Remix),77,2023-12-27T10:20:47Z
"Talha Anjum, Umair",Downers At Dusk,5qolX8ncpZ8R6TfKbvTzbA,Open Letter,43,2023-12-27T10:20:47Z
"Arash, Helena",Dooset Daram (feat. Helena) - Filatov & Karas Extended,437JuzzSndEskNz0OX74cQ,Dooset Daram (feat. Helena),17,2023-12-27T10:20:47Z
Bastard!,F..k That,0ylepG022Re3ixU98W4iNi,Pro-LUBOV,6,2023-12-27T10:20:47Z
"Ash, Amelie Martinez",Big in Japan,49uuX76cJwR4lrUFnDJTZV,Big in Japan,44,2023-12-27T10:20:47Z
Talwiinder,Jor,3VC7xoVgPpafmM9v4hmw3K,You Haven't Heard This?,34,2023-12-27T10:20:47Z
"Post Malone, Doja Cat",I Like You (A Happier Song) (with Doja Cat),0O6u0VJ46W86TxN9wgyqDj,Twelve Carat Toothache,75,2023-12-27T10:20:47Z
INNA,Flashbacks,7AB1TtGbNXkixdYZtJRb4u,Heartbreaker,53,2023-12-27T10:20:47Z
Selena Gomez & The Scene,Love You Like A Love Song,0laYHRpNTS6i8FXdupHkJ4,When The Sun Goes Down,79,2023-12-27T10:20:47Z
"Nina Simone, Sofi Tukker",Sinnerman - Sofi Tukker Remix,6Au1l0egQFYxbnCZxakoOL,Sinnerman (Sofi Tukker Remix),58,2023-12-27T10:20:47Z
Parah Dice,Hot,74Z5WFyFgaukp5WkV6fkX2,Hot,1,2023-12-27T10:20:47Z
"Deeperise, Eneli",Dahlia Girl,1ibXekJRK6oIiQTJyujkts,Dahlia Girl,33,2023-12-27T10:20:47Z
Evangelia,Fotiá,2lvpx8iTGmC7MD9GaJ0ga0,Fotiá,35,2023-12-27T10:20:47Z
"JJ47, Jokhay",DO DAFA,4A2nAyDWVQLXtIi746DIcu,DO DAFA,0,2023-12-27T10:20:47Z
Roddy Ricch,The Box,0nbXyq5TXYPCO7pr3N8S4I,Please Excuse Me for Being Antisocial,80,2023-12-27T10:20:47Z
Jared Benjamin,Doomsday,272Wknlq3GPjkoFUuLDHKx,Doomsday,54,2023-12-27T10:20:47Z
Sasha Alex Sloan,Dancing With Your Ghost,4coYn6E3vS3DfxZNsCyeSl,Self Portrait,39,2023-12-27T10:20:47Z
"Imanbek, DVBBS",Ocean of Tears,4rOAgVsRN0406fKoOFodbx,Ocean of Tears,6,2023-12-27T10:20:47Z
"Sam Smith, Burna Boy",My Oasis (feat. Burna Boy),1F2K8y7e7STRGCySkEpBtT,Love Goes,59,2023-12-27T10:20:47Z
"Stormzy, Debbie, Jacob Collier",Give It To The Water,2jqHecEIGTgFcfOEYBpq8X,This Is What I Mean,43,2023-12-27T10:20:47Z
"Hasan Raheem, Umair, Talha Anjum",Wife You,5A7uVk7orEzrR9NA8ppFus,"Maybe, It's Love",52,2023-12-27T10:20:47Z
"Egzod, Maestro Chives, Don Diablo",Royalty - Don Diablo Remix,78zKViVRByb2f2TowJKNEI,Royalty (Don Diablo Remix),45,2023-12-27T10:20:47Z
"Sofi Tukker, Mahmut Orhan",Swing - Mahmut Orhan Remix,53UPLafka6xWNDyDmOnNqy,Swing (Mahmut Orhan Remix),0,2023-12-27T10:20:47Z
"Alok, Sofi Tukker, INNA",It Don’t Matter,0cnFCOB8DxHmRLPjmgtptA,Annual 2021,47,2023-12-27T10:20:47Z
"Monoir, Eneli",3 to 1,1n1mBqf22FPTfM8OTD7ToW,3 to 1,31,2023-12-27T10:20:47Z
"naBBoo, Eneli",Out of My Mind,62otxJ8rSrsmXSRw3wJFOt,Out of My Mind,0,2023-12-27T10:20:47Z
Sofi Tukker,Hey Lion,708tfEeWMOyBbu5VngF5JS,Soft Animals EP,27,2023-12-27T10:20:47Z
"Vanotek, Eneli",Tell Me Who,5fRJq6qdrDYqCjwDBbRpX8,Tell Me Who,0,2023-12-27T10:20:47Z
Ina Wroldsen,Strongest,7FIcIjKaQJpy0vWWFZMZGH,Strongest,50,2023-12-27T10:20:47Z
"Mahmut Orhan, Irina Rimes",Schhh (feat. Irina Rimes),5OUdPlYOMsAxozx02nsnj0,Schhh (feat. Irina Rimes),47,2023-12-27T10:20:47Z
Talwiinder,Dila,1xThr1zOBYkjlW3FvhoD9V,Dila,27,2023-12-27T10:20:39Z
Daniel Di Angelo,LOYALTY,2i5Tv2YmhhSyyKsnT5zjHR,LOYALTY,49,2023-12-27T10:20:39Z
"Taimour Baig, Raffey Anwar",Naah Mila,6pmElPGIavcYsTBeQ2dBqt,Naah Mila,14,2023-12-27T10:20:39Z
"Cloudy June, emlyn",You Problem,4KQODLeXGCDfixEiUX6aDF,You Problem,45,2023-12-27T10:20:39Z
Afro B,Drogba (Joanna),0dCOSNPQizhMMjO6UxGlzi,Afrowave 2,60,2023-12-27T10:20:39Z
"Talwiinder, NDS, mxdnxght",Andaaz,4TkdhqzQIfL6HDfAE0k72o,Andaaz,28,2023-12-27T10:20:39Z
"CHATARRITA, Guaracha Sound, Guaracha Aleteo Vip",Tussilandia,1dIFSiculbAFs5cirAdgmy,Tussilandia,17,2023-12-27T10:20:39Z
Sultan + Shepard,Assassin,1xjvIE3l0BACb24sF2TpPH,Assassin,40,2023-12-27T10:20:39Z
Tyga,Floss In The Bank,3hyKSdJDcYJQgRp3kMrfcs,Legendary (Deluxe Edition),38,2023-12-27T10:20:39Z
Sean Chung,Money Dance,5D5Na4IEFZ0rG6pd8L246F,Money Dance,25,2023-12-27T10:20:39Z
Armağan Oruç,Let's Go!,0EuGL7IijmuB9XMJEbHwiu,Let's Go!,28,2023-12-27T10:20:39Z
Jeona,Cannabis,4FBczZHxue4pK70Lh8n4w3,Cannabis,22,2023-12-27T10:20:39Z
AUR,Sometimes,09UO7x8sB2AS9EohJyS61g,Sometimes,0,2023-12-27T10:20:39Z
"ChrispyD, Abstract",push your luck,1dr4dW5OzyBRTLt24DxafQ,push your luck,21,2023-12-27T10:20:39Z
"Taimour Baig, Raffey Anwar",Society,4OC5wodBkZ2UttaGEdgvLK,Society,2,2023-12-27T10:20:39Z
Sum 41,Still Waiting,0jqK7sGTLsHPkQrrcrGuKD,Does This Look Infected?,71,2023-12-27T10:20:39Z
Twenty One Pilots,Stressed Out,3CRDbSIZ4r5MsZ0YwxuEkn,Blurryface,83,2023-12-27T10:20:39Z
"Clean Bandit, Sean Paul, Anne-Marie",Rockabye (feat. Sean Paul & Anne-Marie),5knuzwU65gJK7IF5yJsuaW,Rockabye (feat. Sean Paul & Anne-Marie),70,2023-12-27T10:20:39Z
"Talha Anjum, Umair, Annural Khalid",Kyun,4lDmFJg35YoU7GDDRMSHdA,Kyun,55,2023-12-27T10:20:39Z
"Harjas Harjaayi, Rishi Roy",Jhooti Si,622d1Z8ToHDwFLlcM03qSG,Jhooti Si,20,2023-12-27T10:20:39Z
"aleemrk, Umair",Living In The City,6f9Fi68sUYdZyG47tYzBVV,Different Phase,50,2023-12-27T10:20:39Z
"aleemrk, Umair",1v1,7gCto0JjtOUMdYuLiFEvCF,Different Phase,33,2023-12-27T10:20:39Z
LEDAANFRA,Dance Monkey,1BrxgqhJn9elVgD4j07W2I,L.I.N.E.,3,2023-12-27T10:20:39Z
aleemrk,Jaan Kaari,5WmajCaHd9GpgH6dU4h0qL,Jaan Kaari,28,2023-12-27T10:20:39Z
"Bilal Saeed, Talhah Yunus, Ziggy Bonafide",Deja Vu,7bKTdSFy3wprMHMRxGcxSR,Deja Vu,26,2023-12-27T10:20:39Z
Shubh,OG,5Per9rl2ItpNoHilvbxLsB,Still Rollin,60,2023-12-27T10:20:39Z
Jamie and the Bag,Capitalism Song,4iOLkLM7IS1LYUx33ArXDZ,You Are In Hell,3,2023-12-27T10:20:39Z
"Hasan Raheem, Natasha Noorani, Talal Qureshi",Faltu Pyar,1yFryDjhXXIIaJA1dKqrab,Faltu Pyar,48,2023-12-27T10:20:39Z
aleemrk,Kabhi Kabhi,3rsw2MquJq8YGn2W81NVFl,Kabhi Kabhi,42,2023-12-27T10:20:39Z
"After Remix Vibes, Prod By Bharat",Ap Dhillon X Talwiinder,5g4C1iqOPxndx9Dkh5juTP,Ap Dhillon X Talwiinder,0,2023-12-27T10:20:39Z
Orçun Oruç Aykaç,Beyond the Clouds,274I2u1KVoBR7KCXsMLdaz,Beyond the Clouds,0,2023-12-27T10:20:39Z
DJ Cio,DJ one more night x Mashhuup,09VzkwSui1Daph2O7MuMat,DJ Devanta terminator,0,2023-12-27T10:20:39Z
"Venkat's Music, DJ Viju",Punjabi Vibe Mashup,43bJzcxdlIx788VxyNEBd1,DREAM'S,1,2023-12-27T10:20:39Z
"Young Stunners, Talha Anjum, Talhah Yunus, Bilal Ali",Aazma Le,1X1aKjG5Au5Fj5DnDc14pm,Aazma Le,35,2023-12-27T10:20:39Z
Maanu,4U,5E17LNMDov8A01xUxK8Xaf,4U,58,2023-12-27T10:20:39Z
Shuba,1st Gen,3XQRNLKg7TiICuPpJCEVrA,1st Gen,35,2023-12-27T10:20:39Z
,,37ovCtRt61rLxKR7MuFpty,Twilight Zone,0,2023-12-27T10:20:39Z
Post Malone,Go Flex,5yuShbu70mtHXY0yLzCQLQ,Stoney (Deluxe),72,2023-12-27T10:20:39Z
"Rashim Anand, Nanku",Paas Aa,7nuBGX4otdaLymZGjdQMYy,Paas Aa,24,2023-12-27T10:20:39Z
Noman Dns,Bin Tere - Remix,5ETVgjjSdG5gL3bKW2UTvI,Bin Tere,0,2023-12-27T10:20:39Z
"Costa Gold, Kawe, André Nine",Se Essa Bunda,7gMWTBRgB5CZdNDSuweCyr,Se Essa Bunda,52,2023-12-27T10:20:39Z
"Post Malone, 21 Savage",rockstar (feat. 21 Savage),0e7ipj03S05BNilyu5bRzt,beerbongs & bentleys,80,2023-12-27T10:20:39Z
"Karun, Kriday",Tishnagi,7lWeCWcTHQ2uo60ndOiYOT,Tishnagi,26,2023-12-27T10:20:39Z
mike.,White Flag,7kSnepoeA7BZwAtBWhH1Yu,Uhyuready?,45,2023-12-27T10:20:39Z
Diamond K,Her Love,7h9kfz2rPAojjmdMZIENQf,I Am B-More Club Music,0,2023-12-27T10:20:39Z
Rajat,Dil da Awara,4pzeAiHochwFXzJysIflOv,Dil da Awara,0,2023-12-27T10:20:29Z
Sleepy Hallow,Hitman,1h9bRn8XR0p74WYsGgAFk3,Still Sleep? (Deluxe),46,2023-12-27T10:20:29Z
"Sharn, The Paul",Mi Amor,24MMjyA3NLqCsDJfsn51eg,Mi Amor,67,2023-12-27T10:20:29Z
"Dafencii, Khayyat",كنق الحلبة (feat. Khayyat),2CGwAtvjAvC5gjSqg70pm1,كنق الحلبة (feat. Khayyat),41,2023-12-27T10:20:29Z
Groupe Al Afrah,El hijab,3TD8HPVZiLeVUnYrjh9TJR,"Zawaj Sunna, vol. 1 (Quran - Coran - Islam)",0,2023-12-27T10:20:29Z
GAWNE,Mayhem,7I26NZgVhpQeN2urBVRmZ6,Mayhem,27,2023-12-27T10:20:29Z
"TommyMuzzic, ZeddMusique",Under The Influence x Renegade (sped up to perfection) - TikTok Remix,57cipJHKNxVtyMt54ufEsz,"Under The Influence x Renegade (TikTok Remix) - Your Body Languages Speaks To Me, Should've Listened To Them",1,2023-12-27T10:20:29Z
Shannon,Let the Music Play,6b9hm8mvZ2KH7Fl7LLA5ct,Let the Music Play,57,2023-12-27T10:20:29Z
Em Beihold,Numb Little Bug,3o9kpgkIcffx0iSwxhuNI2,Numb Little Bug,67,2023-12-27T10:20:29Z
Sajid Hassan,Mujhe Peene Do,0FB9uLdsBvI7T291kamqlN,Mujhe Peene Do,0,2023-12-27T10:20:29Z
"Jokhay, Shareh",Too Late,5Z0GlRM52Meh672XTAPmc8,Too Late,0,2023-12-27T10:20:29Z
"Talwiinder, Vision",Nasha,2JgTFjNOi9fsXsnmANnYWu,Nasha,58,2023-12-27T10:20:29Z
Soolking,Guerilla,7EAtJk0HzXQp2gpFeaaLzF,Fruit du démon,55,2023-12-27T10:20:29Z
Talwiinder,Tenu Lagga,5uArnQr11U34ix227cngew,You Haven't Heard This?,26,2023-12-27T10:20:29Z
"Badshah, Payal Dev",Gone Girl,7lJebwVBaywjSis2ahqtnn,Gone Girl,50,2023-12-27T10:20:29Z
Dharampreet,Akhiyan,0k5xeQGhg4vbjR2MUNMoTl,Emotions of Heart,0,2023-12-27T10:20:29Z
Selena Gomez,People You Know,63mdJr3NMY3wReOkNE6c6W,Rare,74,2023-12-27T10:20:29Z
Sefo,Tutsak,6INQskS3bwLWvXtnJApHO2,Tutsak,51,2023-12-27T10:20:29Z
Mix Tm,Jeren Halnazarowa (Sen yetenok | 2022 taze aydym),6LnMcs6cIgtYYEFeFa160X,Jeren Halnazarowa (Sen yetenok | 2022 taze aydym),0,2023-12-27T10:20:29Z
"Jess Loco, Mickey Singh",Missing Me,21vjV4b9hOVyBYMdbC6zR2,Missing Me,35,2023-12-27T10:20:29Z
Jaden Christy,dandelions - lofi,4YvE2T1YM1HdpmhuPsoQpi,lofi covers,0,2023-12-27T10:20:29Z
LEGAXY$UPREME,GTA LIVING,3vHgbWT9vrgeZwBJQ1e7cU,GTA LIVING,0,2023-12-27T10:20:29Z
Mitraz,Jannat,0qJO8QgG5C8mUyPA827c8R,Jannat,39,2023-12-27T10:20:29Z
Koki Beats,Aankhon Mein Tera Hi Chehra,1m0E2mDEKibUtZk5AAFzw4,Aankhon Mein Tera Hi Chehra,0,2023-12-27T10:20:29Z
Shamoon Ismail,Pardesi,6Cc4aWnRuCBUWK320qu21z,Pardesi,30,2023-12-27T10:20:29Z
Shuja Haider,"Baaghi - From ""Baaghi""",4PYd20MPspwoLYnPyRVzxj,"Urdu, 1",14,2023-12-27T10:20:29Z
Iamjo,Jacquemus,16xbiEl7x8ESSDf5A6SRly,Love &Trap (Therapy Edition),7,2023-12-27T10:20:29Z
"Talwiinder, Baba Bachi",Diamond,7byZNB1Aq0wtxvP9W0FsVs,Diamond,40,2023-12-27T10:20:29Z
"Babbar Ek, Zorba, Rob C",Kukaram,19HYkyWKtn433ldp2ySkTI,Kukaram,0,2023-12-27T10:20:29Z
"Kunal Ganjawala, Sunidhi Chauhan","Tere Bin (From ""Bhagam Bhag"")",7vL825CbrCW54KSoXuIjyh,Summer Nostalgia,24,2023-12-27T10:20:29Z
"Intomymind, DizzyTooSkinny, Afroto",Pluto,3iPX4IgXabzPHN458ZiM6Y,Pluto,36,2023-12-27T10:20:29Z
"Jokhay, Talha Anjum, Nabeel Akbar",Jazbaat,0kFLRoEln3o2DTXjpn7NZM,Jazbaat,0,2023-12-27T10:20:29Z
Billie Eilish,hotline (edit),0WFryfbNKPXVtVQlz5dZ8H,hotline (edit),76,2023-12-27T10:20:29Z
"Evdeki Saat, Shae Gill",One Love,54Iq5QBLeu695dsSSspReG,One Love,33,2023-12-27T10:20:29Z
DWLLRS,Blue Spirits,4Z3Mmn6cIeuKprHQyyAbXQ,Blue Spirits,50,2023-12-27T10:20:29Z
"Talwiinder, 30KEY!",Your Eyes,61BlGSnbsC7BNPGNRHOLa1,Your Eyes,50,2023-12-27T10:20:29Z
Abo El Anwar,Scoo Scoo,2c6A8Fh4z2hPumkD8RdkLH,Scoo Scoo,28,2023-12-27T10:20:29Z
"Khalid, Disclosure, Davido, Tems",Know Your Worth (feat. Davido & Tems),04QTmCTsaVjcGaoxj8rSjE,Know Your Worth (feat. Davido & Tems),58,2023-12-27T10:20:29Z
"Talwiinder, NDS",Someone Like Me,0fKtwS1QKF5bLiY3ur54O6,Someone Like Me,34,2023-12-27T10:20:29Z
LANY,"the older you get, the less you cry",280MV4FuB5uusjx8wj1dpt,gg bb xx (deluxe),55,2023-12-27T10:20:29Z
"Simar Panag, Tedi Pagg, Mickey Singh",Tu Hi Das De,0j21DdvUCtKQo6AJ4svfj4,Tu Hi Das De,59,2023-12-27T10:20:29Z
"Talwiinder, Hasan Raheem, NDS",Bach Ke,7euNoN3RtRhEK3qfqJLXFx,Bach Ke,49,2023-12-27T10:20:29Z
Teya Dora,Džanum,0P3F6xMn3R1Ja8hjJ1HBTO,Džanum,65,2023-12-27T10:20:29Z
Daramola,Fashion Lover,6RbzND5iOS2hNZuN07X3Gq,It's a Double Pleasure to Deceive the Deceiver,2,2023-12-27T10:20:20Z
"Sam Smith, Kim Petras",Unholy (feat. Kim Petras),3nqQXoyQOWXiESFLlDF1hG,Unholy (feat. Kim Petras),76,2023-12-27T10:20:20Z
Party Tyme,Danger (Spider) [made popular by Offset & JID] [backing version],4kOokIuEBiiJGcOTzUcw76,Hip Hop & Rap Hits 8 - Party Tyme (Backing Versions),0,2023-12-27T10:20:20Z
"Jasleen Royal, TM Bax, Radhika Madan",Ni Jana,4YxsJyL48q7NZiiCj0uib0,Ni Jana,34,2023-12-27T10:20:20Z
"Lokesh Gurjar, Gurmeet Bhadana, Desi King, Baba Bhairupia, Totaram Sondhiya, Priyanka Nagar",The Haryanvi Mashup 13,58RrIwnTYX6uKBj53ght8Q,The Haryanvi Mashup 13,22,2023-12-27T10:20:20Z
B Praak,Kuch Bhi Ho Jaye,2uzEDXVEAjLhGynxLu1dd9,Kuch Bhi Ho Jaye,47,2023-12-27T10:20:20Z
"Saad Lamjarred, Shreya Ghoshal, Rajat Nagpal",Guli Mata,3B9CL5t32mM2SDdps2IhYM,Guli Mata,63,2023-12-27T10:20:20Z
"Bree Runway, Khalid",Be The One (with Khalid),4jMbQ5H6KaSRPRCBuNnW16,Be The One (with Khalid),53,2023-12-27T10:20:20Z
"Harjas Harjaayi, Cherish Banhotra, Sshiv",Roothe Roothe,7cSunJJmSvK5od51G9YWBJ,Roothe Roothe,20,2023-12-27T10:20:20Z
Manan Bhardwaj,Kadi Te Has Bol Ve,2bEcxBlFdGb0Ivyms4VyAf,Kadi Te Has Bol Ve,37,2023-12-27T10:20:20Z
"Libianca, Ayra Starr, Omah Lay",People (feat. Ayra Starr & Omah Lay),4AxG1T6UJJ4xCX4Wz6JDLG,People (Remixes),66,2023-12-27T10:20:20Z
CDG,Chana,4ZTKxTUy1yjHMgztMEfg3I,Chana,27,2023-12-27T10:20:20Z
Ayaz Erdoğan,Hep Mi Ben,4eDT9NP6B0OJnd5nKuBseL,Hep Mi Ben,55,2023-12-27T10:20:20Z
O.T. Genasis,Push It,448hNuS6TH90bjpIHIJqH3,Push It,43,2023-12-27T10:20:20Z
"Billie Eilish, Khalid",lovely (with Khalid),0u2P5u6lvoDfwTYjAADbn4,lovely (with Khalid),86,2023-12-27T10:20:20Z
"Davy, Gur Sidhu, Simar Kaur",Dekhya Kite,07X7p4jFhHEECps5IBKQ3c,Dekhya Kite,59,2023-12-27T10:20:20Z
"Luis Fonsi, Daddy Yankee, Justin Bieber",Despacito - Remix,6rPO02ozF3bM7NnOV4h6s2,Despacito Feat. Justin Bieber (Remix),68,2023-12-27T10:20:20Z
Preet,AP Dhillon X Imran Khan,38olxC21lj3PYLdpE1K6cU,AP Dhillon X Imran Khan,20,2023-12-27T10:20:20Z
"Mickey Singh, Nani Anjali",Yarri Yeah,66U2gzOgKvFDjTGTDdvy8s,Magic,37,2023-12-27T10:20:20Z
RAYE,Flip A Switch.,252ZECHopILLs10pMfE76N,My 21st Century Blues,64,2023-12-27T10:20:20Z
Post Malone,Mourning,6uGIZMm1HEYZUWJWMNJLIZ,Herbst Hits 2023,0,2023-12-27T10:20:20Z
"The Chainsmokers, Daya, Hardwell, Sephyx",Don't Let Me Down - Hardwell & Sephyx Remix,1JI70l1lE5IF2tgJm5TnMD,Don't Let Me Down (Hardwell & Sephyx Remix),51,2023-12-27T10:20:20Z
King,Hum Tumse,398zHc8RrogGGiCXqOyjsu,Shayad Woh Sune,39,2023-12-27T10:20:20Z
Ayaz Erdoğan,Ederin Olsun,6c8tKZUC4yJwEhSdWPRST1,Ederin Olsun,44,2023-12-27T10:20:20Z
"Post Malone, SZA",Staring At The Sun (feat. SZA),5KE9b4x7Zj2A8XtbkqhqTe,Hollywood's Bleeding,62,2023-12-27T10:20:20Z
Maeta,Questions,2rGAASBrTG770g8wx5NJOV,When I Hear Your Name,51,2023-12-27T10:20:20Z
Sunanda Sharma,Duji Vaar Pyar,1B5D51wDedzm68VnAEcH0a,Duji Vaar Pyar,56,2023-12-27T10:20:20Z
Ezal Fvnky,DJ People Libianca,3zVF3m9UoDThJ6m7otPfk5,DJ People Libianca,2,2023-12-27T10:20:20Z
mr.krishnaprajapati,Ap Dhillon Vs Imran Khan Chillout Mix,5icuoGEaVAKPnXq8AEsGiE,Ap Dhillon Vs Imran Khan Chillout Mix,0,2023-12-27T10:20:20Z
"Hassan & Roshaan, Shae Gill",Sukoon,4mPZipDmUysKaLxZTDEVsx,Sukoon,2,2023-12-27T10:20:20Z
The Notorious B.I.G.,Big Poppa - 2007 Remaster,63BcfK6YAzJYeISaTPr6IO,Greatest Hits,69,2023-12-27T10:20:20Z
Post Malone,Mourning,0gWrMbx6pbdH3n3nsLjE55,Mourning,61,2023-12-27T10:20:20Z
AP Dhillon,Sleepless,6TJ8etbh8uFFLuVbLj25lz,Sleepless,54,2023-12-27T10:20:20Z
DJ MAX,Holly x Bolly Mashup Dj Max Muzic,5ZhzHI9AHA9mluOKY7DIKT,Holly x Bolly Mashup Dj Max Muzic,2,2023-12-27T10:20:20Z
BMG Dmack,On the road,0FCy5zddg6xRQcdw7B4d8R,On the road,4,2023-12-27T10:20:20Z
"Kaka, Adaab Kharoud",Aashiq Purana,1PAKUf0poTnBXDcWsR0HEs,Aashiq Purana,52,2023-12-27T10:20:20Z
"B Praak, Jaani",Zohrajabeen,4srnwps52qNi1SKhIWDH45,Zohrajabeen,50,2023-12-27T10:20:20Z
Mitraz,Dheemi Dheemi,1YVDbd01gBdbF3w5PEOcYt,Dheemi Dheemi,37,2023-12-27T10:20:20Z
Post Malone,Too Cool To Die,3FtQes77xlbS9QTVts7p2u,AUSTIN,59,2023-12-27T10:20:20Z
"Eljoee, CHAAMA",Hiya Hiya,0tNpveVnqAXngNFP1MWBXn,Hiya Hiya,31,2023-12-27T10:20:20Z
Altamash Faridi,Rooh-E-Daari,6pqkQDNLEraYtHKmPTJK2Y,Rooh-E-Daari,50,2023-12-27T10:20:20Z
Pamtrix BC,Rush Refix,0dwryoTGOgbY2hhOGHlgY8,Rush Refix,24,2023-12-27T10:20:20Z
"Kaka, Gavin Beats",Temporary pyar,2ZGAWiLZh2aRxp2iTL5yMS,Temporary pyar,57,2023-12-27T10:20:20Z
Rameet,Afsaana Banake,7tN3ghWtg0J3NpupiTL6zk,Afsaana Banake,24,2023-12-27T10:20:20Z
Akull,Daffa Ho,0OAU6v6D2H69mqPiEtgWYi,Daffa Ho,31,2023-12-27T10:20:20Z
Lewis Capaldi,Wish You The Best,3gdPwk2wyOXNRnTA1KXnEr,Broken By Desire To Be Heavenly Sent,74,2023-12-27T10:19:54Z
Amrinder Gill,Doongiyan Baatan,5oEyG1c1pLIS5onxf533MS,Doongiyan Baatan,23,2023-12-27T10:19:54Z
"Rashmeet Kaur, Sunayana Kachroo",Dil Khanjar,4EP0ThaLieQ06qEpPWSUe6,Dil Khanjar,15,2023-12-27T10:19:54Z
"Spada, Korolova",Be Strong,1PI6MPyMGeRLbKDCaQ3BDi,Be Strong,59,2023-12-27T10:19:54Z
"Farasat Anees, RFB",Yaari,6P6TGkNz89pIK7aJzay15v,OFIVE1,0,2023-12-27T10:19:54Z
"B Praak, Jaani, Nawazuddin Siddiqui",Yaar Ka Sataya Hua Hai,2Y2l0h051Vk4qUG2ZH7KKy,Yaar Ka Sataya Hua Hai,59,2023-12-27T10:19:54Z
"Sleepify Lo-Fi, Rabiul Rhmn",Banke Hawa Main (Slowed & Reverb),6ltOk2XTgi9JxzKT5LY8Kv,Banke Hawa Main (Slowed & Reverb),0,2023-12-27T10:19:54Z
"Sumit Goswami, Jerry, Pranjal Dahiya",Tukda Dil Ka,4pg1mB4Wybq9XFCV445Fi8,Tukda Dil Ka,43,2023-12-27T10:19:54Z
Lubalin,internet drama part 1 (is this available?),1GmgqwSthVucbpFZDk1pJG,internet drama,33,2023-12-27T10:19:54Z
Gold E Gill,Teri Diwani,6CKqzv2POeKQ5sRJuQblrN,Teri Diwani,8,2023-12-27T10:19:54Z
Lewis Capaldi,Before You Go,2gMXnyrvIjhVBUZwvLZDMP,Divinely Uninspired To A Hellish Extent (Extended Edition),81,2023-12-27T10:19:54Z
Katy Perry,Harleys In Hawaii,5nCthAh3jt4xKuLJAifAaR,Harleys In Hawaii,67,2023-12-27T10:19:54Z
"Daegho, NGXT",BLUDLUST - Sped Up,1Gl8AfHp12VGmiB2CzXFTc,BLUDLUST (Sped Up),29,2023-12-27T10:19:54Z
NBSPLV,The Lost Soul Down X Lost Soul,0kbBU3ey5IkKwPvDHXJOry,The Lost Soul Down X Lost Soul,75,2023-12-27T10:19:54Z
"Sachin-Jigar, Varun Jain, Shadab Faridi, Altamash Faridi, Amitabh Bhattacharya","Tere Vaaste (From ""Zara Hatke Zara Bachke"")",75DRLUnnltzSyuTJ7onxmW,"Tere Vaaste (From ""Zara Hatke Zara Bachke"") - Single",55,2023-12-27T10:19:54Z
bbno$,top gun,7lQyUSFLyCa8o4rBxsUNPU,bag or die,54,2023-12-27T10:19:54Z
"The Weeknd, Gesaffelstein",Hurt You,6QdnKD1zwEgyOWtkrdzlOF,"My Dear Melancholy,",68,2023-12-27T10:19:54Z
"Toshi, Ammy Gill",Lagda Nahi,3Kyi9o0PACXBCiwbZ4t65u,Lagda Nahi,2,2023-12-27T10:19:54Z
"JAI DHIR, Harjas Harjaayi",Akhiyaan,2YYudEBS9AAA5XEQCV6hvW,Akhiyaan,0,2023-12-27T10:19:54Z
Charlotte Cardin,Confetti,73m3OYU7lG7irNbFjNipwF,99 Nights,56,2023-12-27T10:19:54Z
Mitraz,Laaya,47EJ5d0ClIsqpMcfBt52Ji,Laaya,48,2023-12-27T10:19:54Z
Kaka,Mitti De Tibbe - Trap,6J5CJtOei5n9LU8dhC2Y3I,Mitti De Tibbe (Trap),2,2023-12-27T10:19:54Z
"Talwiinder, NDS",Khayaal,4D8eFUu6Hvulrq6CGqGaLR,Khayaal,62,2023-12-27T10:19:54Z
"Harjas Harjaayi, Rishi Roy",Raaz,3mL5wkzMyVPZ5O98Rr2aeN,Raaz,22,2023-12-27T10:19:54Z
"Ravator, Shambhavi Thakur",Baawra Mann,79RInrNbVRumprs4MDYgwz,Baawra Mann,1,2023-12-27T10:19:54Z
INSTASAMKA,Отключаю телефон,6F81SMHDIUMRyBb9bJ2ZRL,Отключаю телефон,18,2023-12-27T10:19:54Z
Pav Dharia,Mahiya,34PP8JAQA4SIfpyDBxLAC6,Mahiya,32,2023-12-27T10:19:44Z
Pari Kids,Aaloo Kachalu Beta,5cztiuClfIkwieI8IKiOV1,Aaloo Kachalu Beta,22,2023-12-27T10:19:44Z
Thug Life,All Eyez On Me - Remix Gangsta,2I5FdOJdGPwQFAoNgGnxd7,All Eyez On Me (Remix Gangsta),54,2023-12-27T10:19:44Z
Dick Dale,Misirlou,7fC9Hp9RFSDNpgRnSY2Ahj,"Surfer´s Paradise, Vol.1",44,2023-12-27T10:19:44Z
"Harish Verma, Desi Routz",Pehla Pyaar,7gDJGZwXVWL8v5iwYGF7Lx,Pehla Pyaar,10,2023-12-27T10:19:44Z
Bintu Pabra,Cheete,4d6yeVVgNp1ZQRc7AVHRDA,Cheete,0,2023-12-27T10:19:44Z
"Monoir, Brianna",Tsunami - Extended,1xoGhbMgwtqRJdBhvdxvTy,Tsunami,6,2023-12-27T10:19:44Z
Mitraz,Mehroom,62MjV0Z1MFGKrhxkwJnyx1,Mehroom,36,2023-12-27T10:19:44Z
Milo Hrnic,Bez Tebe,4oSW7PNHAtcp2jmJPYn9yN,The Best of Collection,0,2023-12-27T10:19:44Z
"Jasmine Sandlas, B Praak",Ittar,3mB03930mh0IgNvUbNyVay,BBB - Back 2 Back Bangers Vol. 2,1,2023-12-27T10:19:44Z
Mawin Singh,Obsessed,7KpMS1NWGLUnyQ9IB9YNts,Obsessed,2,2023-12-27T10:19:44Z
"CORPSE, Savage Ga$p",E-GIRLS ARE RUINING MY LIFE!,7bCfHiRcfUjG0YVVNUL7Ve,E-GIRLS ARE RUINING MY LIFE!,63,2023-12-27T10:19:44Z
"Sasha Lopez, Diotic, Tobi Ibitoye",Sun,0srAKY8N7zIxT6wFfDBIGO,Sun,45,2023-12-27T10:19:44Z
"Deepanshu Ruhela, Pritam, KK, Bollywood Lofi",Dil Ibaadat - Lofi Flip,16cuM5q46CqebnhdRB1nQG,Dil Ibaadat (Lofi Flip),47,2023-12-27T10:19:44Z
Talwiinder,Baarish da Mausam,3AaGE2m2ePDQ17nv6fBOH5,Baarish da Mausam,38,2023-12-27T10:19:44Z
ENZA,Control,7KCStKDlswoPs7dqVAvUEq,Control,0,2023-12-27T10:19:44Z
"Cloonee, Wade",Mi Amor,2Suk7DzVMim77YswOSMvJL,Mi Amor,59,2023-12-27T10:19:44Z
"Sasha Lopez, Misha Miller, Bandito",Smoke Me - Bandito Remix,0bA1ga2tOpAJi9vSsdOOj5,Smoke Me (Bandito Remix),29,2023-12-27T10:19:44Z
"Metro Boomin, Gunna",Space Cadet (feat. Gunna),1fewSx2d5KIZ04wsooEBOz,NOT ALL HEROES WEAR CAPES (Deluxe),77,2023-12-27T10:19:44Z
Sonu Charan Bhatt,Bhai Ka Byah,5dQA5U2sxQIWk83U9quZDL,Bhai Ka Byah,13,2023-12-27T10:19:44Z
INNA,Gucci Balenciaga,4RKS4nqwyttyTIAPQYhYD3,Heartbreaker,23,2023-12-27T10:19:44Z
Selena Gomez,Let Me Get Me,0uFForNKQPvgSCnxlZIhQy,Rare,50,2023-12-27T10:19:44Z
Selena Gomez,Kinda Crazy,59iGOjPSOcPLGl3vqEStUp,Rare,42,2023-12-27T10:19:44Z
VerseBrain #6391,Danish Krone,4ZtIr2cNtmxMRTdtyVnHwJ,Currency Camp,0,2023-12-27T10:19:44Z
"Sasha Lopez, AMI",Butterfly Dance,09lpCn5fEW0v7Dja3LgvF4,Butterfly Dance,25,2023-12-27T10:19:44Z
DeeVoy Singh,HaaniKarak (Hindi Rap),62k4mI9UKQxRXKapyjewZ3,HaaniKarak (Hindi Rap),9,2023-12-27T10:19:44Z
Talwiinder,Dil Mera,5rREggpVeCgQmopaV18BnP,Dil Mera,49,2023-12-27T10:19:44Z
LeonKingRD,Happy Birthday Song,5ZXoVF7x6fOjjsfEjJguq4,Happy Birthday,0,2023-12-27T10:19:44Z
Kate Linn,On My Way,2PkxplmTqGwUlOw0x6bXHY,On My Way,40,2023-12-27T10:19:44Z
Mitraz,Sara Zamana,1u5iYP6TTduVvYnPlLEMqt,Sara Zamana,38,2023-12-27T10:19:44Z
Warrant,Cherry Pie,18ESXa5mEm1V4Pkt5GSXWx,Cherry Pie (Expanded Edition),61,2023-12-27T10:19:44Z
CORPSE,fuK u lol,7uSekeuXG3G2wH6D1q3ACK,fuK u lol,56,2023-12-27T10:19:44Z
DJ Goja,Not Over,0iuKoR5j7jFPvdez2jg9lF,Not Over,0,2023-12-27T10:19:44Z
"Anmol Ashish, Pratik Singh (Mitraz)",Nowa Hoy,3phRL7bkR3zkCU4YBYsFRx,Nowa Hoy,0,2023-12-27T10:19:44Z
Dick Dale & His Del-Tones,"Misirlou - From ""Pulp Fiction""",2csVtq15gaThr54AiwC8mU,Music from Quentin Taratino Movies (Original Recordings),33,2023-12-27T10:19:44Z
Mitraz,Zaroorat,4qxkxgoJaPVGsam45iTdcF,Zaroorat,32,2023-12-27T10:19:44Z
"Qodës, IRAIDA",Crushin' on you,61WHojthmWminwsi757ZGx,Crushin' on you,32,2023-12-27T10:19:44Z
АДЛИН,Airport,3NtFfh5Ro3zPyhVQoORJWp,Airport,38,2023-12-27T10:19:44Z
Amrit Maan,Shaunki Putt,0Vqm4DMGVJkgLBGtnRsxev,All Bamb,10,2023-12-27T10:19:44Z
Becky Hill,Remember - Acoustic,5aXfGM7WVcqyAvqnL7k0y3,Remember (Acoustic),55,2023-12-27T10:19:44Z
"Dj Sava, Dayana",No More Lies,62EKMJ5f79ItdDI3UFtjFP,No More Lies,0,2023-12-27T10:19:44Z
"RADWIMPS, Toaka",Suzume (feat. Toaka),7LHAKF7pBqHch8o6Yo0ad5,Suzume (feat. Toaka),64,2023-12-27T10:19:44Z
"AP Dhillon, Shinda Kahlon",True Stories,28lvraTNIN8qiTpoIK7m8Z,True Stories,67,2023-12-27T10:19:44Z
"Romeo Baskey, Deepa Tudu",Edel Baha - Santali,0apTv52kOicWP0Aeqfy2Aa,Edel Baha (Santali),4,2023-12-27T10:19:44Z
RAYE,Natalie Don't,2uGF4SXl3xel4YaGgVuvHO,Euphoric Sad Songs,37,2023-12-27T10:19:44Z
"Gesaffelstein, The Weeknd",Lost in the Fire (feat. The Weeknd),2vXKRlJBXyOcvZYTdNeckS,Hyperion,80,2023-12-27T10:19:21Z
Feverkin,Alternate Realities pt. I,72FGmNspFL56LlAmwM1Rzv,Alternate Realities (Original Soundtrack),30,2023-12-27T10:19:21Z
Piano Tribute Players,Hymn for the Weekend,0943hZHCXqpool34Attp8I,Piano Tribute to Coldplay,8,2023-12-27T10:19:21Z
"Timran, Zell",Не полюбишь музыканта,2QozrVK6lEX5mFa2AjzZBo,Не полюбишь музыканта,0,2023-12-27T10:19:21Z
Muhammad Tahir Qadri,Surah Rehman,01UG1qy2ZDhyjeoEOlzxOg,Punj Surah,10,2023-12-27T10:19:21Z
Michael Jackson,Dangerous,3u4RKvwDT3CKeYbjxqXEye,Dangerous,57,2023-12-27T10:19:21Z
Sasha Alex Sloan,Is It Just Me?,0Ea93OZ0O50zKius7W3lU7,Is It Just Me?,39,2023-12-27T10:19:21Z
El Gran Proyecto,Mi Gran Error,78Nj7E2JHrLYkrs48HTnih,Si Me Dejaras,1,2023-12-27T10:19:21Z
"Andrei Ursu, IRAIDA",Leah,6i68QJjHdatNTr8Jf2ari2,Leah,24,2023-12-27T10:19:21Z
Mitraz,Saaya,5fMbzjIsGUT4tVm55TOn8O,Saaya,45,2023-12-27T10:19:21Z
Mitraz,Ek Vari,5RemjScLbUAchtH70beAWD,Ek Vari,40,2023-12-27T10:19:21Z
Galibri & Mavik,Федерико Феллини,7Eyfmn0zcgcjGUrWlFdgqa,Федерико Феллини,13,2023-12-27T10:19:21Z
Galibri & Mavik,Чак Норрис,1HWYeX1kGNdEagrV9vExTs,Чак Норрис,9,2023-12-27T10:19:21Z
"Talwiinder, NDS",Sweet Talk,1S8eR3l6jZ1mZTolqA7hoy,Sweet Talk,42,2023-12-27T10:19:21Z
Ava Max,My Head & My Heart,1KixkQVDUHggZMU9dUobgm,Heaven & Hell,69,2023-12-27T10:19:21Z
Pearly Whites Music Machine,I'll Wait (Tribute Version Originally Performed By Kygo and Sasha Sloan),5eB8DHwAGxOld0QCQyhPqj,The Tribute Factory (Vol 89),0,2023-12-27T10:19:21Z
"Sachin-Jigar, Jigar Saraiya, Priya Saraiya, Jaideep Sahni",Gulabi - LoFi Mix,7weCs9RO5VyIjfNbdDN2M9,Gulabi - LoFi Mix,44,2023-12-27T10:19:21Z
DJ Remix Premier,DJ DUM DEE DUM FULL BASS,0oldl6CdFX6lTub79IWctM,DJ DUM DEE DUM FULL BASS,0,2023-12-27T10:19:21Z
"Max Oazo, Moonessa",Airplane,28jV5rcJxBbPZQ5C7OXfBM,Airplane,32,2023-12-27T10:19:21Z
Akull,Bahana,4jOlvHq8FiDQzSJYoCZATJ,Bahana,34,2023-12-27T10:19:21Z
Sarkaar Muzic,Middle of the Night,3iAR20Zs37oBu5ih0zMU6d,Middle of the Night,0,2023-12-27T10:19:21Z
Mitraz,Mera Nahi,4ILqGsbrSjdd5ZuUYUxnQj,Mera Nahi,29,2023-12-27T10:19:21Z
bbno$,i see london i see france,4wwoTaV7tQmGTshV7aYjBD,i see london i see france,41,2023-12-27T10:19:21Z
Hasan Raheem,Dil fareb,7KSwNRkk6jErbR5O3FEJcs,Nautanki,15,2023-12-27T10:19:21Z
Post Malone,Circles,21jGcNKet2qwijlDFuPiPb,Hollywood's Bleeding,83,2023-12-27T10:19:21Z
Syed Hassan Ullah Hussani,Lajpal Nabi Mere,1pAYDxBsGGVllxunCbqpa4,Lajpal Nabi Mere - Single,0,2023-12-27T10:19:21Z
Abuzar Marshall,Pasoori X Ijazat,7xzeF1yvsQYW71NcmlD9fR,Pasoori X Ijazat,0,2023-12-27T10:19:21Z
"Raghav, Tesher",Desperado,0OsuHhPPArdFzJGuIAacnN,Desperado,48,2023-12-27T10:19:21Z
Bazzi,Fantasy,1i36kkhmhBxf4lYJscg5zK,COSMIC,72,2023-12-27T10:19:21Z
Nehaal Naseem,Beqadra,4LIQacKPUjto8rVlVuY09O,Beqadra,7,2023-12-27T10:19:21Z
"Denny, Rahul Mishra, Kunaal Vermaa, Jay Guldekar",Chale Jaana Phir (Humko Tere Bina) - Club Mix,3YAir78u6cQlSlmaIJZgfs,Chale Jaana Phir (Humko Tere Bina) - Club Mix,3,2023-12-27T10:19:21Z
Mitraz,Judaai,0osd5U7shsRUazQgWySObS,Judaai,40,2023-12-27T10:19:21Z
"Anmol Ashish, Pratik Singh",Fir Ek Baar,2HgxC7bS3BpmyuyIpIaVOl,Love / Roses,8,2023-12-27T10:19:21Z
"Anmol Ashish, Pratik Singh",Dil Khojega,6Tx2Iu9oTRxZiFSdUt8Ucz,Love / Roses,14,2023-12-27T10:19:21Z
Olivia Addams,I'm Lost,4LzpYpiBgEbIYVsOmCLxI2,I'm Lost,25,2023-12-27T10:19:21Z
"Rauf & Faik, NILETTO",Если тебе будет грустно,3UQSF4LRAqmoJmjXnuOle2,Если тебе будет грустно,55,2023-12-27T10:19:21Z
Yung Xiety,Imran Khan - Mashup,00R1vOeqU1z9F5S6iWoYrP,Imran Khan (Mashup),14,2023-12-27T10:19:14Z
AP Dhillon,Hills,6SPLYHHBN0dKGaoD2Jcccs,Two Hearts Never Break The Same,49,2023-12-27T10:19:14Z
"Guru Randhawa, Sanjoy",Moon Rise,3oWv5qDKYN7MH6FdlglMN5,Man Of The Moon,64,2023-12-27T10:19:14Z
Drake,10 Bands,12d5QFwzh60IIHlsSnAvps,If You're Reading This It's Too Late,60,2023-12-27T10:19:14Z
"Talwiinder, Sneh, NDS, Rippy Grewal",Her,3s9xrUbhbSYNiFM44iqUUM,Her,38,2023-12-27T10:19:14Z
"Travis Scott, ROSALÍA, Lil Baby",HIGHEST IN THE ROOM (feat. ROSALÍA & Lil Baby) - REMIX,7h0d2h0fUmzbs7zeFigJPn,JACKBOYS,61,2023-12-27T10:19:14Z
Charan Arjun,Acharya Devobhava,1txfffinAPeddopWTmpEfa,Acharya Devobhava,0,2023-12-27T10:19:14Z
Mitraz,Maujoodgi,74BFIn9Z5Yfi8zipdXPpZi,Maujoodgi,10,2023-12-27T10:19:14Z
The Beatles,Fixing A Hole - Remastered 2017,6a98mDyXTsYugJhUs1tZr4,Sgt. Pepper's Lonely Hearts Club Band (Super Deluxe Edition),36,2023-12-27T10:19:14Z
Spectra Music,Tum Nazar Mein,5cPb9XhBzOiIhoQhw9nmTe,Tum Nazar Mein,26,2023-12-27T10:19:14Z
Selena Gomez,Buscando Amor,5plZgpPu4LQpfj206Z5Uuy,Revelación - EP,41,2023-12-27T10:19:14Z
"Selena Gomez, Rauw Alejandro",Baila Conmigo (with Rauw Alejandro),079Ey5uxL04AKPQgVQwx5h,Revelación - EP,63,2023-12-27T10:19:14Z
"Talha Anjum, Umair",Secrets,0v8UhUalYhCuq6fDEe9ijE,Open Letter,34,2023-12-27T10:19:14Z
Lithe,Pessimist,0JWA4NaSOa1mZfLyNvZLQW,Pessimist,64,2023-12-27T10:19:14Z
"Bolow, Go Heezy",Pull Up,4E8YNQa6pLGPsGQl3OFRFr,PhantomBeats Vibez,4,2023-12-27T10:19:14Z
"AP Dhillon, Gurinder Gill, Money Musik",Saada Pyaar,5gSVKG0R4xc8qtDIoyDNy8,Not by Chance,58,2023-12-27T10:19:14Z
Talwiinder,Unforgettable,4KUGStnJGjUuv9FjJ1hzdS,Unforgettable,49,2023-12-27T10:19:14Z
"KR$NA, Karma, Ikka",Villain,1HCdZjUS2HaXCf7SJpOROy,Still Here,46,2023-12-27T10:19:14Z
"Arsh Heer, Taxsaal",ZEHAR,6VdedgGEd59EEWGHpZRLMd,CHARGED UP,15,2023-12-27T10:19:14Z
"Talwiinder, 30KEY!",Tell Me,1NTTxGgMW2yksHrAZsBKAz,Tell Me,41,2023-12-27T10:19:14Z
Talwiinder,Be Mine,4A7FiXJ4De4hYf446T305s,Be Mine,35,2023-12-27T10:19:14Z
"KR$NA, Badshah",Roll Up,2HBnruSUjUJhqNePQXObRK,Roll Up,34,2023-12-27T10:19:14Z
Talwiinder,Injh Na Kar,771c26TnwS6pQWWuSgupvA,Injh Na Kar,30,2023-12-27T10:19:14Z
Travis Scott,WAKE UP,20MuVazoNMv6xjKPnRFOxG,ASTROWORLD,64,2023-12-27T10:19:14Z
"Sidhu Moose Wala, Stefflon Don",Invincible (feat. Stefflon Don),2NBYiYtI4v1ujkhHZBq3xw,Moosetape,55,2023-12-27T10:19:14Z
"Rish, Raga",Kehendi Si,2auZEK0tQuqGHI9289piP7,Kehendi Si,37,2023-12-27T10:19:14Z
HEX,Mugshot (Rockstar),4Rbu0GDtUl2TrbskRn4v3x,Mugshot (Rockstar),40,2023-12-27T10:19:14Z
RAIHANA MUTHU,Ek Pyar - Reprised Version,39aQaYvhkoWpb6u1iQU0kg,"Hits of Raihana Muthu, Vol. 4",0,2023-12-27T10:19:14Z
Mitraz,Door Hovi Na,2AL8a8ftamuJ7D0Pw1rroa,Door Hovi Na,29,2023-12-27T10:19:14Z
Black Cassoh,Ballerina,305tIrlpqQMP3lvrxjPJui,The Renaissance,0,2023-12-27T10:19:14Z
"Neeraj Shridhar, Mellow D, Bob, DJ Yogii","Bhool Bhulaiyaa 2 Title Track Remix (From ""Bhool Bhulaiyaa 2 Title Track Remix"")",5LjmluCddzfdwiTRerVngS,Exhilarating Musical Mixture By Dj Yogii,7,2023-12-27T10:19:14Z
Diljit Dosanjh,Peaches,3mZLiEDAHIjZ8ms5Lxq33F,Drive Thru,66,2023-12-27T10:19:14Z
"Gurmn B, Ray6, Espy",Fauj,2YLrGqgNYur0Y6KLZSIBor,Fauj,17,2023-12-27T10:19:14Z
Post Malone,Candy Paint,32lItqlMi4LBhb4k0BaSaC,beerbongs & bentleys,71,2023-12-27T10:19:14Z
Talwiinder,Tera Naam,7smDafTeO3E0MWEKrwFlMK,Tera Naam,29,2023-12-27T10:19:14Z
Dino James,Chosen,3YDDzFCzKFTgvO25aTestt,D,33,2023-12-27T10:19:14Z
Dino James,Pyaar Pyaar,7cMJin9pGEH4MHVWcDytHg,D,44,2023-12-27T10:19:14Z
Dino James,Higher,3ou1JmWvODHr0xemDg8hQB,D,25,2023-12-27T10:19:14Z
"benny blanco, Halsey, Khalid",Eastside (with Halsey & Khalid),0d2iYfpKoM0QCKvcLCkBao,Eastside (with Halsey & Khalid),70,2023-12-27T10:19:14Z
Lazy The Loser,Nic Na Zawsze,6FjOO0OgfPxyvwxGpacHUj,Nic Na Zawsze,4,2023-12-27T10:19:14Z
The Stupendium,Open the Sky,2M9r2VUYv4Sg3LZ4XVp3yM,Open the Sky (Stray Song),34,2023-12-27T10:19:06Z
The People's Thieves,Now That We're Alone,283DCOia9iUg56NcEQkJtb,Tunnels,28,2023-12-27T10:19:06Z
"A$AP Ferg, Nicki Minaj",Plain Jane REMIX (feat. Nicki Minaj),2YzmfPLqUx5CJOaw5ThsBV,Plain Jane REMIX (feat. Nicki Minaj),66,2023-12-27T10:19:06Z
Maleek Berry,Kontrol,1090OWoP6JTpYAaSSEBvGy,Kontrol,8,2023-12-27T10:19:06Z
Kamro,Goodbye Dreams,3xC4NVg1YcrJqJtnMJbURh,Goodbye Dreams,1,2023-12-27T10:19:06Z
ANDONIS,Fire to the Rain - Hardstyle Remix,4tZULb84s9ELGycuPWGa2k,Fire to the Rain Hardstyle,55,2023-12-27T10:19:06Z
The Stupendium,The Fine Print,73MWNenV7mQGUdXB8npY4H,The Fine Print (The Outer Worlds Song),60,2023-12-27T10:19:06Z
Rammstein,Deutschland,2bPGTMB5sFfFYQ2YvSmup0,Rammstein,73,2023-12-27T10:19:06Z
Imagine Dragons,Bones,0HqZX76SFLDz2aW8aiqi7G,Bones,74,2023-12-27T10:19:06Z
Ilkay Sencan,Do It,7uYyhUnxIsSF2LMWUpLs5V,Do It,44,2023-12-27T10:19:06Z
"Nadit Chatha, Jas Chetan",WYK,1ipD7zLW3clE4qfUrfUThc,WYK,4,2023-12-27T10:19:06Z
Cj Borika,Gangsta's Paradise,505AuAiidVtcWIrDTZ8n7D,Gangsta's Paradise,14,2023-12-27T10:19:06Z
"The Walkers, Alan Walker, SAPPHIRE",Unity,3Os9onUOoxT6EP3kwiMRKA,Unity,62,2023-12-27T10:19:06Z
Maxi,Karma,3jJxpUT3u7QFgvsfQY2zI0,Skilda Världar,6,2023-12-27T10:19:06Z
"Young Stunners, Talha Anjum, Talhah Yunus, Rap Demon",Dont Mind,4Tol72m7hzEseRnsDc3SWw,Dont Mind,57,2023-12-27T10:19:06Z
The Stupendium,Rest Employed,2dNNnKzJG6sLdiuWdQmU7x,Rest Employed (Death and Taxes Song),46,2023-12-27T10:19:06Z
Imagine Dragons,Wrecked,2d1MywHy6FwKdzxFuSJnwl,Wrecked,58,2023-12-27T10:19:06Z
"Post Malone, The Weeknd",One Right Now (with The Weeknd),1nltpRhEiXikwDlVn4UADk,Twelve Carat Toothache,66,2023-12-27T10:19:06Z
Travis Scott,THE PLAN,3zKxgW0eUAw1v4m7eZcrns,Tenet (Original Motion Picture Soundtrack) [Deluxe Edition],41,2023-12-27T10:19:06Z
DNDM,Lips like roses,1qmy0dSFW6iR6cCwB28nIe,Lips like roses,0,2023-12-27T10:19:06Z
Quick Communication Official,Arijit Singh X Darshan Raval,5j6wydLQHbcAIXjqPg84k1,Arijit Singh X Darshan Raval,0,2023-12-27T10:19:06Z
Vijay Dk,Blueblood,5ocpyxwgTWFpio0CEi1cVU,Blueblood,46,2023-12-27T10:19:06Z
"The Stupendium, McGwire",No One's Home,2X9fAVlAk6reZfbV1vpa1r,No One's Home (Beholder 3 Rap),36,2023-12-27T10:19:06Z
"The Stupendium, McGwire",No One's Home - A Cappella,4ijCUyNjsA2QGVollso2Us,No One's Home (Beholder 3 Rap),4,2023-12-27T10:19:06Z
"Sachin Gupta, Sanam",Yeh Raaten Yeh Mausam - Lofi,5gYiBjRhHqv7QNjMngMSA5,Sleep Lofi Hits,29,2023-12-27T10:19:06Z
"Pouria Motabean, Tina Amy",Under the Influence - Cover,3PZ5jElTprOWp362wruwWq,Under The Influence,0,2023-12-27T10:19:06Z
Aaryan Shah,Is This the Life I Chose?,0u775ixHDq5MEQRYTczsPB,The Dark Ages,38,2023-12-27T10:19:06Z
Travis Scott,Antidote,1wHZx0LgzFHyeIZkUydNXq,Rodeo,72,2023-12-27T10:19:06Z
The Stupendium,Art of Darkness,41T3WTsZuQZTVrVBFJLTS3,Art of Darkness,47,2023-12-27T10:19:06Z
Portugal. The Man,Feel It Still,6QgjcU0zLnzq5OrUoSZ3OK,Woodstock,78,2023-12-27T10:19:06Z
Rema,Corny,45DflAgf5cA8pFRmwV3JMM,Rema,51,2023-12-27T10:19:06Z
thanks for coming,Dear Rachel,6Yebguo8rjMTplnsCRaXJ8,Rachel Jr.,3,2023-12-27T10:19:06Z
"Blackway, Black Caviar",What's Up Danger - Black Caviar Remix,0fOxkxw7FKXuzNs64bsmyb,What's Up Danger (Black Caviar Remix),32,2023-12-27T10:19:06Z
"Sam Smith, Kim Petras, David Guetta",Unholy (feat. Kim Petras) - David Guetta Acid Remix,6uZ6M4MAhDQJDmjCcKDdVf,Unholy (feat. Kim Petras) [David Guetta Acid Remix],41,2023-12-27T10:19:06Z
"Nenei, Ronan",Just the Two of Us - Smooth Downtempo Mix,4kKKD3fawT92PxR3kaOyOC,Just the Two of Us,27,2023-12-27T10:19:06Z
Kamro,Angetenar,0et4y7Jd59DGkrCMlQo3ny,Angetenar,3,2023-12-27T10:19:06Z
Mitraz,Mulakaat,0BVendAi5irAAicD8aTVHM,Zehen,40,2023-12-27T10:19:06Z
Mitraz,Zehen,15Hh48XELbgkS3HQUC2hUq,Zehen,54,2023-12-27T10:19:06Z
Mitraz,Mehboob,1rkFgJvUIf3ZWbK6CC0PD3,Zehen,43,2023-12-27T10:19:06Z
Mitraz,Filhaal,6hYKwnR4unoYOQVGxw9je2,Zehen,32,2023-12-27T10:19:06Z
Mitraz,Baatein,4pcBYv2n2vp3OkC2bH5is1,Zehen,44,2023-12-27T10:19:06Z
"Valentino Khan, Wuki, Roxanna",Better,5xGcpnA8ACSipKcRcYioxh,Better,45,2023-12-27T10:19:06Z
Dino James,Dhundhla,07OTnfIWckr7oRuS7fWQif,D,43,2023-12-27T10:19:06Z
Kamal.,free flow,1UxiPpx3EC2SqFmGoqlXOy,free flow,0,2023-12-27T10:18:57Z
Zeynep Bastık,Ara,18Ies0Fsw2IwDuLoOhDlyy,Ara,49,2023-12-27T10:18:57Z
AnnenMayKantereit,Lass es kreisen,6Pn5YAIhhT85vxBD3YoIzG,Es ist Abend und wir sitzen bei mir,51,2023-12-27T10:18:57Z
AnnenMayKantereit,Ausgehen,1uEQkaqiykbvR91UAHYGpk,Es ist Abend und wir sitzen bei mir,62,2023-12-27T10:18:57Z
AnnenMayKantereit,Du tust mir nie mehr weh,2XleePXiZOxwVUizlGdy9D,Es ist Abend und wir sitzen bei mir,55,2023-12-27T10:18:57Z
AnnenMayKantereit,Tommi,4aFIMli7GhMfRXdR17UjlA,Es ist Abend und wir sitzen bei mir,51,2023-12-27T10:18:57Z
Dino James,Feel Hai Ki Nahi,2GowXb6JMHvpKbpcz5AZNi,Feel Hai Ki Nahi,30,2023-12-27T10:18:57Z
Asiah,Perfect Timing,6m6s1y58SKcozN0GMmot4J,For the Soul,29,2023-12-27T10:18:57Z
"Max Oazo, Camishe",Supergirl,2dnpcmtCf6CndWFtBTe5Qd,Supergirl,42,2023-12-27T10:18:57Z
Talwiinder,Gallan 4,1SPuc7uit9YBlua4eaVz06,Gallan 4,57,2023-12-27T10:18:57Z
Arn Anirut,King,37RvV1aIMpUhPX9HLHGQsO,Royal,0,2023-12-27T10:18:57Z
"Nucleya, 2jaym, Sublahshini",Kanaa,6J2pC3j9WF4tVJo4mEHZdn,Kanaa,35,2023-12-27T10:18:57Z
"GIMS, Maluma",Hola Señorita,5254Tvcl6Gtt9S9aWXBndd,Transcendance,32,2023-12-27T10:18:57Z
"Pritam, Arijit Singh, Amitabh Bhattacharya, Charan","Pyaar Hota Kayi Baar Hai (From ""Tu Jhoothi Main Makkaar"")",2vPrBucKCfKmafHhSfJ2pt,"Pyaar Hota Kayi Baar Hai (From ""Tu Jhoothi Main Makkaar"")",66,2023-12-27T10:18:57Z
"YA NINA, Ashref, Cricket",Weight (remix),0sUf1uQ01P957oY95dzVih,Weight (remix),35,2023-12-27T10:18:57Z
"Anitta, J Balvin",Downtown,3Ga6eKrUFf12ouh9Yw3v2D,Downtown,78,2023-12-27T10:18:57Z
"Saweetie, Doja Cat",Best Friend (feat. Doja Cat),2etHQJxIbV0soyPhelVs9Y,Best Friend (feat. Doja Cat),64,2023-12-27T10:18:57Z
Nusrat Fateh Ali Khan,Kehna Ghalat Ghalat,5KpdZ5yG18l5mI84KzpnJU,Top 50 Romantic Qawwalies,3,2023-12-27T10:18:57Z
AnnenMayKantereit,Wohin du gehst,40PO9gfu9bHdnsQqEKrcjg,Alles nix konkretes,49,2023-12-27T10:18:57Z
"Maria Becerra, TINI, Lola Indigo",High (Remix),2HpbDdD3JLpAPMJFYCeC6o,High (Remix),56,2023-12-27T10:18:57Z
Roop Kumar Rathod,Maula Mere Maula,5KNuHsIeFtD0oukst77hBi,Anwar (Original Motion Picture Soundtrack),60,2023-12-27T10:18:57Z
"Kat Deluna, Busta Rhymes",Run The Show (feat. Busta Rhymes),0FYUTxJZvvOVLopuhusqYC,9 Lives,51,2023-12-27T10:18:57Z
Lithe,I Tried,38rx8GRPIEnDzSwBbRzgDC,I Tried,32,2023-12-27T10:18:57Z
Kamro,Kiss Me La La La,30SeNZDtgc0cYEq2Za5foy,Kiss Me La La La,44,2023-12-27T10:18:57Z
AnnenMayKantereit,Ich geh heut nicht mehr tanzen,13Fo5bvBmmDDaMGtLlAqB5,Schlagschatten,54,2023-12-27T10:18:57Z
"Monoir, Esotique",Phone Away - Slowed & Reverbed,7JZmHisV3Xkpo3pT9fULiD,Phone Away (Slowed & Reverbed),28,2023-12-27T10:18:57Z
KAROL G,La Vida Es Una (From Puss in Boots: The Last Wish),35HgzqAoEZ28Ovq7kb9nDz,La Vida Es Una (From Puss in Boots: The Last Wish),61,2023-12-27T10:18:57Z
"AnnenMayKantereit, Amilli",Bang Bang,2JPFrY4uQ2WIFThXoYpmzr,Bang Bang,42,2023-12-27T10:18:57Z
"Amaarae, Kali Uchis, MOLIY",SAD GIRLZ LUV MONEY Remix (feat. Kali Uchis and Moliy),09gysnJpfQ3ublBmJDfcEC,SAD GIRLZ LUV MONEY Remix (feat. Kali Uchis and Moliy),74,2023-12-27T10:18:57Z
"Sped Up Mage, 2 VIVE, Syrex, Veronica Bravo",Diamonds (Sped Up),2xlaWAOXEvLOxgiRlfLqmW,Diamonds (Sped Up),0,2023-12-27T10:18:57Z
The Weeknd,Faith,3orEOtd8CPL8GFlpRpKuoE,After Hours,64,2023-12-27T10:18:57Z
"AnnenMayKantereit, K.I.Z",Hurra die Welt geht unter - Live,5FP7gxNVjs6vTVcWoYYI9B,AnnenMayKantereit & Freunde (Live In Berlin),41,2023-12-27T10:18:57Z
Flowbo,Don't Play With Us,1UN6Nbpr6gQsuYRd172vNh,Don't Play With Us,22,2023-12-27T10:18:57Z
Sandra N.,Liar,4CoEF6ZSo3WEjprMD3rxBJ,Liar,20,2023-12-27T10:18:57Z
"Justin Bieber, BEAM",Love You Different (feat. BEAM),27UcQ6dAvQrgH9C880rCM3,Justice,55,2023-12-27T10:18:57Z
"The Aerodynamikz, Mitraz",Lovely,59wTThkfCWwAniCzvbf7pp,Lovely,13,2023-12-27T10:18:57Z
NITESH,Love Mashup - Lo-Fi Mix,3XhT1k8mMJESP1vQpOIvKv,Love Mashup (Lo-Fi Mix),0,2023-12-27T10:18:57Z
Symphonix,Melodic Elegance - Radio Version,7m3yfGm6Y7noUcLRoHy70q,Melodic Elegance (Radio Version),36,2023-12-27T10:18:57Z
Willy William,Ego - Radio Edit,7g3HQ4npoO3Zrp9Zia0J0E,Une seule vie,61,2023-12-27T10:18:57Z
"Murda Beatz, Anitta, J Balvin, Pharrell Williams, Quavo","NO MÁS (feat. Quavo, J. Balvin, Anitta, and Pharrell) - Instrumental",1IIo3EwIo3JzmpwQqXws5x,"NO MÁS (feat. Quavo, J. Balvin, Anitta, and Pharrell) [Instrumental]",8,2023-12-27T10:18:57Z
"Kailash Kher, Arrize",Daulat Shohrat - Lofi Trip,2ds6aYa0nAjDjSnaAhph3K,Daulat Shohrat (Lofi Trip),40,2023-12-27T10:18:57Z
Kendrick Lamar,Alright,3iVcZ5G6tvkXZkZKlMpIUs,To Pimp A Butterfly,79,2023-12-27T10:18:57Z
Hardik Takkar,Stargazing - lofi,2Ut2moFqBiuPHubGw8tPYz,Stargazing (lofi),13,2023-12-27T10:18:48Z
"Badshah, Fotty Seven, Bali","Hot Launde (feat. Fotty Seven, Bali)",2LQRU9QKAaommF4fL29AbW,The Power Of Dreams Of A Kid,38,2023-12-27T10:18:48Z
Pratik Singh,Baaki Bas,0V1AnEu4a46egxExRO4Wcc,Baaki Bas,0,2023-12-27T10:18:48Z
"Karie, Søundboy",Ele Vorbesc,3Cd5vZf2G4s4r1IrVYe1P8,Ele Vorbesc,0,2023-12-27T10:18:48Z
ProdbyBrxwnboy,Mukh - Slowed + Reverb,4f0qQvp3EkDeg8x19Klsa5,Mukh (Slowed + Reverb),0,2023-12-27T10:18:48Z
Scooter,The Logical Song,7cR6SJQLubZTtIrAgteiec,24 Carat Gold,6,2023-12-27T10:18:48Z
The PropheC,Secrets,4u7IQqFz6ZSZoLwTcWDfLQ,Secrets,40,2023-12-27T10:18:48Z
Coral B,Masakali,5mFJuDff9EXZ5alWEQlGJX,Masakali,38,2023-12-27T10:18:48Z
Sean Kingston,Take You There,6AdLyvisRKHLAwARaZMGr6,Sean Kingston,63,2023-12-27T10:18:48Z
David Maxim Micic,Universe in a Crayon,1PCWQq7JrNFxgQiHyjY8jK,ECO,28,2023-12-27T10:18:48Z
Mohit Chauhan,Masakali,5iyNH1Dmxif1k4Nl1gMeuh,Delhi-6,64,2023-12-27T10:18:48Z
Harjas Harjaayi,"JHOOTH, Vol. 1",4rTW1ZlqeOOvVreIyK51E6,"JHOOTH, Vol. 1",5,2023-12-27T10:18:48Z
Dxvn.,Boundaries,59LsMNTWxVr2L2bE2vM3G3,Boundaries,32,2023-12-27T10:18:48Z
Savage,Hi Talha Anjum,6qpltssOELF0WaKcJ5VEyt,Hi Talha Anjum,8,2023-12-27T10:18:48Z
Aaryan Shah,Red-Eye,5XEfKggeZe9fObg07LARAS,The Arrival,29,2023-12-27T10:18:48Z
Bombay Jayashri,Zara Zara - LoFi,4AXseqtvJZXSdj21bkwsV6,Lofi Songs,0,2023-12-27T10:18:48Z
"Shashikant Kachave, Hiten Shivade",Sagar Vaibhav Ni Pawri,4OPFRx8f0TCcmxPYQTD86i,Sagar Vaibhav Ni Pawri,0,2023-12-27T10:18:48Z
"Sam Smith, Kim Petras",Unholy (feat. Kim Petras),0NZPBYD5qbEWRs3PrGiRkT,Gloria,74,2023-12-27T10:18:48Z
Prince of Falls,EXXPOSEDD,3uLvUbiosmQJSfFfvO87kO,EXXPOSEDD,33,2023-12-27T10:18:48Z
"ROOHAAN, Ráh",Haal-e-dil,38KuzT1i5pWF7hAd540p2N,Roohdimentary,0,2023-12-27T10:18:48Z
"Mitraz, Arooh",Heeriye,2n81wfUPrLqem735iUKmCD,Heeriye,33,2023-12-27T10:18:48Z
Cryptic Wisdom,Take You There,7huSylvw4DVPcCbsgYb4V5,Hindsight,0,2023-12-27T10:18:48Z
"GAWNE, Atlus, Tech N9ne",This Is War,0qTGXEO1PuFXzxzPXw8M8V,Waves,51,2023-12-27T10:18:48Z
Koki Beats,Miss You Sad Song,4GqGkCEpk9Nl3tV3aTGsUL,Miss You Sad Song,0,2023-12-27T10:18:48Z
"Ekoh, Futuristic",Let Down,1z5qXSQYB9yAjneSMD5i4B,Let Down,15,2023-12-27T10:18:48Z
Desren,Anything 2 Feel Alive,07HGBbd0xxfKlwPvNyIuE1,Anything 2 Feel Alive,3,2023-12-27T10:18:48Z
Unaverage Gang,Jaw of the Hounds,2nxZvLdev7p5VIPHJtIP3R,Jaw of the Hounds,28,2023-12-27T10:18:48Z
"DJ Nyk, Mitika Kanwar",Kiven Mukhde Ton,7klQaVtXGM4JzGJdUn9Eic,Kiven Mukhde Ton,33,2023-12-27T10:18:48Z
Post Malone,Waiting For Never,753lkDSNs2u188xbl8Vrnx,Twelve Carat Toothache (Deluxe),61,2023-12-27T10:18:48Z
Lewis Capaldi,Someone You Loved,7qEHsqek33rTcFNT9PFqLf,Divinely Uninspired To A Hellish Extent,85,2023-12-27T10:18:48Z
"KSHMR, Lost Stories, Kavita Seth",Bombay Dreams (feat. Kavita Seth),4SlCYFaUQ8GRuwdpgniaGF,Bombay Dreams (feat. Kavita Seth),47,2023-12-27T10:18:48Z
Naim Sabri,Sanam Kaisa Pyar Hai,4zFYz1t9UppQGsMluDRs32,Meri Duniya Me,0,2023-12-27T10:18:48Z
2Scratch,Lights Out.,1F22PMl4rai5dXTzWZvJCF,Scary Hours & Nice Vibez,28,2023-12-27T10:18:48Z
Vin Jay,Sweet Dreams,3njl4hPLuWFKox9jSRSNkv,Sweet Dreams,0,2023-12-27T10:18:48Z
"Raaginder, Asad Khan, Mastané",Butterflies - Khanvict Remix,2B1fDUS1MvCMn8ht4qhVgN,Butterflies (Khanvict Remix),26,2023-12-27T10:18:48Z
"7Bantai'Z, Kaam Bhaari",METER DOWN,51xRr0hvvBpyljgvNfXkH9,METER DOWN,39,2023-12-27T10:18:48Z
"Hasan Raheem, Maanu",Khona Tha,6Iz8LIazsQ1tBcnoqEOEM0,Khona Tha,31,2023-12-27T10:18:48Z
Nabeel Shaukat Ali,Aabroo,5XDiWySWgXJBwzeotsO0UU,Aabroo,35,2023-12-27T10:18:48Z
"Parag Chhabra, D'Evil, Shah Rule","Asli Action Chaalu (Theme Song) [From ""An Action Hero""]",7wTaexlHXGPcx3ORPLzRvv,"Asli Action Chaalu (Theme Song) [From ""An Action Hero""]",17,2023-12-27T10:18:48Z
"Toshi, Annural Khalid",Dil de Bol,7pnzuSzXn8QmiTjXHCi304,Dil de Bol,45,2023-12-27T10:18:48Z
"Anmol Ashish, Pratik Singh",Saathi Har Pal Ka,3RGOqJn3ofeBOHCvpmGXu7,Love / Roses,15,2023-12-27T10:18:48Z
"Anmol Ashish, Pratik Singh",Kyu Yaadon Mai,2FFNBPHDvQEI3RND1E070a,Love / Roses,16,2023-12-27T10:18:48Z
"Anmol Ashish, Pratik Singh",Pass Tere,4tEgegadHt3RHygims7Y3Y,Love / Roses,14,2023-12-27T10:18:48Z
Vishal Dadlani,Jee Le Zaraa,2r32XiAWtZbT3eLUvf4pag,Talaash,66,2023-12-27T10:18:48Z
"Dino James, Kaprila",Jealous,7sHzloYlLclhNKVIWDvv7M,D,43,2023-12-27T10:18:48Z
"Jassa Dhillon, thiarajxtt",SPAIN - Extended Version,6lU7n05Ro42D1PK6fN87QB,SPAIN (Extended Version),42,2023-12-27T10:18:21Z
DIVINE,Kohinoor,1VYMsDdZ3toHtlZxAGS95n,Kohinoor,49,2023-12-27T10:18:21Z
"AP Dhillon, Shinda Kahlon",All Night (Live),7IK26RNUdgoZWJdlarrcty,Two Hearts Never Break The Same,55,2023-12-27T10:18:21Z
"Giorgos Mazonakis, Arash",Tora Tora (Boro Boro),4N7UpiOnVCysT8K3QqK9Me,Tora Tora (Boro Boro),44,2023-12-27T10:18:21Z
"Dr Zeus, Rahat Fateh Ali Khan",Chaal,4tszOdKz6c6gvJHyIxXiZN,Chaal,39,2023-12-27T10:18:21Z
Triplo Max,Shadow,4xAxDT9WjA9JXNna6eebuw,Shadow,0,2023-12-27T10:18:21Z
"Somee Chohan, Talha Anjum",Marjaaneya,0MgC0ewabpzRTQb7argzRx,Marjaaneya,30,2023-12-27T10:18:21Z
"Akcent, Sandra N.",Amor Gitana - Radio Edit,7glGpV83wlAlmxGGG8u8I6,Love the Show,33,2023-12-27T10:18:21Z
Love Music Beatz,Mc Stan Nusta Paisa x Mujhko Yaad Sataye Teri x Divine,2l8OoEhwoDPuJIoaOszeAl,Mc Stan Nusta Paisa x Mujhko Yaad Sataye Teri x Divine,0,2023-12-27T10:18:21Z
Mitraz,Junoon,4roFMBSQp7W4fYVxKMmhA5,Junoon,61,2023-12-27T10:18:21Z
YA NINA,Sugar,31MatmEkCUaXXEyX1GuB8G,Sugar,48,2023-12-27T10:18:21Z
INNA,UP,3ajgQFhKuWa4Hz6VgkThuO,UP,51,2023-12-27T10:18:21Z
Anas Otman,2TON (KOHEN) - Anas otman Remix,6OHtwzeppJcuy7Ixlpz017,2TON (KOHEN) [Anas otman Remix],18,2023-12-27T10:18:21Z
Alexandra Stan,Mr. Saxobeat,2BTSWfjaTMYWCxhmVRhqLK,Sundown (Original Motion Picture Soundtrack),1,2023-12-27T10:18:21Z
"Arman Cekin, Faydee",Without You,0VmGR5vY7xYjpDnKZORLn1,Without You,28,2023-12-27T10:18:21Z
Khan Bhaini,Naam Sunuga,2DnRbGR0JIKLERKI8IGcoL,Naam Sunuga,56,2023-12-27T10:18:21Z
"Jassa Dhillon, thiarajxtt",SPAIN,4ZVtid5khBfDx6Co0vTUE6,VIBIN,66,2023-12-27T10:18:21Z
Robert Cristian,Just Breathe,7pI6izrCeLqqLjbKMZAUz5,Just Breathe,13,2023-12-27T10:18:21Z
Karan Bhambhani,Kangana Tera Ni (Slowed & Reverb),1b6rQqPg4TRSgMbPxhRJlI,Kangana Tera Ni (Slowed & Reverb),0,2023-12-27T10:18:21Z
Jay Aliyev,Maybe That's a Lie,0JPnlkPelPiruCJUpJW6BX,Maybe That's a Lie,34,2023-12-27T10:18:21Z
OsMan,Lost,0ACNL0gtzqp87Gwy9sz3K9,Lost,28,2023-12-27T10:18:21Z
Abhijeet,"Hum to Deewane Huye (From ""Baadshah"")",5qG6jYnBmGMdKS1WiZBgj5,Sensational Duets (Abhijeet & Alka Yagnik),60,2023-12-27T10:18:21Z
Hr. Troels,La Isla Bonita,3oJYe7NI7juu1HIGyyvwec,La Isla Bonita,41,2023-12-27T10:18:21Z
"Sidewalks and Skeletons, Goo Munday",Shadow,7b3YF30p0ghFL7LykwaraK,Exorcism,48,2023-12-27T10:18:21Z
"Sukhwinder Singh, Alka Yagnik",Ramta Jogi,2fsPrE2NYiHOHPMuWbjvTj,Taal (Original Motion Picture Soundtrack),56,2023-12-27T10:18:21Z
Fajar Asia Music,Headlight,5jPGXytUPAFPDcuTRKwqQK,Headlight,0,2023-12-27T10:18:21Z
Sanam,Likhe Jo Khat Tujhe,7ekX4jSeFe7ReiMhJnbB2j,Likhe Jo Khat Tujhe - Single,36,2023-12-27T10:18:21Z
Kishore Kumar,"Ek Ladki Bheegi Bhagi Si (From ""Chalti Ka Naam Gaadi"")",1L5Pw7r8NIimfqlkszMouq,Krazy Kishore,36,2023-12-27T10:18:21Z
Mitraz,Akhiyaan,2l3dFxtoSMgMQVyRIUHjpz,Akhiyaan,66,2023-12-27T10:18:21Z
Music Factory,Dewane hum nahi hote Lofi - Remix,5Ob66eBWMTKWSAcVNaOjgA,Dewane hum nahi hote Lofi (Remix),0,2023-12-27T10:18:21Z
"Arman Cekin, Faydee, Karra",Better Days,1FtYN2OwwvNgxfqf5XsD6M,Better Days,52,2023-12-27T10:18:21Z
"Edmofo, Leo Kodian",Take Me Down,66Md1EyLBSrKol5baPgJHf,Take Me Down,35,2023-12-27T10:18:21Z
"Serhat Durmus, Aishe",Kaybeden,0dUcdmhn1bRupzraufRdeb,Kaybeden,28,2023-12-27T10:18:21Z
Mitraz,Kabhi Na Kabhi,3G68NLecRlUYbO8OAs4YKb,Kabhi Na Kabhi,47,2023-12-27T10:18:21Z
"David Guetta, Bebe Rexha, J Balvin, AFROJACK, Chasner",Say My Name (feat. Bebe Rexha & J Balvin) - Afrojack & Chasner Remix,2Y6I8OVTgvz1Yuch4oQJcO,Say My Name (feat. Bebe Rexha & J Balvin) [Afrojack & Chasner Remix],45,2023-12-27T10:18:21Z
ZelliX,Bas Tu Aa,1iOkWJBWEKkZjvvA2zLCQN,Bas Tu Aa,4,2023-12-27T10:18:21Z
"Shaggy, Mohombi, Faydee, Costi","I Need Your Love (feat. Mohombi, Faydee & Costi)",74Xdx4ezYQQlg8wKswq25T,"I Need Your Love (feat. Mohombi, Faydee & Costi)",55,2023-12-27T10:18:21Z
Saahel,Zariya,5U0BPAeUtyZHCTMHTDNSCV,Zariya,23,2023-12-27T10:18:21Z
"Asees Kaur, Stebin Ben",Tu Mile Dil Khile,6SnqFFm7Qp68efuVygvwtU,Tu Mile Dil Khile - Single,40,2023-12-27T10:18:21Z
"Emiway Bantai, Meme Machine",Ring Ring,3WT8xs1Hbo7l3YFjsUyhVs,Ring Ring,41,2023-12-27T10:18:21Z
Alexander Rybak,Fairytale,3MnAsEBBsEj86d03RgO4EM,Fairytale,69,2023-12-27T10:18:21Z
"Alan Walker, Ava Max","Alone, Pt. II",0bMbDctzMmTyK2j74j3nF3,"Alone, Pt. II",67,2023-12-27T10:18:21Z
"Tanveer Evan, Ahmed Shakib",Maine Royaan (Lofi Remix),3khiYRqf3tjb6PSGBhkfl4,Maine Royaan (Lofi Remix),54,2023-12-27T10:18:21Z
MerOne Music,Love In Your Eyes,6WagvsCWG0Yj7MiywnsUCx,Love In Your Eyes,0,2023-12-27T10:18:21Z
"Payal Dev, Badshah",Tauba (feat. Badshah),1GzgV0pRSUbenz25xWV2s8,Tauba (feat. Badshah),45,2023-12-27T10:18:21Z
Sickick,Kill Me Slowly,3ZgC8QbdvmjFSzAbz7DWFl,Kill Me Slowly,46,2023-12-27T10:18:11Z
"Juss, MixSingh",Safar,57XxjBWEg4bU5nnW5WCSBG,Safar,66,2023-12-27T10:18:11Z
AP Dhillon,Wo Noor,32FVH23yFXr8Z0sfjRw4It,Two Hearts Never Break The Same,65,2023-12-27T10:18:11Z
The Avett Brothers,Murder in the City,5BI3RiUfE0QFVtlKoqQ8Li,The Second Gleam,33,2023-12-27T10:18:11Z
"King, HIGH-BORN",Tera Hua Na Mai Kabhi,4xJbtPOrghLrR5W6SPkERA,The Gorilla Bounce,42,2023-12-27T10:18:11Z
Sabaton,Sparta,5GiBUJsWN6jrCPEbHRuG9T,The Last Stand,53,2023-12-27T10:18:11Z
"Majestic, Boney M.",Rasputin - Majestic Club VIP Remix,6FO4K7MrMoYkc5BlpX5LNV,Rasputin (Remixes),40,2023-12-27T10:18:11Z
"AP Dhillon, Gminxr, Gurinder Gill, Shinda Kahlon",Brown Munde,58f4twRnbZOOVUhMUpplJ4,Brown Munde,68,2023-12-27T10:18:11Z
Mr.swappy,Yaar Badal Na Jaana X Mc stan X Emiway Bantai,6WzazRLMvpwTJX9fX4PRm9,Yaar Badal Na Jaana X Mc stan X Emiway Bantai,0,2023-12-27T10:18:11Z
MC STAN,Broke Is A Joke,1J9OoW4eLxIjwo10lBB83x,Broke Is A Joke,46,2023-12-27T10:18:11Z
"VIBIE, Arijit Singh, Pritam, Bollywood Lofi",Kesariya - Lofi Flip,7nsjBUVRQTUEvCReXAtVPi,Kesariya (Lofi Flip),54,2023-12-27T10:18:11Z
"Labrinth, Zendaya",All For Us - from the HBO Original Series Euphoria,3XO5JECOWMUoZUcCudOrOP,songs that you feel powerful,11,2023-12-27T10:18:11Z
Prod.By RM,No Love,5YWHD9kHaT7LCG7zY4pRB3,No Love,12,2023-12-27T10:18:11Z
"Tiësto, Ava Max",The Motto,18asYwWugKjjsihZ0YvRxO,The Motto,72,2023-12-27T10:18:11Z
AUR,Baatein,0NB9zGArNkWbaf21zstW5N,Baatein,0,2023-12-27T10:18:11Z
Lil Nas X,MONTERO (Call Me By Your Name),67BtfxlNbhBmCDR2L2l8qd,MONTERO (Call Me By Your Name),68,2023-12-27T10:18:11Z
Mr Maksud,BAAZIGAR - Mashup,6KAbcq3fIx04PiBPl80zZf,BAAZIGAR (Mashup),0,2023-12-27T10:18:11Z
"ZWE1HVNDXR, yatashigang",LOVELY BASTARDS,0EqczV3o6fwksegAavIHpX,LOVELY BASTARDS,74,2023-12-27T10:18:11Z
Cigarettes After Sex,Apocalypse,0yc6Gst2xkRu0eMLeRMGCX,Cigarettes After Sex,87,2023-12-27T10:18:11Z
Mehmet Sedikki,Jrohi - جروحي,2FLNWONb54hk6Th2DH6ql0,Jrohi - جروحي,0,2023-12-27T10:18:11Z
Burimkosa,Mahiya,3gay65btQDDJjAyjQqeROb,Mahiya,27,2023-12-27T10:18:11Z
Aaryan Shah,Still Alive,1iGtWdXIUrtkYSMfBf9B2z,The Arrival,29,2023-12-27T10:18:11Z
"Riar Saab, Abhijay Sharma",Obsessed,6Z4rRhYZVQsYKmrxD40tru,Obsessed,66,2023-12-27T10:18:11Z
Mascara Vibez,Joy,4c8gtR1YqAd12BzQYEHQ30,Life (The EP),17,2023-12-27T10:18:11Z
SHAED,Trampoline,0lsRatBUs9HNIZAmoGABzk,MELT,57,2023-12-27T10:18:11Z
Daniel Di Angelo,D.U.I.,48JGKziScVOYsOxRKD9Ftj,D.U.I.,47,2023-12-27T10:18:11Z
Dhorin Fireheart,Danish Boy,4vF4bmZh0DKeh6QJuTVyju,Scandinavian Boys EP,0,2023-12-27T10:18:11Z
plenka,Call Me - Slowed,0TvHrcLqLrQxAmT8ILd21V,Call Me (Slowed),61,2023-12-27T10:18:11Z
Amr Diab,Nour El Ein,3ZTuYuaV1fhdNnuIBuzTYy,Nour El Ein,61,2023-12-27T10:18:11Z
Raga,Jamnapaar,79idYpx65xmVSSySSglqcX,Jamnapaar,42,2023-12-27T10:18:11Z
"Nawazuddin Siddiqui, Raftaar",Mantoiyat (Manto),0Dgb6V4AXNdituzDNdqzKL,Mantoiyat (Manto) [Original Motion Picture Soundtrack],36,2023-12-27T10:18:11Z
"Jaymes Young, PRETTY YOUNG",Infinity (PRETTY YOUNG Remix),6aVXogDmwqAJCrFguyWbKj,Infinity (PRETTY YOUNG Remix),50,2023-12-27T10:18:11Z
"Moderat, Keinemusik, Rampa, &ME",More Love - Rampa &ME Remix,70ofkwt6aIb4bPQ51OQMQO,More Love (Rampa &ME Remix),63,2023-12-27T10:18:11Z
DJ SMR,MC Stan Dialogues Mix,3rFfhwRzbeyMrjeeR6V5Rl,MC Stan Dialogues Mix,0,2023-12-27T10:18:11Z
"Nexeri, Britt",Let Me Down Slowly,2pA070oaSOoV6yUqfA9O3u,Let Me Down Slowly,31,2023-12-27T10:18:11Z
Khalid,Better,4T3fNx3CgwDRRYgmFCbD4J,Better,63,2023-12-27T10:18:11Z
"Munawar Faruqui, DRJ Sohail",Khwahish,7xSs6adpGxwxU2qhneUcD7,Khwahish,40,2023-12-27T10:18:11Z
"Alok, Alan Walker, Issam Alnajjar, KIDDO",Headlights (feat. KIDDO & Issam Alnajjar) - Radio Edit,2gqnO3cvjvBNTYr9dMNZIn,Headlights (feat. KIDDO & Issam Alnajjar) [Radio Edit],40,2023-12-27T10:18:11Z
AMAL FATHI,Rit Ennejma,1jtGLsxjskDdRsb9gWriHA,Rit Ennejma,0,2023-12-27T10:18:11Z
R.I.O.,Shine On,7yIGRf80h3Kwi4GfwJUiQl,Shine On (The Album),54,2023-12-27T10:18:11Z
Nick Dhillon,BomBolly - Vol. 2,638o3fTvEsl27y9LeSvMUc,BomBolly (Vol. 2),15,2023-12-27T10:18:11Z
"Mohit Chauhan, Shekhar Ravjiani, Shruti Pathak, Kedrock, Sd Style",Tujhe Bhula Diya Lofi Mix,5XTfk1cEL9NeunAloscyru,Tujhe Bhula Diya Lofi Mix,47,2023-12-27T10:18:11Z
Otilia,Diamante,6Lr9MxqWVKWZNJoB2B1yx2,Diamante,40,2023-12-27T10:18:11Z
DJ TETEOO,Hype,7A1G5pbswf3WR9sC5wUIxm,Party Flow,27,2023-12-27T10:18:11Z
TYREE,No Cap,5vqPZyaPRJBDipk1xj72UY,No Cap,0,2023-12-27T10:18:11Z
Lady Gaga,Bloody Mary,2FCIH6YinPBKkm9ihMkqvs,Best Hits 2023,0,2023-12-27T10:17:53Z
HANNA,Музыка звучит,2g3HFKiSiJQyCy98aE7A6f,Музыка звучит,46,2023-12-27T10:17:53Z
"zandros, Limi",obsessed,3TKakBgJaTH5INk0WhU4xP,obsessed,72,2023-12-27T10:17:53Z
"КУЧЕР, JANAGA",По щекам слёзы,2nZ7U3S99FIdusogoNr2xw,По щекам слёзы,49,2023-12-27T10:17:53Z
Vibe Jonez,Violet Hues,07R2zAzTdqb1qJRVFRCDPX,Osumare,0,2023-12-27T10:17:53Z
"Texako, Elijah Who",Bros over Hoes,3Z2HS0uQqtuasHvoWobNNs,Emotional Trap Music,6,2023-12-27T10:17:53Z
alex_g_offline,Pretend,2daAjqlxQzym4egvLQjSnH,1234,48,2023-12-27T10:17:53Z
"Udit Narayan, Alka Yagnik, Kumar Sanu, Mann Taneja",Dil Ne Yeh Kaha Hain Dil Se - Lo-Fi Remix,2hybPUnIwR1Hs1dAZZfcGa,Dil Ne Yeh Kaha Hain Dil Se (Lo-Fi Remix),14,2023-12-27T10:17:53Z
Olive Klug,Self Help,6YfjCMHQ0GWCcMtelpKVQB,Self Help,28,2023-12-27T10:17:53Z
HammAli & Navai,Птичка,6Abmb1Nh7Bc5U6o4iEgSDH,Птичка,55,2023-12-27T10:17:53Z
"Atif Aslam, Shirley Setia, Dj Chetas",Jab Koi Baat - Recreated,43GfQ1SC17rBWiHkOtdwK8,Jab Koi Baat - Recreated,61,2023-12-27T10:17:53Z
Shrylox,Daku (Slowed & Reverb),5Szje6RzjoETtNBoAEfHDQ,Daku (Slap House),54,2023-12-27T10:17:53Z
Alex Sparrow,She's Crazy but She's Mine,2p3QvyvrdHGntOeBwQNJQP,She's Crazy but She's Mine,65,2023-12-27T10:17:53Z
Rachid Aseyakhe,Blinding lights [Acoustic] - Arabic version,5EKdy4yX3P1TUGaw9w8t60,In Arabic Vol2 (Arabic version),16,2023-12-27T10:17:53Z
ALEKSEEV,Океанами стали,1AO3lWsQGZj2gspwzQfSyR,Пьяное солнце,0,2023-12-27T10:17:53Z
Minelli,Rampampam,1esZgaqm0YKN87CIP3orJ3,Rampampam,58,2023-12-27T10:17:53Z
Neoni,DARKSIDE,6xlOnm5MITIKtixzJW8R0j,Wars In A Wonderland,72,2023-12-27T10:17:53Z
LOBODA,Родной,5iCmQK7bvjnQdQhxiLMVTn,Родной,49,2023-12-27T10:17:53Z
DIVINE,Farak,0wcvsHMMrwA1Ah47RDJpdj,Farak,39,2023-12-27T10:17:53Z
Skeeter Davis,The End of the World,5DTOOkooKFUvWj1XQTFa09,The Essential Skeeter Davis,64,2023-12-27T10:17:53Z
JalRaj,Ilzaam Mohabbat Ka,7KbIORJ2pPcdaNBkWiIo7F,Ilzaam Mohabbat Ka,30,2023-12-27T10:17:53Z
"Arjun Kanungo, King",Ilzaam (From the Album 'Industry'),1ZMq0qzXfGnFo7BN03yddJ,Ilzaam (From the Album 'Industry'),62,2023-12-27T10:17:53Z
Rex Orange County,Edition,2E9EabdPii2mjeckhy1dhP,Edition,50,2023-12-27T10:17:53Z
"Alok, Bhaskar",Fuego,30pVSKdzBpZ9Np4Y2bJbFM,Fuego,55,2023-12-27T10:17:53Z
Jamisen,Compliment,2YBihLI3OrVkGV7k2CJpaV,Compliment,27,2023-12-27T10:17:53Z
LOBODA,moLOko,4i5gTMS4YGqEAqSAhFUmiF,moLOko,40,2023-12-27T10:17:53Z
Pennywise,Bro Hymn - 2005 Remaster,1ybhXkz4S8k9fdBZNBan7L,Pennywise (2005 Remaster),55,2023-12-27T10:17:53Z
Pablo Baker,"Bloody Mary (Sped Up TikTok Remix) [from ""Wednesday Addams""]",1GuhLLCyVhVSfbNZ0581LW,"Bloody Mary (Sped Up TikTok Remix) [from ""Wednesday Addams""]",47,2023-12-27T10:17:53Z
Lana Del Rey,Doin' Time,0Oqc0kKFsQ6MhFOLBNZIGX,Norman Fucking Rockwell!,76,2023-12-27T10:17:53Z
Ben Harper,We Need To Talk About It,1SWk8chKisB7HJvKizuf36,Bloodline Maintenance,23,2023-12-27T10:17:53Z
"Michelle Pfeiffer, Sally Dworsky",When You Believe,26LMlybHegFJie3Gj2a7eD,The Prince Of Egypt (Music From The Original Motion Picture Soundtrack),47,2023-12-27T10:17:53Z
Макс Барских,Неверная,3e31N38wUkGjglzH78mWbL,Туманы,24,2023-12-27T10:17:53Z
Harry Styles,Late Night Talking,1qEmFfgcLObUfQm0j1W2CK,Harry's House,76,2023-12-27T10:17:53Z
"nightfxrce, trusteki",BALI BALI,4GqszikY5otZyPIuROMh6G,BALI BALI,40,2023-12-27T10:17:53Z
"Melanie Martinez, Tierra Whack",Copy Cat (feat. Tierra Whack),4AhAT2GxKdNYWc5bmdoAES,Copy Cat (feat. Tierra Whack),56,2023-12-27T10:17:53Z
F.T.G.,Metal Health,0zWMO3fjOn3I5LK6v5Zd7Z,"Made in Malaysia, Vol. 1",12,2023-12-27T10:17:53Z
"Sena Mc, Ruas Mc, Delli Beatz",Propaganda,3jhh9jVSzGsYVil6CF38O5,Valioso,7,2023-12-27T10:17:53Z
Патимат Расулова,Карие глаза - Remix,2uNv2FkJmVSWcHn63MmpOi,Карие глаза (Remix),15,2023-12-27T10:17:53Z
Kaushik Rai,Kinna chir - Acoustic Version,76nSnm4uPcJWYnHv2pKdGd,Kinna chir (Acoustic Version),0,2023-12-27T10:17:53Z
ANNA ASTI,По барам,2LnEl9cc2mQLJPyN3ucgKG,По барам,10,2023-12-27T10:17:53Z
"MiyaGi & Endspiel, Rem Digga",I Got Love,43wgyQXc2M9KmTDUqVzugM,I Got Love,66,2023-12-27T10:17:53Z
Emily Hayden,Someone Asked Me About You,4nhtHE6qQ37bnWm2sfHRJe,Unsung Heartaches,0,2023-12-27T10:17:53Z
badkarma,true blue,0vEwTRUAX6pGUZb18duccP,true blue,47,2023-12-27T10:17:53Z
Left of Love,Cognitive Dissonance,1ypZTnOHWovR7RCYFPp8aC,Rise,0,2023-12-27T10:17:53Z
Camila Cabello,Crying in the Club,1SJtlNRJDeYHioymcvsqev,Crying in the Club,65,2023-12-27T10:17:53Z
why mona,Wannabe,3pUiKSyV6DZWbzezHhs1Eu,Wannabe,59,2023-12-27T10:17:03Z
"WESTSIDE BOOGIE, Eminem",Rainy Days (feat. Eminem),015jLlgBeSkl3CApWJhlv7,Everythings For Sale,51,2023-12-27T10:17:03Z
"Busta Rhymes, Mary J. Blige, Missy Elliott, DMX, Rah Digga, Lloyd Banks, Papoose",Touch It - Ultimate Remix,210KylpGyxtjt9loRFVVTV,Rap Queens,27,2023-12-27T10:17:03Z
Roger Cicero,When She Asks,7lwOVGpOlKOPBMI5TgJJPR,The English Album,4,2023-12-27T10:17:03Z
"Nusrat Fateh Ali Khan, A1Melodymaster",Aankh Uthi Mohabbat Ne,7t7bFIEU06QMD2RaMkqMaf,Reformed,45,2023-12-27T10:17:03Z
"The Pussycat Dolls, Snoop Dogg",Buttons - Final Edit Version,5AO8v8yr6eXj0zA9vNlKJk,Buttons,43,2023-12-27T10:17:03Z
Yumi 鍾柔美,y2k 還襯我麼?,09sUqsNIGR9iL1gbRjOuBM,y2k 還襯我麼?,15,2023-12-27T10:17:03Z
"David Guetta, Sia",Flames,33IOhptvC2Qoy2UhjiHXLV,Flames,61,2023-12-27T10:17:03Z
"Dr. Dre, Eminem, Skylar Grey",I Need A Doctor - Edited Version,3G1Na74xxuAhiWLyXDPCFN,I Need A Doctor,34,2023-12-27T10:17:03Z
Mehdi Ahmadvand,Khalse,5N4AGcHRFpUlEupeG9xAiG,Khalse,0,2023-12-27T10:17:03Z
The Weeknd,Call Out My Name,09mEdoA6zrmBPgTEN5qXmN,"My Dear Melancholy,",82,2023-12-27T10:17:03Z
Subspace,Pop It!,481C6LOBcaJaeKqLCWEnNn,Pop It!,17,2023-12-27T10:17:03Z
Tameem Youness,تراك الموسم,61pljzka4SKM1E9mjEtXbf,تراك الموسم,37,2023-12-27T10:17:03Z
Aknitra,Art,6VfKBKWKIv9CIKSZNVnKAW,Art,14,2023-12-27T10:16:53Z
th0tp0lice,Hasanabi Phonk 3,59LCnTP4lhTWgMrvmPtrxO,th0tp0lice,0,2023-12-27T10:16:53Z
Bonnie Tyler,Holding Out for a Hero - Single Version,3qE6p9fN4YeILT0cQcY1cD,The Very Best of Bonnie Tyler,63,2023-12-27T10:16:53Z
j-hope,Hope World,5UMPPsXaGbR1qtzcnEtTpM,Hope World,59,2023-12-27T10:16:53Z
Lil Nas X,STAR WALKIN' (League of Legends Worlds Anthem),38T0tPVZHcPZyhtOcCP7pF,STAR WALKIN' (League of Legends Worlds Anthem),69,2023-12-27T10:16:53Z
Ott,The Queen Of All Everything,188s885TL0EgDz07BShopC,Skylon,39,2023-12-27T10:16:53Z
Britney Spears,Criminal,6T689Jvh5KrSXyaPtUWZtQ,Femme Fatale (Deluxe Version),71,2023-12-27T10:16:53Z
cøzybøy,seasonal depression,4X2vfxcAwUfP7H7m1dlr1k,seasonal depression,7,2023-12-27T10:16:53Z
"What So Not, George Maple",Gemini (feat. George Maple),6sjtHq6EueMR7otphregK5,Gemini (feat. George Maple),50,2023-12-27T10:16:53Z
Sheikh Abdullah Awad Al Juhany,Yunus,1N73ey6nuR6aKKrRdbHcxL,The Holy Quran,2,2023-12-27T10:16:53Z
"Monoir, DHARIA",Incredible,2AubPpoGeKRyOmm3xEsw6i,Incredible,42,2023-12-27T10:16:53Z
Amedeo Tommasi,Spy Story,4hjsBGu5lXFLB0L5Xjndpp,Greatest Hits,0,2023-12-27T10:16:53Z
K.A.L,The Man,0GR3q1taAbG6K6mBNEiq8Q,Wading,0,2023-12-27T10:16:53Z
Mastoki,Art !,3rD6sPWClugoyl6VMDECfN,Art !,14,2023-12-27T10:16:53Z
Indila,Dernière danse,65uoaqX5qcjXZRheAj1qQT,Mini World,77,2023-12-27T10:16:53Z
Oyster Lovers,Shut Down - Piano Version,1R4cy73IholVL0MJEMKLmF,BLACKPINK'S Born Pink on Piano,9,2023-12-27T10:16:53Z
Günay Aksoy,Her Yer Karanlık,3Z5asGY62KL6Apsl5a1hRV,Her Yer Karanlık,48,2023-12-27T10:16:53Z
Sade,No Ordinary Love,1oaaSrDJimABpOdCEbw2DJ,Love Deluxe,67,2023-12-27T10:16:53Z
"Samanta, Pitt Leffer, Creative Ades",Le Le - Creative Ades Remix,1iccPI6grQxrpN3IUNj9TK,Le Le (Creative Ades Remix),7,2023-12-27T10:16:53Z
"Rema, Selena Gomez",Calm Down (with Selena Gomez),0WtM2NBVQNNJLh6scP13H8,Calm Down (with Selena Gomez),79,2023-12-27T10:16:53Z
Nina Simone,The Turning Point,5sbQWYxAL2Or9aWi8KVYLP,Silk & Soul (Expanded Edition),19,2023-12-27T10:16:53Z
"CryJaxx, Junior Charles",Candy Shop,7u8rSIe0Rh7XrwPV9btvwG,Candy Shop,8,2023-12-27T10:16:53Z
Aditya Rikhari,Faasle,0s76ExpXyMGVBlKLUr683e,Faasle,66,2023-12-27T10:16:53Z
Bo Burnham,All Eyes On Me,2Q6RiCAKOrxRYtvl9pcpjY,INSIDE,58,2023-12-27T10:16:53Z
Howard Harper-Barnes,A Magic Moon,403RmXKpwVkPHhGbyNI7BD,A Gift and a Curse,13,2023-12-27T10:16:53Z
"Black Eyed Peas, Shakira, David Guetta",DON'T YOU WORRY,0gYXw7aPoybWFfB7btQ0eM,DON'T YOU WORRY,63,2023-12-27T10:16:53Z
"J. Cole, Bas, 6LACK",l e t . g o . m y . h a n d (with Bas & 6LACK),0GAyuCo975IHGxxiLKDufB,The Off-Season,61,2023-12-27T10:16:53Z
"Lily Kershaw, Goody Grace",Now & Then,3f5qREySyxn04acVAQadPg,Now & Then,46,2023-12-27T10:16:53Z
BETWEEN FRIENDS,affection,4LyIHEDbAWDeKV0JbVZae9,we just need some time together,26,2023-12-27T10:16:53Z
BLACKPINK,Shut Down,34TQk2yqzMX6X3AAAOeUvT,BORN PINK,38,2023-12-27T10:16:53Z
Zava,The Shorts,0nlzPzuUWDccIlH6FDXxuU,The Shorts,0,2023-12-27T10:16:53Z
BICEP,Rain,1uhGW4jUw12CdZCnXBKanD,Bicep,37,2023-12-27T10:16:53Z
"Ali Loka, Ouzzy",Matkhafesh Yamma,0johwiyFvPcTbM1miBvaUh,Matkhafesh Yamma,46,2023-12-27T10:16:53Z
"TommyMuzzic, aestheticmuzzic",Zara Zara x Let Me Down Slowly but it’s playing in another room + it’s raining,2XKoDzWJqfGUrXfJbXGgej,Viral TikTok Songs 2023 (but it’s playing in another room and it’s raining),0,2023-12-27T10:16:53Z
Chase Atlantic,EMPTY,10UlPBWHkekb2UiDnwcyeD,BEAUTY IN DEATH,56,2023-12-27T10:16:53Z
"Mehdi Yakin, Anas Otman",Arabic Soul,3Le91iSDJVSRu0yMxQOOq6,Arabic Soul,46,2023-12-27T10:16:53Z
Harry Styles,As It Was,4Dvkj6JhhA12EX05fT7y2e,Harry's House,86,2023-12-27T10:16:53Z
Serhat Durmus,About It,0bAuzGnpoaZFpfbAhEWjqO,About It,37,2023-12-27T10:16:53Z
Ali Gatie,It's You,5DqdesEfbRyOlSS3Tf6c29,YOU,75,2023-12-27T10:16:53Z
Ella Mai,Trip,6CTWathupIiDs7U4InHnDA,Ella Mai,71,2023-12-27T10:16:53Z
"AP Dhillon, Shinda Kahlon, Gurinder Gill, Gminxr",Insane,3UhmuWcFaLS3AO3kI9ynQ2,Insane,66,2023-12-27T10:16:53Z
Joji,Glimpse of Us,6xGruZOHLs39ZbVccQTuPZ,Glimpse of Us,66,2023-12-27T10:16:53Z
"Kygo, Selena Gomez",It Ain't Me,4eNm5QVtXqaHfOKkE0XnOZ,New Year's Eve - NYE 2018/2019,26,2023-12-27T10:16:53Z
Deep Koliis,Paranoia,73H5Qc1MS96aipnl8t2GUa,Paranoia,33,2023-12-27T10:16:53Z
03 Amos,K-Pop,0Uq7l2W8MXJOsz8anZuRoF,K-Pop,5,2023-12-27T10:16:53Z
"Underground Hittas, Church Moe",Smoking Dope - Mixtape,3gCkNETgnAyutyTQ3zyNsF,"The Mixtape, Vol. 1",0,2023-12-27T10:16:53Z
NeonNimbus,Y2K,56a1QSDUkZM2DLRsY9Hl2O,Hazy Sultan,0,2023-12-27T10:16:53Z
Sta,Imaginary Friends,0HW5nYEfwdopOG8ZnzztT3,Imaginary Friends,6,2023-12-27T10:16:39Z
EMELINE,6 foot deep,7L2kNNX22vQjfwfueeqrLm,6 foot deep,42,2023-12-27T10:16:39Z
Sub Urban,BANDIT,4R0SPddrt2NeNPbm0iGzsX,HIVE,44,2023-12-27T10:16:39Z
Nuages,Closer,3C2wwy43gNjPhZTlkbnuwU,Closer,0,2023-12-27T10:16:39Z
"bbno$, Diamond Pistols",help herself,4YMc3A256xFBS0xcT77Qce,help herself,59,2023-12-27T10:16:39Z
el chino 40,Chiki Bom,55ZHyyNRitCWcogkhgSWyV,Chiki Bom,0,2023-12-27T10:16:39Z
Артур Саркисян,Сеньорита,6VpKCs4QgowE8Zj35VPOAm,Забудь меня,0,2023-12-27T10:16:39Z
Faouzia,"RIP, Love",3sYZo4HrHX8tkul5FhUpVo,"RIP, Love",54,2023-12-27T10:16:39Z
Doja Cat,Get Into It (Yuh),0W6I02J9xcqK8MtSeosEXb,Planet Her,72,2023-12-27T10:16:39Z
TOMORROW X TOGETHER,Lonely Boy (The tattoo on my ring finger),6AOrC7t2WS5ykYcnoHpiS2,minisode 2: Thursday's Child,56,2023-12-27T10:16:39Z
Wilbur Soot,Internet Ruined Me,2Q1s11otlyEtj80OgsqDFz,Internet Ruined Me,47,2023-12-27T10:16:39Z
Tay Oskee,Floating,0pqnNiTcSnMh09MD7nFt76,"Caught Up In The Wire, No More",53,2023-12-27T10:16:39Z
"Apashe, Lubalin",More More More,3yAWHGiPLb9xkZ6eJokHrp,More More More,38,2023-12-27T10:16:39Z
"Javed-Mohsin, Shreya Ghoshal, Kunaal Vermaa",Pal - Female,25zwp2av5dhuTfF8dqDGUV,Jalebi (Original Motion Picture Soundtrack),49,2023-12-27T10:16:39Z
Lubalin,nobody else,5tNsiJvMrreUQASdTU4FVh,nobody else,25,2023-12-27T10:16:39Z
KiNG MALA,she calls me daddy,4nBsvvjN134KFVcvFMLWwK,she calls me daddy,55,2023-12-27T10:16:39Z
Tove Lo,No One Dies From Love,62MosvjGMQY3HeGPFEsmM1,No One Dies From Love,1,2023-12-27T10:16:39Z
"bbno$, Rich Brian, Diplo",edamame - Diplo Remix,1fvEC5ksBfgjGWVNP9eJ2t,edamame (Diplo Remix),1,2023-12-27T10:16:39Z
Lubalin,long txts,1eghB226Hjl5hzGCnf6clD,long txts,30,2023-12-27T10:16:39Z
iaKV,Bipolar,0YvSwoVUt81IJ3aDBEQLo0,Bipolar,15,2023-12-27T10:16:39Z
"Max Richter, Mari Samuelsen, Konzerthausorchester Berlin, Jonathan Stockhammer",November,2NGhKPZdZk2pPZinWphTzh,Voyager - Essential Max Richter,51,2023-12-27T10:16:39Z
davit barqaia,My Time,1eAgH5UP43r3WJL0ZzbVvT,My Time,30,2023-12-27T10:16:39Z
CKay,emiliana,6lZ5p6VTbZ2ZvnsdTlLv7I,Emiliana,57,2023-12-27T10:16:39Z
Augusto Re,Abolish,4xXIyzX7l1vsiLJkUJtgMa,MOOD RELAX N. 9,0,2023-12-27T10:16:39Z
DripReport,Skechers,2alc8VZAzDgdAsL2QMk3hu,Skechers,63,2023-12-27T10:16:39Z
Steve Aoki,Double Helix,79SmF1q1QuLR9GXah6NzWs,HiROQUEST 2: Double Helix,24,2023-12-27T10:16:39Z
Grimes,Shinigami Eyes,0YQEWdfq3ajtNtK106Dr0k,Shinigami Eyes,55,2023-12-27T10:16:39Z
Allen Toussaint,Southern Nights - 2003 Remaster,3Z6aY997cM7QK28xjEF5EJ,Southern Nights,37,2023-12-27T10:16:39Z
Thumpasaurus,Mental Karate,2wPI07Mi9uKDCOGB4g2kBU,The Book of Thump,18,2023-12-27T10:16:39Z
Portwave,Shadow Lady,4yx91SkOX4OWjUmhEj4rDl,Shadow Lady,59,2023-12-27T10:16:39Z
EMELINE,what it means to be a girl,6H6M3RdPVYAURu9oCimO2z,what it means to be a girl / this is how i learn to say no,56,2023-12-27T10:16:39Z
Striken,Mark,2eWSgircDLa3K4SAZxDwfp,Score,0,2023-12-27T10:16:39Z
A$AP Ferg,Value,7im3jaJBEYivH5JKXMh1Yy,Value,38,2023-12-27T10:16:39Z
"David Guetta, Bebe Rexha, J Balvin",Say My Name,0YammaEkYSeo9vQYZ1OwS6,7,65,2023-12-27T10:16:39Z
A-Wax,Top Opp,6jQuq2QhvobbI4dfFkSTt4,Top Opp,20,2023-12-27T10:16:39Z
"Burak Yeter, Danelle Sandoval",Tuesday (feat. Danelle Sandoval),7EVk9tRb6beJLTHrg6AkY9,Tuesday (feat. Danelle Sandoval),68,2023-12-27T10:16:39Z
Ren,Depression (Bonus Track),2MesbJvMvIy4CL0evxZ3bH,Demos Vol 2.,46,2023-12-27T10:16:39Z
"bbno$, Yung Gravy",wussup,0QlCwqffuvLHJVGo5ngMcs,eat ya veggies,0,2023-12-27T10:16:39Z
Imagine Dragons,Demons,5qaEfEh1AtSdrdrByCP7qR,Night Visions,82,2023-12-27T10:16:39Z
Rahat Fateh Ali Khan,Dil To Bachcha Hai,3EFGRGsshk0NWidcXfhKvw,Ishqiya,63,2023-12-27T10:16:39Z
"Mika Singh, Neeti Mohan, Ankit Tiwari",Piya More,0dRRD41kOiDQQm0eivdbUr,"Piya More (From ""Baadshaho"")",46,2023-12-27T10:16:39Z
Kendrick Lamar,Auntie Diaries,1uY1X8YeBixs1FdQ3fQ7d4,Mr. Morale & The Big Steppers,56,2023-12-27T10:16:39Z
Vishal Dadlani,Jee Le Zaraa (Remix By Mikey Mccleary),4ZQJxM2cK7jVFAuhjhLjHO,Talaash,28,2023-12-27T10:16:39Z
Clara Mae,Not Sad Anymore,1AHa2iLVTyjMisXwg0oMh1,Not Sad Anymore,48,2023-12-27T10:16:39Z
Neovaii,Float Away,7rp9etDIo9QU5VkfiDGOL2,Aurora,32,2023-12-27T10:16:39Z
"Goson, Devon Rea",Omega,3Nhfo3fM33alrtan0lM9SH,New Dimension,24,2023-12-27T10:16:39Z
Lubalin,dougie jones,1cxf0uqgT8mrRUryRj2GCx,dougie jones,25,2023-12-27T10:16:39Z
Aya Nakamura,Copines,28lICPl7Fc4KevcVWiW5ng,NAKAMURA (Deluxe Edition),29,2023-12-27T10:16:28Z
Lewis Capaldi,Pointless,44G9fSM6qI8zRoG6Qwn3eq,Broken By Desire To Be Heavenly Sent,65,2023-12-27T10:16:28Z
Echos,Saints,0ML89CeaCLIoh46eelf5m6,Even Though You're Gone,57,2023-12-27T10:16:28Z
Natalia Lafourcade,Nunca Es Suficiente,2niUiaoJDCzNldW0pV66zb,Hasta la Raíz (Edición Especial),68,2023-12-27T10:16:28Z
Sara Kays,Rich Boy,6fAF2lOiZ86UNlY1Nth9tW,A House Too Big,31,2023-12-27T10:16:28Z
"Spice, Sped Up Dancehall, Shaggy, Sean Paul",Go Down Deh (feat. Shaggy and Sean Paul) - Sped Up 200M Mix,23o2JFSQuUSCkHFtOmMGqU,Go Down Deh 200m Remixes (feat. Shaggy & Sean Paul),33,2023-12-27T10:16:28Z
Asadov,Moon,4EIGpzkXwJXY7rfamMmv4J,Moon,16,2023-12-27T10:16:28Z
Cavid Askerov,Me,0OgiUnPYVtfxGZFxamrG6I,Me,32,2023-12-27T10:16:28Z
"Aaron Smith, Luvli, Krono",Dancin - Krono Remix,4IlqQhaxrGPxmg35YcXXuS,Ibiza 2019,72,2023-12-27T10:16:28Z
LO-FI CHILL,Oldies But It's Lofi - Instrumental,6uXbrZCRqI0ADHm9BrHlgk,Lo-Fi Hip Hop & Chill Beats,0,2023-12-27T10:16:28Z
Jazz Vibes Playlist,Late Night Cocktails Jazz,6a0iHyb8nbrsP6uDzI71ok,Background Jazz for Beach Bars,2,2023-12-27T10:16:28Z
PlayaPhonk,Phonky Town,5mnpMkzp3Z2RCCbwIEZCbv,Phonky Town,63,2023-12-27T10:16:28Z
Doja Cat,Woman,6Uj1ctrBOjOas8xZXGqKk4,Planet Her,82,2023-12-27T10:16:28Z
Unlike Pluto,Broken String,0ddFKzTLDwqRS5ywp8aABb,Messy Mind,29,2023-12-27T10:16:28Z
"Madonna, Sickick, Fireboy DML",Frozen - Fireboy DML Remix,6LDZVinkfCfaBtqOMF1lSA,Frozen (Fireboy DML Remix),49,2023-12-27T10:16:28Z
DHARIA,August Diaries,6K6etxmlu4Y7J3dR77MK3N,August Diaries,54,2023-12-27T10:16:28Z
N i G H T S,Darling,0hJhpKXIRFCn2Y7fqX88cA,Darling,30,2023-12-27T10:16:28Z
لحن الروح,Sad Music,2iWJjutz7Rdv2oGB2As8pq,Sad Music,21,2023-12-27T10:16:28Z
Morrissey,Jim Jim Falls,0gvnRXV8wRId1d7QKkZRur,I Am Not a Dog on a Chain,30,2023-12-27T10:16:28Z
Bea Miller,Playground (from the series Arcane League of Legends),5YTUCHSwfwJ4oHFDjFgpEe,Arcane League of Legends (Soundtrack from the Animated Series),18,2023-12-27T10:16:28Z
"Imagine Dragons, JID",Enemy feat. J.I.D. (from the series Arcane League of Legends),4qXKkOZ691yYgQu4Lunrds,Arcane League of Legends (Soundtrack from the Animated Series),14,2023-12-27T10:16:28Z
The Freak Show,Miracle,1giatO5YyPvEXXFoTRz6jm,Miracle,14,2023-12-27T10:16:28Z
John Michael Howell,The Villain,6eYcm3UUVEaowkbS0CLTac,The Villain,49,2023-12-27T10:16:28Z
Kordhell,Live Another Day,34lfu3S4fIcKZRNXzbdbo7,Phonkageddon,66,2023-12-27T10:16:28Z
Unlike Pluto,Dosage,5cugt7GGtDM7kjUHzUIBu7,Pluto Tapes: Volume 2,28,2023-12-27T10:16:28Z
Kausak,Sickick Infected - Slowed+Reverb,4dizaToiy71TlbTbhQnJvx,Sickick Infected - Slowed+Reverb,0,2023-12-27T10:16:28Z
Nikos Vertis,An Eisai Agapi,57WG2logZVPJnZ09JLh13T,Megala Logia,10,2023-12-27T10:16:28Z
"RANDALL, Squid Kids",Wahran (Squid Kids Remix),77T75YsPLPsiqSuRVRVfNH,Wahran (Squid Kids Remix),15,2023-12-27T10:16:28Z
"Ephixa, Laura Brehm",Losing You,0j7yF7CURZTm6rnJWOWIoV,Losing You,43,2023-12-27T10:16:28Z
Asadov,Dark Sun,6NlTOTwMaCESqfkOY7ciBf,June,30,2023-12-27T10:16:28Z
"Mari Ferrari, Fugo",Slow,34DkkhuMZg7fzERJCNW8JE,Slow,1,2023-12-27T10:16:28Z
Zubi,leave me,5YYtTNvEB7STy4DdBYOvsw,Dear Z,41,2023-12-27T10:16:28Z
DJmegan23,If God Something Worms Idk Cylindrical,55w6Nrr50K6VpGLJPZzP9g,Dear God.. Its Beautiful,0,2023-12-27T10:16:28Z
Unlike Pluto,Cold Weather,0gfzZdQjNZX2OHVJtyn3PE,Cold Weather,20,2023-12-27T10:16:28Z
"Hans Zimmer, James Newton Howard",A Dark Knight,5QFdOfeQlX8gp7ick31XRG,The Dark Knight (Original Motion Picture Soundtrack),51,2023-12-27T10:16:28Z
Prznt,Hotel California,7HVgc034pwxuOg4lwV6Kcn,Hotel California,25,2023-12-27T10:16:28Z
Mutlu Temiz,Majnun Nabudum,6Wes3pxW8Yp7Csa3Cmp4TV,Majnun Nabudum,0,2023-12-27T10:16:28Z
CKay,love nwantiti (ah ah ah),2Xr1dTzJee307rmrkt8c0g,CKay The First,74,2023-12-27T10:16:28Z
"The Glitch Mob, Rituals of Mine",Enter Formless (feat. Rituals of Mine),0ed2lqN8qVrWoPepEbdod4,See Without Eyes (Deluxe),28,2023-12-27T10:16:28Z
Eneli,Lover,24w6tV98IxWDuTLgKV3SsC,Lover,33,2023-12-27T10:16:28Z
"Bizzey, Jozo, Kraantje Pappie, DAI$Y",Traag - DAISY Remix,4OzI9wa22QPXj91vR60nbp,Traag (Remixes),16,2023-12-27T10:16:28Z
Stefflon Don,16 Shots,2169IKAivSUUFGcedGASXc,16 Shots,61,2023-12-27T10:16:28Z
Meditation Music,Multiply Your Income,70HoE6bIwi43il8tw1BbOw,"Music to Receive Endless Abundance, Attract Money, Luck, 432 Hz",0,2023-12-27T10:16:28Z
Prznt,Laudy Daudy,46t3iUilHGCZoj14Miwyj2,Laudy Daudy,40,2023-12-27T10:16:28Z
Carolyne Mas,Sitting In The Dark,450DYenkuQe3N7eEC4erBa,Carolyne Mas,0,2023-12-27T10:16:13Z
Stephen,Crossfire,5lJH3o6AFW9Aig1CdRdAF1,Sincerely,53,2023-12-27T10:16:13Z
Jamiroquai,Virtual Insanity - Remastered 2006,4UQDZlZhGUDoYMohwrY28v,Driving Songs,68,2023-12-27T10:16:13Z
Unlike Pluto,We're Screwed,507ruNn83I35Qi0QIuiwwg,We're Screwed,33,2023-12-27T10:16:13Z
Boney M.,Rasputin,5lWSa1rmuSL6OBPOnkAqoa,Daddy Cool,67,2023-12-27T10:16:13Z
Future,Mask Off,0VgkVdmE4gld66l8iyGjgx,FUTURE,81,2023-12-27T10:16:13Z
Grupo Melao Internacional,Alibaba,3YpeeCIcuPkvFBdFBVWjG9,Alibaba,18,2023-12-27T10:16:13Z
Aerosmith,Dream On,1xsYj84j7hUDDnTTerGWlH,Aerosmith,80,2023-12-27T10:16:13Z
"Doja Cat, The Weeknd",You Right,0k4d5YPDr1r7FX77VdqWez,Planet Her,74,2023-12-27T10:16:13Z
Mister Rhythm,Kangaroo Hop,3YcCuUVg4miSm2o4YxI4B1,Mister Rhythm's Zoo Holiday,0,2023-12-27T10:16:13Z
Billie Eilish,everything i wanted,3KthlTDQ3y0dHaQWK7RR3S,Bored,40,2023-12-27T10:16:13Z
Hooverphonic,Mad About You - Live at Koningin Elisabethzaal 2012,5YwVDOWMKH7T0KtvpPSESQ,With Orchestra Live,54,2023-12-27T10:16:13Z
The Turtles,Happy Together,1JO1xLtVc8mWhIoE3YaCL0,Happy Together,74,2023-12-27T10:16:13Z
Dxrk ダーク,RAVE - Slowed,0KMqXV4fbLT0JEJmqNVyNU,RAVE (Slowed),52,2023-12-27T10:16:13Z
Zappa,Revolt,6jwZXoMhFb3ZDnFoJEX3mf,Bolt,0,2023-12-27T10:16:13Z
"ILL BILL, DJ Muggs, Everlast, Slain",Skull & Guns (feat. Everlast & Slain),1Z9IW1dB1tWhVD6OLLMenQ,Kill Devil Hills,24,2023-12-27T10:16:13Z
"Kyle Gordon, DJ Crazy Times, Ms. Biljana Electronica",Planet of the Bass (feat. DJ Crazy Times & Ms. Biljana Electronica),5WtHlOkaOXwuW6yMW2buRq,Planet of the Bass (feat. DJ Crazy Times & Ms. Biljana Electronica),33,2023-12-27T10:16:13Z
Vanic,Outro,0KNkI0NzchIMwveueXUpPZ,Here & Now,16,2023-12-27T10:16:13Z
"Dole & Kom, Mollono.Bass",Quetschkommode - Mollono.Bass Remix,1ptpoTFbED9EWxWW6CX4aX,Darze,33,2023-12-27T10:16:13Z
Tosca,Suzuki,7DBBuzCuZQaWNRix9ys6UB,Suzuki,48,2023-12-27T10:16:13Z
Nina Simone,Feeling Good,6Rqn2GFlmvmV4w9Ala0I1e,I Put A Spell On You,74,2023-12-27T10:16:13Z
Her's,Harvey,1zFbBrZmJr1Z49HYe84dBg,Invitation to Her's,68,2023-12-27T10:16:13Z
Wiktoria Bogan,Tood-a-loo kangaroo,5yPFgbCMbJ7H0REikfTqAa,Tood-a-loo kangaroo,24,2023-12-27T10:16:13Z
Bobby Raps,credit card scams,2dAlaLtXKvsqvuH9biqYkO,not scared enough,18,2023-12-27T10:16:13Z
Alexandra Stan,Mr. Saxobeat - Radio Edit,5E6CDAxnBqc9V9Y6t5wTUE,Come Into My World,38,2023-12-27T10:16:13Z
Toska,Prayermonger,5xQvk9dsjWSuCmg0NIelqN,Fire by the Silos,15,2023-12-27T10:16:13Z
RIP Lux,Masquerade,6z9Kg8UG2vfrL0ZY86Wmv0,Masquerade,0,2023-12-27T10:16:13Z
Killer Mike,Reagan,2HRYa6iG1M5DRefO8pK2I3,R.A.P. Music,36,2023-12-27T10:16:13Z
Daniel Pemberton,Take You Down,0IRP4OGFreuWc0dRvPBsCC,The Man From U.N.C.L.E. (Original Motion Picture Soundtrack),38,2023-12-27T10:16:13Z
Trapstar,Dopesick,4MK3suDvpThJlZtqka6PhK,Dopesick,0,2023-12-27T10:16:13Z
carolesdaughter,Violent,7CFfqRW50ffULvBv7lfIIg,Violent,62,2023-12-27T10:16:13Z
"Coolio, L.V.",Gangsta's Paradise,3iXI6ZaNBoL2dNv9K7LBh3,Gangsta's Paradise,43,2023-12-27T10:16:13Z
Cristobal Tapia De Veer,Utopia Finale,4JcrLTjdo5oWzQw7guMLsp,Utopia (Original Television Soundtrack),33,2023-12-27T10:16:13Z
Brother Ali,Uncle Sam Goddamn,06tMxo0sySSq4SkIS3xUsc,The Undisputed Truth,42,2023-12-27T10:16:13Z
Lowkey,Hand On Your Gun,0Q8BtIdRqziKQAr6CChRXR,Soundtrack to the Struggle...,34,2023-12-27T10:16:13Z
"Lowkey, Mai Khalil",Dreamers,4ZbPvx9SDwSdM8NT0J4o8x,Soundtrack to the Struggle...,21,2023-12-27T10:16:13Z
"Lowkey, Mai Khalil",Dear England,6RmpyZq9bfoPsgThzocgHV,Soundtrack to the Struggle...,16,2023-12-27T10:16:13Z
"Avery Lynch, JORDY",When It Ends,02ZhaPjgCzidCbPHBuzHzN,When It Ends,34,2023-12-27T10:16:13Z
"LP, Swanky Tunes, Going Deeper",Lost on You - Swanky Tunes & Going Deeper Remix,2ghuSDLhcXY8OgqR4vIFlv,Lost On You Remixed EP,31,2023-12-27T10:16:13Z
"Run The Jewels, El-P, Killer Mike, Josh Homme, Mavis Staples",pulling the pin (feat. Mavis Staples & Josh Homme),1gBCZXAL6VsDBpl8cLi8Dd,RTJ4,34,2023-12-27T10:16:13Z
Electric Guest,Troubleman,6igsCAbBrVctRnCtpKkO2d,Troubleman,36,2023-12-27T10:16:13Z
Bahari,Savage,4FeWr4OsidcJClBjUEBHWI,Savage,2,2023-12-27T10:16:13Z
Bat For Lashes,Daniel,5VvsZvy1mwx4teyvI7O9rs,Two Suns,3,2023-12-27T10:16:13Z
Baltic House Orchestra,White Rabbit (From 'The Matrix Resurrections' Trailer) - Epic Version,76Hv9kMtAva11bj7rUoYnc,White Rabbit (From 'The Matrix Resurrections' Trailer) [Epic Version],35,2023-12-27T10:16:13Z
Lou Bliss,Sick Thoughts,4uxJICczweCIPZkIA6AN5k,Sick Thoughts,46,2023-12-27T10:16:13Z
"Happy Baby Lullaby Collection, Pure Baby Sleep, Calm Dog Music",Cat Warmth,0QX5nb4bgBNuWJd74qI6q2,4Paws: Deep Relaxing Sleeping Dog Music Vol. 1,0,2023-12-27T10:16:13Z
Vox Freaks,Therefore I Am (Originally Performed by Billie Eilish) [Instrumental],3Yn8GRuFElYTEBlDC3Y83U,Therefore I Am (Originally Performed by Billie Eilish) [Instrumental],1,2023-12-27T10:16:13Z
"Bill Elm, Woody Jackson",(Theme From) Red Dead Redemption,4BL3XnXe40ZS2YuRXWS4wX,Red Dead Redemption Original Soundtrack,45,2023-12-27T10:16:13Z
Apex Zero,The Way,6mKmRyakkPKrqpIJCTTRj7,All and Nothing,0,2023-12-27T10:15:56Z
Keny Arkana,La rage,0cCi1Gf9lHNf6s17GwreLa,Entre ciment et belle étoile,42,2023-12-27T10:15:56Z
Mixdy,Fix it,548gaumzEr1fA1uPeeKgqs,Fix it,0,2023-12-27T10:15:56Z
Rebel Diaz,Revolution Has Come,0mMKIthoi2V0Tl006YA2T7,Radical Dilemma,27,2023-12-27T10:15:56Z
"Rebel Diaz, Dead Prez, Rakaa Iriscience",Which Side Are You on? Remix,5SuH1rsgMYqP2uZcBpj90h,Radical Dilemma,27,2023-12-27T10:15:56Z
Shawn Mendes,WHAT THE HELL ARE WE DYING FOR ?,1sKtD5KMZgTFHbsxjgqfZh,WHAT THE HELL ARE WE DYING FOR ?,55,2023-12-27T10:15:56Z
Akala,Malcolm Said It,6gWFH6ngFIeD14kfnshNVb,10 Years of Akala,19,2023-12-27T10:15:56Z
Sak Chaime,Server,6eZYWjo3vNQ7QERf6N9wZ7,Sharm,7,2023-12-27T10:15:56Z
L'a Papas,Bernie Sanders,1lxVOftQF0RE8Tqc5xO0Dr,Bernie Sanders,4,2023-12-27T10:15:56Z
Kids Superstars,The Apple's Song,5TvQ58RL64NKHoAGxgSsQ2,Nursery Rhymes (Deluxe Edition),0,2023-12-27T10:15:56Z
Frank Ilfman,The Recruitment,5iI1CLzwUqBeg7ILu0g9Lt,The Operative (Original Motion Picture Soundtrack),0,2023-12-27T10:15:56Z
"Rob Bailey & The Hustle Standard, Busta Rhymes, KXNG Crooked, Tech N9ne",Beast - Southpaw Remix,2fWSwWmKRuyioqIzOzuQGo,Southpaw (Music From And Inspired By The Motion Picture),60,2023-12-27T10:15:56Z
Namaskar Blunt,Woke,5EGp4crErFOKGNAr7bGtU6,Woke,31,2023-12-27T10:15:56Z
luvwillow,edgy,07KvSzBTg4GBL1P5kSWe0P,edgy,0,2023-12-27T10:15:56Z
"BigXthaPlug, Offset",Climate (feat. Offset),1c7MITQmNJTrvfbDSzWT6x,THE BIGGEST,65,2023-12-27T10:15:56Z
half•alive,still feel.,48XkVAagIoQHCsOlJtXUd5,"Now, Not Yet",61,2023-12-27T10:15:56Z
Whoppa Wit Da Choppa,Olympics,4EQwFGrmiGE3RgzocSIsw0,Sir Duccington (Deluxe Version),5,2023-12-27T10:15:56Z
"DDG, Gunna",Elon Musk (feat. Gunna),5BOJkxCXjmDaBDZxFLJ57e,It's Not Me It's You,48,2023-12-27T10:15:56Z
F.A.T.T.,Got for Me,0KuasJ1e7FT5cekkv1QvuY,"THE K.Rich Project, VOL. 2: Temptations and Testimonies, Pt. 1",7,2023-12-27T10:15:56Z
Unlike Pluto,Better Luck Next Life,7bZnAyso11jW7H0k6A3UAO,Better Luck Next Life,22,2023-12-27T10:15:56Z
Ramin Djawadi,The Iron Throne,5lboLByEnvwxLmWjTS2dfp,Game Of Thrones: Season 8 (Music from the HBO Series),37,2023-12-27T10:15:56Z
"Rockit Music, Rockit",Bioshock the World,51yna2qLlTrJLSOR9h0dq5,Bioshock the World,4,2023-12-27T10:15:56Z
Hola Beats,Load balancing,41eXy0Nki9aEvNaSWRxhlZ,Design patterns part 2,2,2023-12-27T10:15:56Z
Pios Phantom,Climate,5cCMXXTC5zJQN6bDO4VxdR,The Black Stone,1,2023-12-27T10:15:56Z
millyHBK,Think Again,4tfEQWMlpeDm4WJw6y7622,Run It,0,2023-12-27T10:15:56Z
Simon & Garfunkel,America,6dfhF1BDGmhM69fnCb6wSC,Bookends,59,2023-12-27T10:15:56Z
House Of Paper,Bella Ciao - Remix,38dmkPe7nIe9lDGZ5Xdewc,Bella Ciao (Remix),41,2023-12-27T10:15:56Z
Sia,Elastic Heart,6kwAbEjseqBob48jCus7Sz,1000 Forms Of Fear,76,2023-12-27T10:15:56Z
"John Williams, London Symphony Orchestra",The Imperial March (Darth Vader's Theme),2bw4WgXyXP90hIex7ur58y,Star Wars: The Empire Strikes Back (Original Motion Picture Soundtrack),57,2023-12-27T10:15:56Z
Siouxsie and the Banshees,Cities In Dust,2xq9cLlOPyLoi8kLlR4miz,Tinderbox,58,2023-12-27T10:15:56Z
Ms. Lauryn Hill,Consumerism,3Pr1NES8f4SdRmuiPcf4oK,Consumerism,16,2023-12-27T10:15:56Z
Apex Zero,Chaotic Revolt,5ShtzkrvtcXuf5wJvLVWkb,Reality Provoking Liberation,0,2023-12-27T10:15:56Z
HUSHDOGG,Rest in Peace Jackson,7rKQp7R9Eh9r6ZTFcrGW4Z,Rest in Peace Jackson,0,2023-12-27T10:15:56Z
Noam Chomsky,The Free Market,0G0oHvtTAYu5RJD3oGDdYB,The Tyranny of Corporations,1,2023-12-27T10:15:56Z
Natalie Holt,Loki Green Theme,5T7DUEeAj0hkMLTzIlDCRz,Loki: Vol. 1 (Episodes 1-3) [Original Soundtrack],47,2023-12-27T10:15:56Z
"Unlike Pluto, Mike Taylor",Everything Black,3UEnF6y5tyHVtMzldS3svp,Everything Black,67,2023-12-27T10:15:56Z
"Disl Automatic, Filfy",Never Back Down,7gE5gPqEsTMYiVdNxJGUwv,Revolution,0,2023-12-27T10:15:56Z
"YG, Mustard","Left, Right",2TTDO3TyBiFKILOBER1WF2,My Krazy Life,52,2023-12-27T10:15:56Z
Lowkey,Soundtrack to the Struggle,5RbPGLDpUxSZdhZza4L7Tx,Soundtrack to the Struggle...,23,2023-12-27T10:15:56Z
"Samuel Makanda, DTay Harden, Jay Rev",Cop Car,5KefEx9zIMHJw7WLuhbhcz,I Gave You Everythang,0,2023-12-27T10:15:56Z
"Run The Jewels, El-P, Killer Mike","Blockbuster Night, Pt. 1",1AESnzWt4iMrEPGG7TjXAa,Run the Jewels 2,9,2023-12-27T10:15:56Z
Stromae,carmen,1pRvlcrVxqdDAyYT1Ym3Wq,racine carrée,59,2023-12-27T10:15:56Z
Fetty Laith,Scamming and Trapping,0AXFuFhS7V3Qe6hqA7nBIP,The Extended Warranty,0,2023-12-27T10:15:56Z
I DONT KNOW HOW BUT THEY FOUND ME,Do It All The Time,14ny3vlL25p6Vix2Sb8k1b,Do It All The Time,58,2023-12-27T10:15:56Z
Bonaparte,Boycott Everything,4vgzwQ1AaSsifhzFNOhLww,My Horse Likes You,9,2023-12-27T10:15:56Z
J.S.P.,Job,1weMoJR8XHW9KvZByd6Dyy,Work Life Balance,0,2023-12-27T10:15:56Z
"Rockin' Squat, Immortal Technique",Démocratie fasciste - article 4,09YRWcPXRdcf68fw8vtoc7,Grand cru classé (2004-2016),8,2023-12-27T10:15:56Z
Weathers,C'est la vie,0UhWFmdlrBSmZ7A6bFD8L9,Pillows & Therapy,54,2023-12-27T10:15:56Z
"Fat Joe, Remy Ma, French Montana, InfaRed",All The Way Up (feat. Infared),61QSuw5VlC0LTS8WMO356g,All The Way Up (feat. Infared),58,2023-12-27T10:15:56Z
"So Far So Good, Incredible Polo",Dystopia,2ni6wXwpRS6SxPtRzd6lNC,Dystopia,42,2023-12-27T10:15:23Z
Unlike Pluto,Endless,6JmrmCXwJaKWby50pV6u74,Endless,20,2023-12-27T10:15:23Z
Meatball Sludge,Heart Meat,5BcOwGtYaRzqUo1CMeC44J,Heart Meat,2,2023-12-27T10:15:23Z
"Estas Tonne, Netanel Goldberg, Joseph Pepe Danza, Mitsch Kohn",When Words Are Wind (Live),1jFrrdDXdOyCwdbAQqWUzB,When Words Are Wind (Live),0,2023-12-27T10:15:23Z
Child Sleep Academy,Meal Remote,4P6MG9Mb562yv9HPwANQDF,Children's Deep Sleep Music,0,2023-12-27T10:15:23Z
4MX,Capitalism,1dRk6py5GfkiO075dVSY2O,Intersect,1,2023-12-27T10:15:23Z
Morning Music for Kids,Breakfast Cereals,6tzaeVwkTnUZc5pwpU3e4j,Gentle Jazz Kids Wake Up,14,2023-12-27T10:15:23Z
David Bowie,Space Oddity - 2015 Remaster,72Z17vmmeQKAg8bptWvpVG,David Bowie (aka Space Oddity) [2015 Remaster],69,2023-12-27T10:15:23Z
"55menvce, Arso911",BLACKROCK,1fpLW51HT9VqJgqlfnxb8w,BLACKROCK,2,2023-12-27T10:15:23Z
"Frederick Fennell, Eastman Wind Ensemble",The Recruiting Sergeant,1uXkGXRpuqTHpBoZSBJ8fw,"The Music of The Civil War, Vol. 3",3,2023-12-27T10:15:23Z
John Fogerty,Soda Pop,7rNvSUjiIvhHOlIkFjnXRU,Eye Of The Zombie,14,2023-12-27T10:15:23Z
Bitmaster,Dwelling of Doom,6lhF6ORpPZFrEi7ljJNulJ,Castlevania II (Chiptune Renditions),0,2023-12-27T10:15:23Z
Logistics,Brain Drops,03JY0xfn4JUyTvzLixMj8x,"Crash, Bang, Wallop",3,2023-12-27T10:15:23Z
QDC,Learning the Value of Life,5mHZpU2nCu7xLjDnMWkqYu,Learning the Value of Life,0,2023-12-27T10:15:23Z
Capitalist Kids,Socialist Nightmare,2UHqR9vhEmxqsPtjQni1xo,Brand Damage,0,2023-12-27T10:15:23Z
ASHEN,Sapiens,2Nu5fxILmSoHp5VYO2R4Ha,Singles Collection,5,2023-12-27T10:15:23Z
Stidlmusic,Javascript,3YUECzdDSYjLezLXRraRFY,Breaking the Algorithm,46,2023-12-27T10:15:23Z
vaultboy,disaster,0l39wZwdO1xqIbw3DgGRxk,disaster,49,2023-12-27T10:15:23Z
Westside Connection,Terrorist Threats,2BaSlRAT2nI6M7lU5XJDZY,Terrorist Threats,38,2023-12-27T10:15:23Z
ikiru.,coding and chill,1lrZZiwjg5zfSZBQj74obF,coding and chill,5,2023-12-27T10:15:23Z
"Run The Jewels, El-P, Killer Mike",Legend Has It,7satW8tFLasyZbftvrWFBP,Run The Jewels 3,56,2023-12-27T10:15:23Z
"Fly By Midnight, Jake Miller",Automatic,2tB05aqWu7QvgTxHiusN6Q,Automatic,53,2023-12-27T10:15:23Z
Moses Sumney,Self-Help Tape,2pVFtLr9Zp9SgC3pq11r4L,Aromanticism,27,2023-12-27T10:15:23Z
"DJ Shadow, Run The Jewels",Nobody Speak,7Gc9OoiYsUrByC8tzD7kYY,The Mountain Will Fall,56,2023-12-27T10:15:23Z
"National Geographic Soundscapes, Oceania Cruises Ship Ambience, White Noise Ambience, Ocean Sounds FX, White Noise Sounds For Sleep, National Geographic Nature Sounds, Relaxing Nature Sound, National Geographic Ocean Sounds",Cruise Ship Sound for Sleep,6TW6nrK0JCRMmp7gzevoUH,Oceania Cruises Ship Ambience,27,2023-12-27T10:15:23Z
"DJ Shadow, De La Soul",Rocket Fuel (feat. De La Soul),5YRIDSxRVa1ErAVmjJARcR,Our Pathetic Age,48,2023-12-27T10:15:23Z
Dead Poet Society,Animation,2ezWIgrFeNy2FTy8rbP9s2,Dempsey,37,2023-12-27T10:15:23Z
"Rapper Kashyap, Harendra Nagar",Middle Class,1l3cC8U1Bsr6VpSr091QGB,Middle Class,0,2023-12-27T10:15:23Z
"Lysa, Italian Terrorist",Capitalism Is The Antichrist,5PxFqNaCkT3CtybSD9vlvv,Slaves Of Modern Empire,11,2023-12-27T10:15:23Z
Hensonn,Galaxy,7vbKIia4KB5vWcWpPypPBr,Strange,50,2023-12-27T10:15:23Z
4MX,Capitalism - Re-edit,1Sc6cALQW7LqaZFuwjTTg8,Capitalism (Re-edit),1,2023-12-27T10:15:23Z
Loopy Lou,"The Truth, Way And The Life (House Instrumental Mix)",7tmA3JIHFuXpUIbZrN59wX,"The Truth, Way And The Life (House Mix)",17,2023-12-27T10:15:23Z
Vern Gosdin,Interview (Compleat Records),4wU0i9aVWP6MCGGHocLypC,The Truly Great Hits,8,2023-12-27T10:15:23Z
"Estas Tonne, Reka Fodor",Timeless Burn out in Budapest,57LqM4V1zCAeKVwmjn9Zkl,Timeless Burn out in Budapest,0,2023-12-27T10:15:23Z
"Benny The Butcher, Lil Wayne",Big Dog (with Lil Wayne),4EKfEZ89t2DzU41RbsyFC6,Big Dog,44,2023-12-27T10:15:23Z
Frabolo,Gatsby,3ketutjC0RZCeoXWkAQuyM,Pecore e lupi,0,2023-12-27T10:15:23Z
Dhafer Youssef,Un soupir éternel,4HBpgryK8G9GcnsL6mnMF9,Divine Shadows,25,2023-12-27T10:15:23Z
Thegr8hect,Influencer,5v6eWeMMlAiuCrVKn0dNo7,Certified Hustler,0,2023-12-27T10:15:23Z
Unlike Pluto,Conspiracy,7nkqA2k9F5tADsYHSYqaVq,Conspiracy,21,2023-12-27T10:15:23Z
NEP LIJAH,Child Support,3dZPXoRRQJX5Np11x01VXx,Child Support,0,2023-12-27T10:15:23Z
Austin Farwell,Memory,3ST7J7tnCotJrumttToBWT,Memory,37,2023-12-27T10:15:23Z
"Run The Jewels, El-P, Killer Mike, Zack De La Rocha",Close Your Eyes (And Count to Fuck),3RlurnnuVkVbaN6lul4136,Run the Jewels 2,11,2023-12-27T10:15:23Z
Gatsby,Made To Think,1wXJptv39YcihnKGPuV8zy,Ryan Aaron,0,2023-12-27T10:15:23Z
Doves Water,Crash Course,7s2NwQHyDngLi0DmRowiU1,Crash Course,3,2023-12-27T10:15:23Z
"J.Views, Rhye",Don't Pull Away,5o7aTxh1IF86SDligPxVdY,401 Days,35,2023-12-27T10:15:23Z
Ryan Arizona,Our Dreams,36uiLTTlepL2JCMxV4fmnA,Live It Up,0,2023-12-27T10:15:23Z
Anderson .Paak,JEWELZ,2IFFKj9orAsQOOS0JRhHAW,JEWELZ,50,2023-12-27T10:15:23Z
Mindless Self Indulgence,Prescription,7ygd7EsaT345QjzPl3Teq5,If,59,2023-12-27T10:15:23Z
uplotnenie,Node,3hdGmj1AWjSNB4T35gK0aA,Coldness,10,2023-12-27T10:15:04Z
"Andre Kostelanetz & His Orchestra, Andre Kostelanetz",My Funny Valentine,7yLJaNRIiW70lfdgGPygSP,Winter Nocturne - Easy Listening Music for Cold Nights,1,2023-12-27T10:15:04Z
Coldplay,Warning Sign,4bPkBHKLKd9WHizsvM2zV3,A Rush of Blood to the Head,57,2023-12-27T10:15:04Z
"Gary Malkin, Thich Nhat Hanh, Dan Alvarez",The End Of Suffering,29cXtyDKRZXqS5tGgVgK2F,Graceful Passages,31,2023-12-27T10:15:04Z
Mere Notilde,Broken Flowers,7KCNRiLRDj72UAN2zi5gvJ,Solanin (Deluxe),2,2023-12-27T10:15:04Z
Lauren G,Self-Sabotage,0tNdtdEbHuiMzfe7vxD1vc,Rolling L's,3,2023-12-27T10:15:04Z
rtlanto beats,Gog It,7Lyce2AWIXrkErcSliwSrj,Gog It,21,2023-12-27T10:15:04Z
Story,Express,0V2b5CcejEtnbEadKRQOmh,Tell You,0,2023-12-27T10:15:04Z
Andrew Bird,Fake Palindromes,50woGYhAqV3KXvO1LG4zLg,The Mysterious Production of Eggs,29,2023-12-27T10:15:04Z
Programming Jazz,Cryptic Cryptography,1sohehCJxckc4cKDYQqwUa,Rhythm of the Code: Jazz for the Modern Programmer,0,2023-12-27T10:15:04Z
Client_03,Default Mode Network,074QcaL1dOTcTWBUjybynd,Default Mode Network,15,2023-12-27T10:15:04Z
Michael Hunter,Grand Theft Auto: San Andreas (Official Theme Song),724X0Tdkai2En19Vi1HGUH,Grand Theft Auto: San Andreas (Official Theme Song),53,2023-12-27T10:15:04Z
Donny Hathaway,This Christmas,38xhBO2AKrJnjdjVnhJES6,A Donny Hathaway Collection,80,2023-12-27T10:15:04Z
Quiescency,Manipulating the Masses,4glA544TciPJsFVOfufgw2,Message for Lamb,0,2023-12-27T10:15:04Z
"Apparat, Soap&Skin",Goodbye,4VxaUj96W2jw9UOtKHu51p,The Devil's Walk,56,2023-12-27T10:15:04Z
Haley Reinhart,Behave,6i6cZbeS5WhAevXSZy22CO,Better,0,2023-12-27T10:15:04Z
"Calvin Harris, Sam Smith, Jessie Reyez",Promises (with Sam Smith),5N5k9nd479b1xpDZ4usjrg,Promises (with Sam Smith),69,2023-12-27T10:15:04Z
Gojira,Amazonia,1GWtUkDQk7XC35r7kTPfqx,Fortitude,55,2023-12-27T10:15:04Z
Gojira,The Chant,41DA32rbYp3PoLCAJeup0J,Fortitude,47,2023-12-27T10:15:04Z
"i9ryuk, 1adaaaan",iceberg,2hH95MZBKytjQeRocUj1td,Heaven's Gate,1,2023-12-27T10:15:04Z
Persona,Default Mode Network,1avKLhhyJtLNhr8oDUp4Dd,Hemispheres,3,2023-12-27T10:15:04Z
Estas Tonne,Strings of a Bard - Acoustic,0fA5mvbxFqEEWQJG2Ba1CG,Strings of a Bard (Acoustic),1,2023-12-27T10:15:04Z
"HoodRich Pablo Juan, Longway",Socket & Plug (feat. Longway),0Vryyyi8TCOKENldTtgJR5,Mony Powr Rspt: Designer Drugz Edition,2,2023-12-27T10:15:04Z
Mark Knopfler,The Road,0jaeDdeyJwFZQtSW6lpZZO,Cal,36,2023-12-27T10:15:04Z
"Lomme, Elk Beats",Express,6mg9PIxAN6fYCBaztFjhJr,Express,37,2023-12-27T10:15:04Z
Alfie Templeman,Things I Thought Were Mine,0Y8OIyvMvyTpEUhfLupDoh,Happiness in Liquid Form,49,2023-12-27T10:15:04Z
Green Nuns of the Revolution,Conflict - Original Mix,1sC7Jw4IWgaZmrFStx9TeK,Goa Classics 1,16,2023-12-27T10:15:04Z
"The Velvet Underground, Nico",All Tomorrow's Parties,1mL6q0gbifm2dBTvMBx4px,The Velvet Underground & Nico 45th Anniversary,44,2023-12-27T10:15:04Z
"Kingsley King, Patricia S Goho",Child of God,1UKsYZ5fDQdTZmVm2Qui2m,The Crown,0,2023-12-27T10:15:04Z
Howard Shore,"The Road Goes Ever On..., Pt. 1",4xaPCPyMiFDiw7SoksTBKo,The Lord of the Rings: The Fellowship of the Ring - the Complete Recordings,46,2023-12-27T10:15:04Z
x!n0,Node,2fytSkbTyw71vYgoRldup1,Tales of Anubis,0,2023-12-27T10:15:04Z
Blind Channel,Left Outside Alone,1WL0LgivNCROtFgikjE9oa,Left Outside Alone,34,2023-12-27T10:15:04Z
Yung Emkay,Amazon,3izRJ4DjnmazshmX6MA2ee,Planet Emkay,3,2023-12-27T10:15:04Z
Trouble Sleeping Music Universe,Self Transformation,2BnrIgrqV1d6rdrySkMhS7,"Peace Through All Night – Calming Music for Sleep, Healing Hypnosis to Help You with Sleeping Trouble, Beautiful Dreams Moments",0,2023-12-27T10:15:04Z
Kids Superstars,"Futurama Theme Song (From ""Futurama"")",31VOEkoAbDI3NE5fzhc5lc,Netkids (Deluxe Edition),2,2023-12-27T10:15:04Z
Shane Thompson,Third World Country,6qe7ownX5Vg2Wt3t9VJHaU,The Lost Demo Sessions (1988-2012),15,2023-12-27T10:15:04Z
Blind Channel,Died Enough for You,0sycQOWoY9tEg9BdF4477E,Violent Pop,27,2023-12-27T10:15:04Z
"Blind Channel, GG6",Snake,5LutUiethL9EM5fRfL2j2u,Violent Pop,24,2023-12-27T10:15:04Z
Samuel Kim,Enemy - Epic Version (from Arcane League of Legends) - Cover,3AmVt1GKoL0qV4jf1PxbJj,Enemy - Epic Version (from Arcane League of Legends) [Cover],43,2023-12-27T10:15:04Z
Grk Beats,APOLLO (REGGAETON BEAT),4rBMlBufPCjE0I4yF4gyBT,LA RECOPILACION V.1,0,2023-12-27T10:15:04Z
odneme,palindrome,2NHcF37tPuet3iUCXFx84r,palindrome,0,2023-12-27T10:15:04Z
Lakota Plains Junior School 8th Grade Jazz Band,My Dinner with Ronald,4mB1uFSaxeqmCvcuuAeRUl,Lakota Schools 2019 Winter Jazz Festival,1,2023-12-27T10:15:04Z
Neil Diamond,If You Go Away,5YEBDtfU1CkrYUCJtjRmaa,Rainbow,33,2023-12-27T10:15:04Z
Buddhist Meditation Music Set,Spirituality,4oul2cP8AJxHhM5LFcmHKi,"Healing Meditation Music – Meditation Music to Relax, Healing Nature Sounds, Zen Garden, Chakra Balancing, Relaxation & Sleep",0,2023-12-27T10:15:04Z
Brother Firetribe,Night Drive,7j9Uk6fViL1GwhfH3R5uor,Night Drive,1,2023-12-27T10:15:04Z
"ILLENIUM, Valerie Broussard, NURKO",Sideways,0PMNxtgeNSmPPp4aiA4T8F,Sideways,45,2023-12-27T10:14:25Z
Spiritual Frequencies,528 Hz Activating Creativity,2EEE52LkF52gFe3lfHdh7K,528 Hz Miracle Tone,57,2023-12-27T10:14:25Z
Model Man,Arms,4LOyMuGVOwWOM4bKieLVbk,I Feel You Feel,39,2023-12-27T10:14:25Z
Violin Four By Four,Day by Day,6kdIQQaxAOOqWRL9jktfnf,Tis So Sweet to trust in Jesus (Covers),0,2023-12-27T10:14:25Z
"BERNA, Listen2feel",ROBERTO LARCOS,5LhUW8Q5T91WTIPB5lbx5R,ROCKSIO,2,2023-12-27T10:14:25Z
"Gullyspit, Jae Alaska, Jon Lemon",Brain Damage,0NRI6a1IKHjwYuL5fgIzW5,GULLY,7,2023-12-27T10:14:25Z
Rammstein,Mein Herz brennt,5ArNGisLzrNOIVwWajRRdt,Mutter,66,2023-12-27T10:14:25Z
Wrigo,Government Hooker,1Rl2OQNcugXtjMSbsv5fKA,Government Hooker,0,2023-12-27T10:14:25Z
Burning Spear,Columbus - 2002 Remastered Version,0wbx5pay7xJGiSETEv9QnY,Hail H.I.M,40,2023-12-27T10:14:25Z
QXI3T,The Meaning of Life,0A3MFAGOk0HdmWhadPL2Vj,1010,0,2023-12-27T10:14:25Z
"AronChupa, Little Sis Nora",Rave in the Grave,6Sf2YqGzNmVfSNpLFWuYbz,Rave in the Grave,53,2023-12-27T10:14:25Z
"22december, Lil God Dan",running,2jYhsTmdCkS2cXq9tTVzmR,running,32,2023-12-27T10:14:25Z
Hopsin,Be11a Ciao,63BZE2xuMQassYSlfNM0FE,Be11a Ciao,49,2023-12-27T10:14:25Z
"The Chalkeaters, Natalia Natchan",Doom Crossing: Eternal Horizons,7sVOXV0aWjuTYtCbZdxPQn,Doom Crossing: Eternal Horizons,57,2023-12-27T10:14:25Z
Bo Burnham,Welcome to The Internet,3s44Qv8x974tm0ueLexMWN,INSIDE,65,2023-12-27T10:14:25Z
The Learning Station,Water Pump,5O6jRm6VVyeBbyWiMFVdoB,Sift and Splash,0,2023-12-27T10:14:25Z
Gojira,Born For One Thing,61GkJ0y15jxDyBrdcb6PqR,Fortitude,49,2023-12-27T10:14:25Z
LP,Lost on You,4oIRvB5YFuh4N7xFK5AEPh,Lost on You,39,2023-12-27T10:14:25Z
"Sherman Edwards, Rex Everhart, William Daniels, Ken Howard, Peter Howard",1776: The Egg,1TZbFh99Lt5eJNDrzg0vP9,1776 (Original Broadway Cast Recording),17,2023-12-27T10:14:25Z
The Alpha Project (DJ 1 God & Excelsius),Blood Money (feat. The W.A.R.R.I.O.R.S.),2zRd9gRbTnXew1fgj3n44w,DJ 1 God and Excelsius are The Alpha Project,0,2023-12-27T10:14:25Z
Zager & Evans,In the Year 2525 (Exordium & Terminus),5UVsbUV0Kh033cqsZ5sLQi,In the Year 2525 (Exordium Terminus),46,2023-12-27T10:14:25Z
"Level Rapper, Its YD",Bad Trip,7Dq68PGcI7uwDNR7DHEMPB,Bad Trip,0,2023-12-27T10:14:25Z
"The Band, Todd Rundgren",Stage Fright - Remastered 2000,7uYK13jsmGi8flq2bF6r90,Stage Fright (Expanded Edition),37,2023-12-27T10:14:25Z
Zager & Evans,In the Year 2525,0Iw8a5i86U9gy3WVmOlG1X,RCA Collection,37,2023-12-27T10:14:25Z
Soupy Garbage Juice,I Swallowed Shampoo,1BjfWRvzJiCMvO6Jmm1scX,I Swallowed Shampoo,0,2023-12-27T10:14:25Z
Adam Jensen,Lowlife,02zFk3c748KgXfqaIgnDgL,Lowlife,42,2023-12-27T10:14:25Z
ワンダーランズ×ショウタイム,Mr. Showtime (feat. 天馬司&鳳えむ&草薙寧々&神代類&巡音ルカ),17e10lopWkvXRttxvzIRo9,Mr. Showtime/箱庭のコラル,50,2023-12-27T10:14:25Z
Rex Orange County,Pluto Projector,4EWBhKf1fOFnyMtUzACXEc,Pony,73,2023-12-27T10:14:25Z
thenian,you left me on suicide sunday,7uc3BvBI0xNeDXCSLGJMRG,you left me on suicide sunday,56,2023-12-27T10:14:25Z
Biffuzi,Time Travel,4AFNlo9z1drFacXNpizIe7,Time Travel,0,2023-12-27T10:14:25Z
"Tashriek Music, GameOver",Show Me The Way - Club Mix,3y7SapCxsrWopgIK27IQWK,Show Me The Way (Club Mix),32,2023-12-27T10:14:25Z
Riley Koenig,Transformers in Disguise,2Frz51KS3tkyObkPKmFjgP,The American Dream (Original Soundtrack),0,2023-12-27T10:14:25Z
Dixie,Be Happy,1ZAvMWm9qvKmA5A3ixxfGl,a letter to me,46,2023-12-27T10:14:25Z
Epic Rap Battles of History,Ash Ketchum vs Charles Darwin,7CyF9s7oESUFKQ6t54QxiF,Ash Ketchum vs Charles Darwin,26,2023-12-27T10:14:25Z
"SxDJI, moonheart",I can't handle this,1f6bP1dONJ2w5l83myWVl8,I can't handle this,0,2023-12-27T10:14:25Z
"Denz, Jelassi",WTF,3aXFd87HQV4m9V0wWBucXT,WTF,31,2023-12-27T10:14:25Z
Crown The Empire,Machines,5y8z5SSxUCey0qNsgPWPbZ,The Resistance: Rise of the Runaways,47,2023-12-27T10:14:25Z
George Orwell,POLITICS AND THE ENGLISH LANGUAGE.3 - Essays,1YdgIB2Orns5tAgo5xo482,Essays,0,2023-12-27T10:14:25Z
Made,Vegas,2E50AWZcLwYqxm4lCT2Xtx,Vegas,0,2023-12-27T10:14:25Z
"AronChupa, Little Sis Nora",Trombone,3vYP0NDCcoPiUHpmtq9YIq,Trombone,45,2023-12-27T10:14:25Z
The Advantage,Castlevania 3 - Evergreen,4oMqBdNzuPKjMgCqrZ8xZX,The Advantage,5,2023-12-27T10:14:25Z
Beatriction,pattern master,3zex5kqxDPxcb1W9yVI62o,pattern master,40,2023-12-27T10:14:25Z
Sanox912,Alpha,4jd2xjeEHL9CqDy14b3oRR,Sky,0,2023-12-27T10:14:25Z
Ray LaMontagne,Empty,33JX2be3eKVhl5xk8YQhVc,Till The Sun Turns Black,42,2023-12-27T10:14:25Z
Unlike Pluto,A Cautionary Tale,5HnR54c5nPdsLa25Temr5C,A Cautionary Tale,23,2023-12-27T10:14:25Z
"$keeff, Dragan",Data,2u8jXPjh8fDNdEfatPDWJB,Data,6,2023-12-27T10:14:25Z
Five Finger Death Punch,Darkness Settles In,6RksBSj5fFtPkUnL2EE0oe,F8,54,2023-12-27T10:14:25Z
Daily Dose Of ASMR,Scraping The Weeds,0EaOF2SFXXhv02G28LIRyf,Garden Makeover,0,2023-12-27T10:14:25Z
Mike Oldfield,Nuclear,754WgEesWgssZG3XzU9XcG,Man On The Rocks,50,2023-12-27T10:14:07Z
"Guidolain beats, Rivizion, Ben Jammin' Beats",Bike Ride,3Xq6IMKkk7fVHQRkyo3ef8,Bike Ride,15,2023-12-27T10:14:07Z
Mick Gordon,Flesh & Metal,2I4xWxEeI56caBBsVxXd6w,Doom (Original Game Soundtrack),48,2023-12-27T10:14:07Z
Meditation Music Zone,Train Your Brain,7zm1hBzwuhcJ3GVCaYM2a4,"1 Hours Hyper Focus: Beta Waves for Concentration & Memory, Increase I.Q",48,2023-12-27T10:14:07Z
Trivium,What The Dead Men Say,4KugBNgb6iilXInnWQrMVh,What The Dead Men Say,45,2023-12-27T10:14:07Z
OneTake FGMB,ETH 2.0,6650SmxD1W1PsF53NWG1vO,ETH 2.0,0,2023-12-27T10:14:07Z
Childish Gambino,Feels Like Summer,7p4vHnYXkxlzvfePJVpcTr,Summer Pack,66,2023-12-27T10:14:07Z
Spiritual Frequencies,528 Hz Positive Transformation,5fYsehSsvX5H4VpMNrGN98,528 Hz Positive Transformation,60,2023-12-27T10:14:07Z
RIOT,Overkill,4XdaaDFE881SlIaz31pTAG,Dogma Resistance,49,2023-12-27T10:14:07Z
"Hakan Keles, Furkan Soysal",Play İt,7yvq1HO534JVLEBVAsLxRZ,PARTY CİTY,29,2023-12-27T10:14:07Z
Black Tauro,Code,7tmrwskOqJer4UlQDsQjCu,Vs Battle Freestyle vol. 6,6,2023-12-27T10:14:07Z
Jack Douglass,Raping Vs. Rapping,3CG45PiQdbwqjylAHx5Ijk,Raping Vs. Rapping,24,2023-12-27T10:14:07Z
Trivium,Strife,15zUfY9L1p7bN9JsgaTAP0,Vengeance Falls (Special Edition),54,2023-12-27T10:14:07Z
Tash Sultana,Jungle,1KTObLMW9mwk2iPjP3daHb,Notion,65,2023-12-27T10:14:07Z
Epic Mountain,Optimistic Nihilism,3PmEzB2ORXmXBx07JY9z66,"Kurzgesagt, Vol. 4 (Original Motion Picture Soundtrack)",39,2023-12-27T10:14:07Z
Kids Learning Tube,Total Solar Eclipse,04byFcIxeguj8eDwPty7T9,Earth Science,4,2023-12-27T10:14:07Z
Four Tet,Parallel 6,3rI6J22xq3t8RDpxIOBo1C,Parallel,41,2023-12-27T10:14:07Z
Box of Music,Halo - Piano Instrumental,2Cbdpyuh5nmnv2XYYwpfd7,Reading Music Instrumentals (Piano Covers),34,2023-12-27T10:14:07Z
"Multiphase, N.A.S.A",We Are - N.A.S.A Remix,4F2bMB2id4Dil0MmfNM5Bq,We Are Remixes,0,2023-12-27T10:14:07Z
Nirvana,Smells Like Teen Spirit,4CeeEOM32jQcH3eN9Q2dGj,Nevermind (Remastered),81,2023-12-27T10:14:07Z
Andy Morris,Interstellar on Piano,06Muk6IyarouV5CXeQ2yBN,Interstellar on Piano,53,2023-12-27T10:14:07Z
Childish Gambino,Sober,6YuFv5d7iGeNnFMu6xphZl,Kauai,41,2023-12-27T10:14:07Z
Five,Time,6V4xAps1wRnSb10PdigohI,Time,14,2023-12-27T10:14:07Z
Trivium,The Heart from Your Hate,5yDJpu0xh0d1w13gXaE3lS,The Sin and the Sentence,60,2023-12-27T10:14:07Z
2Scratch,AFTERLIFE,5t4TaTMJ1xhupBEK6IA7Fu,AFTERLIFE,40,2023-12-27T10:14:07Z
Slick S.O.S.A.,Lacosta Sosa,6STKlG3gzoyb3G7gj9pVUf,Lacosta S.O.S.A.,0,2023-12-27T10:14:07Z
BLNKTJKSN,Penn and Teller,3zG1N4d6c3St5CoHnEn3YB,The 1st Ever Magic Rap Album,1,2023-12-27T10:14:07Z
AC/DC,Thunderstruck,57bgtoPSgt236HzfBOd8kj,The Razors Edge,82,2023-12-27T10:14:07Z
White Gold 14k,Liquid Gold,1vh1y5lwvaUbhni1km93kg,Liquid Gold,0,2023-12-27T10:14:07Z
All India Radio,Blueshift,240GuBoxZchQHrKpc9z5pP,The Slow Light,35,2023-12-27T10:14:07Z
Halsey,New Americana,6Xs7OKt6i0Ddq8B4M5Dgvr,BADLANDS,58,2023-12-27T10:14:07Z
Sébastien Tellier,Look,0GVQb2UqgxEUrXidPgklFj,Sexuality,2,2023-12-27T10:14:07Z
Trivium,Until the World Goes Cold,1hPKSQuvfLlPeIu8xhRyTf,Silence in the Snow (Special Edition),53,2023-12-27T10:14:07Z
Driper Kid,McLaren,0Oc96b8zJQ3DYzFrUWpwHq,McLaren,0,2023-12-27T10:14:07Z
"Xan Griffin, WOLFE",Capricorn,4NqtIO7NQGaVlGcTYZTO46,Zodiac,33,2023-12-27T10:14:07Z
"Twanny2c, Remnantbygrace",Tenet,29QNFSgVEZ7rxvoZELvgoP,Make A Way,5,2023-12-27T10:14:07Z
The Enochian,Doom Eternal - Main Theme,7egUOTLtssIKlF8AjqGyHA,The Enochian's Fun-Filled Remixes,12,2023-12-27T10:14:07Z
Panta Ray,Before The Sun,7uw26UWzSgHsbLbdwbtSB2,Before The Sun,45,2023-12-27T10:14:07Z
EXGF,We are the Hearts,4XPlMHV5UlXxs7PgNVWU5g,We are the Hearts,37,2023-12-27T10:14:07Z
"Masked Wolf, TCTS",Astronaut In The Ocean - TCTS Remix,73UCznfjLY2lH8sIi9AtiJ,Astronaut In The Ocean (TCTS Remix),38,2023-12-27T10:14:07Z
System Of A Down,Chop Suey!,2DlHlPMa4M17kufBvI2lEN,Toxicity,83,2023-12-27T10:14:07Z
Slipknot,Solway Firth,6WCkyaVmut83CtBFEUhDo4,We Are Not Your Kind,57,2023-12-27T10:14:07Z
Elsa & Emilie,Ocean,2W3Z4r19OwBPHqEcD042QB,Kill Your Darlings,56,2023-12-27T10:14:07Z
LEDU,Mein Herz,1i9EwNV7LHaBDk9y8lm7F3,Mein Herz,15,2023-12-27T10:14:07Z
AJR,World's Smallest Violin,68EkhVWIeULhHxcbi1QhzK,OK ORCHESTRA,66,2023-12-27T10:14:07Z
Françoise Hardy,Mon amie la rose,1rMX4XuW4KzgYlAyEaDmpO,Françoise Hardy (Mon amie la rose),49,2023-12-27T10:13:36Z
"Yoga, Sleep Sounds of Nature, BodyHI",Ocean Sounds To Sleep,1mBr8U7r94aXt2Oa6aANbc,"!!!"" Meditation Music: Forest Sounds ""!!!",0,2023-12-27T10:13:36Z
"Der Dritte Raum, Acid Pauli",Swing Bop - Acid Pauli's Kozmik Remix,0sOAu98MokefgnJgUQwTOf,Swing Bop - Remixes,33,2023-12-27T10:13:36Z
Furkan Soysal,Joker,4TmejzPucJpSTf23AxMqSL,Escape,11,2023-12-27T10:13:36Z
Mehriban,Narin Narin,6E6gpazn4PL3gFqZa47uXw,Deli Qiz,27,2023-12-27T10:13:36Z
Rain Sounds & White Noise,Weather,24YY0o19RPcOmI1oqvELMo,2017 Yoga Practice: Rain Sounds,7,2023-12-27T10:13:36Z
Eminem,Tone Deaf,1cEUi8QulMj1xgrPwwGC2p,Music To Be Murdered By - Side B (Deluxe Edition),54,2023-12-27T10:13:36Z
Depart,Man Dies Alone - Short Version,06uE6yOg0nc1HFTJWOhFYJ,Man Dies Alone,32,2023-12-27T10:13:36Z
Capital Insta Beat,Dogs Wanna Cry,2WbsIvASQNjKIl9O93NIhu,Capital Insta Beat 2,0,2023-12-27T10:13:36Z
"Water Walkas, Genesis Avot",Preach Preacher,5CdA3XHBEMkXCrNjkN9x7d,Preach Preacher,6,2023-12-27T10:13:36Z
Pearl Jam,Porch,3zNkNyXEeDs2HeAZ0fYqxI,Ten,52,2023-12-27T10:13:36Z
El Son Yaa,Honda Accord 1998,7KDXnxcV4e6Uwb4Vzd2UOt,Honda Accord 1998,0,2023-12-27T10:13:36Z
CJ,Whoopty,5vGLcdRuSbUhD8ScwsGSdA,Whoopty,63,2023-12-27T10:13:36Z
Berk Baysal,Armağan,5KGcu3kZGmABhtbSHrqvTL,Olmuyor Böyle,17,2023-12-27T10:13:36Z
Islamic Qasidah,الله وجود,3m8amF4aOoRF0oAYCilJET,الله وجود,10,2023-12-27T10:13:36Z
هناء يسري,بنت ابويا,5mHgUdUiaLYXyCLzbOfhfD,بنت ابويا,48,2023-12-27T10:13:36Z
Armağan Oruç,Baby,67YJTASizU4QhHlaXTaKLL,Baby,32,2023-12-27T10:13:36Z
Balmorhea,Remembrance,7xiw42KTmCcqfZNCZqUcnF,"All Is Wild, All Is Silent",61,2023-12-27T10:13:30Z
Ghostemane,Euronymous,2SZLtfY7dz7NLSxxnvDDis,Plagues,44,2023-12-27T10:13:30Z
Adetu,Monica Bellucci,314zd7Hx1kMRzIDMfUpU7D,Monica Bellucci,1,2023-12-27T10:13:30Z
TootArd,Sahra,2ELJPmLw6sozAdCOJruYbh,Laissez passer,21,2023-12-27T10:13:30Z
"BÖ, NOES",Gece Terörü,5u7CV3G5a02KcgQNX8pHqx,Gece Terörü,20,2023-12-27T10:13:30Z
Jugurtha,Khayyam,5XOYEJ3qSGxbZvRQEQVOYn,Khayyam,26,2023-12-27T10:13:30Z
Mufti Ismail Menk,Education,6a7oGgebAnyrCCT5KbNcFF,Islamic Discourses,0,2023-12-27T10:13:30Z
Fréro Delavega,Ton visage,5EqwOeakccoyefDI9n77ZQ,Des ombres et des lumières,54,2023-12-27T10:13:30Z
KastomariN,Mindreader,5kpdAgzWXfNTZPbSaMupf9,Mindreader,38,2023-12-27T10:13:30Z
Tim Pitts,The Poetry of Emotion,0MiWSgmfhbyCQ2yI3tFUwK,The Poetry of Emotion,0,2023-12-27T10:13:30Z
Layto,end of the road,0McDOlFsV2maxTtkckjbuE,alternative psycho (deluxe),42,2023-12-27T10:13:30Z
Natalia Doco,Comets,0pWtQRhnyzL5LWaiH6hwfr,Mucho Chino,27,2023-12-27T10:13:30Z
Cocoon,Comets,5DmFPew56isHZYQOQHsl7b,Where The Oceans End,51,2023-12-27T10:13:30Z
NGS ZORO,Xanakin Skywalker,3qUgB7IQAUlB6JX8TfLcf6,Xanakin Skywalker,0,2023-12-27T10:13:30Z
Fousheé,Deep End,6HlE9t71z9DjGi7KqSyEpA,Deep End,59,2023-12-27T10:13:30Z
Megadon,Neil DeGrasse Tyson,5SWgYP4eA5sdnJ6KigcuHu,Neil DeGrasse Tyson,1,2023-12-27T10:13:30Z
Jayloop,Trap Music Beat,6AERsRiR0CLjRGFwjt1waq,Trap Music Beat,0,2023-12-27T10:13:30Z
Tebra,Dusha,2d759JVWNrMIctCRrDVAdh,Dusha,27,2023-12-27T10:13:30Z
"Evan Band, Rokoshaa",Alijenab - Remix,71z5cHyObssxCM26Oe5OPu,Alijenab (Remix),15,2023-12-27T10:13:30Z
"Sleepy Hallow, Fousheé",Deep End Freestyle,4zTPYAf5scZdp0LnwPPeWK,Deep End Freestyle,54,2023-12-27T10:13:30Z
"Adan Jodorowsky, Natalia Lafourcade",Vivir Con Valor,12f8At41YjPnrpq4CXUbp8,Vivir Con Valor,11,2023-12-27T10:13:30Z
El Chombo,Chacarron - Radio Edit,1HnQcY4VmcysHIOY8zR5wF,Chacarron,46,2023-12-27T10:13:30Z
Else,Paris,2H7F7EfsVhy0jNLsVz8MLH,Paris,56,2023-12-27T10:13:30Z
"Simple Worship, Cam Conner, Summer Beale",Simply Devoted,7CLlcfLaeAZXvAGCsuugUd,Simply Devoted: Volume 1,5,2023-12-27T10:13:30Z
Bad Wolves,Zombie,5d8Wq39QLT6OQWsY9paz5n,Disobey,73,2023-12-27T10:13:30Z
In This Moment,Whore,2tAzcTFry1OhmNERFjUR93,Blood,62,2023-12-27T10:13:30Z
Manu Chao,Clandestino,51R2M1JgyFfRS3e6v5wCt3,Clandestino,65,2023-12-27T10:13:30Z
Żwirek,Love in Damascus,0JTiMPuAE6TBkn4R8gfEwz,Love in Damascus,29,2023-12-27T10:13:30Z
SHAHMEN,Dogtown LoveSong,3CauHfFQD9N5t8qHnTO0JH,California Is Cold,27,2023-12-27T10:13:30Z
"Tujamo, Sorana, Matt Watkins",One On One - Matt Watkins Remix,3KmqtBhV6V7RaErb8wrqPn,One On One (The Remixes),6,2023-12-27T10:13:30Z
"たけ, AI",Comets - Neo Universe Remix,7082uF1iJjzmO5iLYsWVtE,QUARTER LESTS,4,2023-12-27T10:13:30Z
Stromae,Alors on danse - Radio Edit,2GYHyAoLWpkxLVa4oYTVko,Cheese,76,2023-12-27T10:13:30Z
XANAKIN SKYWOK,Macho!,6OaHvJY8B6hZf5onw9DkNy,Macho!,48,2023-12-27T10:13:30Z
Emily Wells,Becomes The Color,17XFCyOP9dpO0QxqGl20KD,Stoker (Original Motion Picture Soundtrack),33,2023-12-27T10:13:30Z
Rosenfeld,Dangerous Woman,7CsKuex0uy9bkdTVNXngTh,Dangerous Woman,40,2023-12-27T10:13:30Z
"Muhamad, Muhamad sound",Fail - Acoustic,1wQICM5NxcC6sZxaKFKaz7,Fail (Acoustic),0,2023-12-27T10:13:30Z
katai,mistakes,6PSqbC9VxTbYmTcmpYwVpD,lying2you #ae #x9p,7,2023-12-27T10:13:30Z
Jremers,Ni Bien Ni Mal - Remix,3GB5aqxSf2dEUkoWI8w9sk,Ni Bien Ni Mal (Remix),0,2023-12-27T10:13:30Z
"Rezz, PVRIS",Sacrificial,5YvYKEQEYJp4orh4z3Dnpk,Sacrificial,44,2023-12-27T10:13:30Z
Amatul Rahman Omar & Abdul Mannan Omar,Surah 50: Qaf - Allah Is Almighty,4FLTsXQOjPXIYEQBNuL2eE,Quran in English--Complete 114-Surah-Recitation (Pt. 2 of 2),0,2023-12-27T10:13:30Z
RŮDE,Eternal Youth,0ytvsZOerGzUWfHXVT2Sgy,Eternal Youth,60,2023-12-27T10:13:30Z
The Freak Show,Lian,6lNS0fO44YyJA66K5oD1g7,Lian,8,2023-12-27T10:13:30Z
TroyBoi,Do You?,0tAFy8LVdMQgW6A6Nq7olS,"V!BEZ, Vol. 3",54,2023-12-27T10:13:30Z
Stromae,Papaoutai,34dx8DACTJsc3rsJdaEIQw,racine carrée,72,2023-12-27T10:13:30Z
"J Balvin, Bad Bunny, Marciano Cantero",UN PESO,7hynhxDoDpgMIV12JuVtNa,OASIS,75,2023-12-27T10:13:30Z
"Bob Moses, ZHU",Desire,0tcNM9PPdMYv9S3tjuZSyV,Desire,45,2023-12-27T10:13:30Z
Mo P.,Cocaine,0JBKxx6mqUdsDFYEBvLuym,"Tapperz, Vol. 1",23,2023-12-27T10:13:30Z
Arcadian,Petit à petit,6kCjAnjXVwZgVodhcJX7Wc,Marche ou rêve,34,2023-12-27T10:13:30Z
In This Moment,Sex Metal Barbie,75BGF4LC7AOLFfxn6ukZDH,Black Widow,52,2023-12-27T10:13:30Z
Faun,Federkleid,0a0eWptMSFinwTAg1zfndE,Midgard (Tour Edition),48,2023-12-27T10:13:20Z
Billie Eilish,Therefore I Am,20R4HfKloPKgXDqU7UKk3x,Happier Than Ever,72,2023-12-27T10:13:20Z
JLOW,The Game,01chIUOhMVUkFRLeACFrxa,The Game,14,2023-12-27T10:13:20Z
Metallica,Turn The Page,1aXFBWnnPFRKUN7vuIA5h0,Garage Inc.,62,2023-12-27T10:13:20Z
Eddie Valero,Private Jets,3fHd4t5DV4KTGFX9tL6Xl4,Underrated Overpaid,6,2023-12-27T10:13:20Z
Beautiful Chorus,Inner Peace,1tGUGrEHNX5Ld6aXDSAOhS,Hymns of Spirit,47,2023-12-27T10:13:20Z
Juan Martin,La Passion Del Lamento,6vXMKBur4G08IBcyWQDw45,Musica Alhambra,6,2023-12-27T10:13:20Z
Rob Zombie,The Eternal Struggles of the Howling Man,3zqp2hIfHLjyrjZAbAxVOs,The Lunar Injection Kool Aid Eclipse Conspiracy,31,2023-12-27T10:13:20Z
Metallica,Metal Militia - Remastered,2TBRfDnfwsOIaGxkkXFBN2,Kill 'Em All (Remastered),47,2023-12-27T10:13:20Z
Man of No Ego,Blinkers Removed,0oDoAZ629IqZ45DQ6qhcaq,Blinkers Removed,28,2023-12-27T10:13:20Z
Omar Varela,Scary Hour,5AeeMYrJaaziTAXjU5IJHe,Pirateship,20,2023-12-27T10:13:20Z
The Very Nice Interesting Singer Man,Buying a Used Car,3g0zvVcfO0ihas9nCAama5,Stuff That Happens,0,2023-12-27T10:13:20Z
Balmorhea,The Winter,1LlEw7wp9AOX0ZkgoOEMxd,Rivers Arms,45,2023-12-27T10:13:20Z
First Aid Kit,The Lion's Roar,2oqPb3LtgyvDfdQa0zWlwh,The Lion's Roar,48,2023-12-27T10:13:20Z
Moments of Clarity,Consciousness,15uIB4knR9Okuy4OBNRNV6,Mindful Sleep,27,2023-12-27T10:13:20Z
Global Village Players,Andalusian Dance,7r5ejeYBi2et8mCLDJ6cYv,Barcelona Nights: Romantic Spanish Guitar,22,2023-12-27T10:13:20Z
kupidox,Infinity - Freestyle,4o28AoHjzuBb1o9D1SDG9I,Infinity (Freestyle),17,2023-12-27T10:13:20Z
"Deepak Chopra, Adam Plack",Valetine To Rumi,1GzRai88k2PDdAF7o00VYW,A Gift of Love - Music Inspired by the Love Poems of Rumi,33,2023-12-27T10:13:20Z
Ensiferum,Andromeda,0yyD9NWnZoRestLJVBtFGE,Thalassic,39,2023-12-27T10:13:20Z
Marilyn Manson,DON'T CHASE THE DEAD,0G2xfxc8pWcHJ5tUVALSrq,WE ARE CHAOS,44,2023-12-27T10:13:20Z
Orphaned Land,The Warrior,2jokG0ElZ3u5h1ByDz2cql,The Never Ending Way of ORwarriOR,10,2023-12-27T10:13:20Z
Angam,Andalucia Nights,0oWyyvlYqGq90M1kOSIc6r,"Andalucia Nights: Arabic Spanish Paradise, Calm Intense Feelings, Erotic Mood for Women, Seraglio & Sufis Rooms",0,2023-12-27T10:13:20Z
The Spy From Cairo,Oud Outro,3tuaKjiPoZm3lJwMmpwnh3,Arabadub,25,2023-12-27T10:13:20Z
Amelie Lens,In Silence,7sovMMhuknCR0PHianjiEq,"A-Sides, Vol. 6",47,2023-12-27T10:13:20Z
"Tropkillaz, J Balvin, Anitta, ZAAC",Bola Rebola,4AwcNOeaY18olnW2xmC6w2,Faxina Pop,4,2023-12-27T10:13:20Z
LEMMiNO,Cipher,1ov4hZO5md2qGjtEIUCTK0,Cipher,0,2023-12-27T10:13:20Z
"Serhat Durmus, BÖ",On Trigger,7gBcvWK1YbjmaItjmK4uae,On Trigger,33,2023-12-27T10:13:20Z
Lindsey Stirling,Roundtable Rival,2AWDDDp0vqPBnPhdgcZaD6,Shatter Me,5,2023-12-27T10:13:20Z
KAROV BEATS,RANGO (Deep Edit),4M7pV3IYgY9dQOruJvCaNQ,TONY MONTANA BEAT PACK,0,2023-12-27T10:13:20Z
Healing Oriental Spa Collection,Endless Arabic Desert,4sTW8YNbQe6i6EpGs3vFoR,"Arabic Relaxation & Spa (Best Arabian Instrumental Sounds, Relax, Ethnic Nights with Saz, Duduk & Flute)",27,2023-12-27T10:13:20Z
Meiko,Leave The Lights On,1ABd3bWsG4FCKePjXeVfJG,The Bright Side,42,2023-12-27T10:13:20Z
"Eurythmics, Annie Lennox, Dave Stewart",Sweet Dreams (Are Made of This) - 2005 Remaster,1TfqLAPs4K3s2rJMoCokcS,Sweet Dreams (Are Made Of This),83,2023-12-27T10:13:20Z
"Sich, Voltorb",Arabic Trap - Instrumental,21qfeOaQ1PGc8Y8hJLqZjz,Workout Beats,0,2023-12-27T10:13:20Z
Three Days Grace,Somebody That I Used to Know,100lHmeZbp3OvinYgotmVc,Somebody That I Used to Know,54,2023-12-27T10:13:20Z
kent,Vi är för alltid,2WATrpIPvtgmByc8MrIuHs,Då Som Nu För Alltid,41,2023-12-27T10:13:20Z
Astrix,Beyond the Senses,5fcJyQfkypQ8AzfLOGAAZ5,Artcore,31,2023-12-27T10:13:20Z
Rodrigo Amarante,Tuyo (Narcos Theme) - Extended Version,71QotBDZjz3QDAlDgPYx81,"Narcos: Mexico (A Netflix Original Series Soundtrack) [Music from Seasons 1, 2 & 3]",24,2023-12-27T10:13:20Z
Astrix,Sahara - Original mix,7m0xP08bcvcHFVnlEzOhBG,Psychedelic Awakening,42,2023-12-27T10:13:20Z
Avatar,Hail the Apocalypse,0PMxzdeOobkZzeSGVV8jo9,Hail the Apocalypse,51,2023-12-27T10:13:20Z
Marcin Przybyłowicz,The Trail,4diKCx2EUg4CGvDTyCan5H,The Witcher 3: Wild Hunt (Original Game Soundtrack),50,2023-12-27T10:13:20Z
Lady Gaga,Bad Romance,0SiywuOBRcynK0uKGWdCnn,The Fame Monster (Deluxe Edition),81,2023-12-27T10:13:20Z
"Querox, Phaxe",Tripical Moon,5Ss7C8bSDZMm0pt9pXqObC,Tripical Moon,46,2023-12-27T10:13:20Z
Megan Slankard,Carl Sagan,1hfWb42PwoAc0pMw2jBkAd,California & Other Stories,0,2023-12-27T10:13:20Z
Evelyn Stein,Quiet resource,02IWtXAzwklsqeU3mvx27b,Quiet resource,39,2023-12-27T10:13:20Z
"Ash, Samia",Le Beirut,7dpKMbwkvZUV9JKFpjaxp0,Le Beirut,43,2023-12-27T10:13:20Z
Migos,Narcos,0wbnC9AUenxp613TYaJsGK,Culture II,64,2023-12-27T10:13:20Z
Ashley Serena,Lullaby of Woe,6Q2EnUXSRof4XCPO3bwfZH,Lullaby of Woe,46,2023-12-27T10:13:20Z
"Rodolfo Aicardi, La Tipica Ra7",Que No Quede Huella,28EWM0qJ09oupIAhNEeLlK,"Qué Chévere, Vol. 2",46,2023-12-27T10:13:20Z
Avenged Sevenfold,Buried Alive,4veeNpXDK1YRHMTJ1Cppsg,Nightmare,62,2023-12-27T10:13:20Z
Serj Tankian,Harakiri,6V9pamKmJuQL7mkFtFufKQ,Harakiri,47,2023-12-27T10:13:09Z
"The Red Army Choir, Валерия Курнушкина, Игорь Раевский",Katyusha,5rRAOgZOAqHwUMwVAXkUYU,"Favorite Russian Songs, Pt. 2",53,2023-12-27T10:13:09Z
Caravan Palace,Lone Digger,1TAC5SANfK7l6wGHtUQ7MX,<I°_°I>,54,2023-12-27T10:13:09Z
"Bring Me The Horizon, YUNGBLUD",Obey (with YUNGBLUD),6MD6xpFK4cfquxRqXxqwjq,POST HUMAN: SURVIVAL HORROR,61,2023-12-27T10:13:09Z
The Dead South,In Hell I'll Be in Good Company,4eMxLQtSdgxdA1Hs6D2YuN,Good Company,65,2023-12-27T10:13:09Z
"Whales, Fraxo, Lox Chatterbox",Dead To Me - Slow + Reverb,7xnElMPFCmSlMJ0AY2hnxc,Dead To Me Slow + Reverb,58,2023-12-27T10:13:09Z
Nick Cave & The Bad Seeds,The Witness Song,3c7MxodQZsFQqRUEmUji1d,The Good Son (2010 - Remaster),20,2023-12-27T10:13:09Z
The Devil Makes Three,Old Number Seven,7FqrsV0vBwNiQNQI6jfzni,The Devil Makes Three,61,2023-12-27T10:13:09Z
P.T. Adamczyk,The Rebel Path,3m8UfZwPMMbiWfGR8Lg2cR,Cyberpunk 2077 - Original Score,60,2023-12-27T10:13:09Z
Rob Zombie,The Triumph of King Freak (A Crypt of Preservation and Superstition),5bgKzG2enDERTaOUWNT5Dv,The Lunar Injection Kool Aid Eclipse Conspiracy,49,2023-12-27T10:13:09Z
"CueStack, David Hasselhoff, Daniel Fellner",Through the Night (Acoustic Remix),2UeEpJYDU1C7jVYrSHpm7A,Through the Night,5,2023-12-27T10:13:09Z
Novemthree,Ashes,63viF2wrWSR2sc2asNhvbr,From These Ashes..,17,2023-12-27T10:13:09Z
Rusty Cage,The Hearse Song,4XqmIO6Rhx158OgvDIq4Xq,"Gangstalkers, Vol. 4",42,2023-12-27T10:13:09Z
Rage Against The Machine,Bulls On Parade,0tZ3mElWcr74OOhKEiNz1x,Evil Empire,71,2023-12-27T10:13:09Z
Zach Mccoy,Lets All Go Together,43DR35LIgmDuEEKpKyH8XP,Lets All Go Together,19,2023-12-27T10:13:09Z
Mordechai Shapiro,Friends,0TuLWm4RvSrIYGgdHUl5UC,Hakol Mishamayim,27,2023-12-27T10:13:09Z
Zach Mccoy,Cosmological Principal,20iIulIku1pjhfGhgs7Jv9,Poor Fools,11,2023-12-27T10:13:09Z
Hatebreed,Cling to Life,6iXK1K5Nh7K7el6BPCC9ku,Weight of the False Self,30,2023-12-27T10:13:09Z
Rusty Cage,The Lives of Flies,53LWnhiwOspZhutJH7tT97,"Rusty Cage, Vol. 3: Crowley",34,2023-12-27T10:13:09Z
"Hyro The Hero, HELLYEAH",Fight (feat. Chad Gray of Hellyeah),6HmVuaY05lCHoDccqFrHEo,Fight (feat. Chad Gray of Hellyeah),24,2023-12-27T10:13:09Z
"The Dead South, OurVinyl",Black Lung (OurVinyl Sessions),2rzncEyqOhaULEUFcZfUsV,The Dead South | OurVinyl Sessions,39,2023-12-27T10:13:09Z
Highly Suspect,My Name Is Human,1euszbbvkUzQzIhZUWFmXG,The Boy Who Died Wolf,60,2023-12-27T10:13:09Z
AC/DC,Demon Fire,6jtUOVRO4p09Z7E35ERRL7,POWER UP,55,2023-12-27T10:13:09Z
"SWARM, Dani King",Heartless,16zFr6lUaciIYuCxyzNiPH,Heartless,15,2023-12-27T10:13:09Z
Sirenia,Addiction No. 1,6474GgCO7B2axVTRodQk80,"Riddles, Ruins & Revelations",25,2023-12-27T10:13:09Z
Rotting Christ,Χ Ξ Σ - 666,3P4Vcz7MhJngRf8WUAaoA0,Kata Ton Daimona Eaytoy (Do What Thou Wilt),42,2023-12-27T10:13:09Z
Gojira,The art of dying,7iMQChXFK33TS49QWhE4tt,The way of all flesh,52,2023-12-27T10:13:09Z
Ghostemane,Hades,0KRKqIJPX6LT9v1ZQGbfn7,Hades,47,2023-12-27T10:13:09Z
Spiritbox,Constance,1wjpQiPQO8a1GDjhAD0gCo,Eternal Blue,48,2023-12-27T10:13:09Z
"Butcher Babies, Andy James",Sleeping with the Enemy - Radio Edit,0xncjpg1Y9r0WEjkLsqil8,Eye For An Eye...,21,2023-12-27T10:13:09Z
Stars Of St. Petersburg,Korobeiniki,0Ifw1dsZ0fwI9HjQK58lWb,Russia's Most Beautiful Tunes: The Stars of St. Petersburg,41,2023-12-27T10:13:09Z
"BVDLVD, PULSE",(DON'T) LOOK AT ME,0Xakrw6UhbfgHAvWic9ZoJ,Lunatic,27,2023-12-27T10:13:09Z
Mellow Lofi Morning,lofi beats to study to,1Al0ypUq2vBdzQgEnVY9Fj,Lofi Meditation,0,2023-12-27T10:13:09Z
John Story,"Introduction Theme & Trailer (From Disney's ""Frozen 2"") [Piano Version]",1dvMaFHISRJHAtgou4NMOJ,"Introduction Theme & Trailer (From Disney's ""Frozen 2"") [Piano Version]",0,2023-12-27T10:13:09Z
Bloodywood,Machi Bhasad,1w2yLabkggvY64JilKWL73,Machi Bhasad,47,2023-12-27T10:13:09Z
"Ramin Djawadi, London Music Works",Game of Thrones Theme Tune,4v3DHaBKNzaYiPqbKGSJBi,Game of Thrones Theme Tune,41,2023-12-27T10:13:09Z
Bloodywood,Punjabi Metal,1cSAvnu4YmDVukm4lbF9K5,Punjabi Metal,37,2023-12-27T10:13:09Z
"dodie, Tom Walker",Human,7o8vTKpUe6GvlssjGhZk7d,Human,43,2023-12-27T10:13:09Z
Beedle The Bardcore,Lose Yourself - Medieval Bardcore Version,1bWNOwxy5UWA7O6j6VByTX,Medieval Eminem,29,2023-12-27T10:13:09Z
Machine Head,MY HANDS ARE EMPTY,4RqYIpKL0gu6iCXhDwTVGz,ØF KINGDØM AND CRØWN,40,2023-12-27T10:13:09Z
salem ilese,Hey Siri,7MqKSMLz9LjqRqGCWqPXAC,(MORE) Unsponsored Content,34,2023-12-27T10:13:09Z
System Of A Down,ATWA,6gCVA6ja6g0foIsWv0RuSZ,Toxicity,69,2023-12-27T10:13:09Z
Love and Death,Down,6YeONqJkRKgNRLVVfCOtJq,Perfectly Preserved,30,2023-12-27T10:13:09Z
The Pretty Reckless,Death by Rock and Roll,18DJQsejI5e1ZwO2wyuP2g,Death by Rock and Roll,50,2023-12-27T10:13:09Z
The Pretty Reckless,25,7pd7q8H3gCSaTr2Gr87hyk,Death by Rock and Roll,39,2023-12-27T10:13:09Z
Behemoth,Bartzabel,3wBHF6evf55iEzyMtReJSH,I Loved You at Your Darkest,42,2023-12-27T10:13:09Z
Architects,Black Lungs,06BRkkaJsqM9i6VZKDvUlK,For Those That Wish To Exist,53,2023-12-27T10:13:09Z
Lindemann,Ach so gern,5gjPnBVjmKAe5f1ygJJbFN,F & M (Deluxe),44,2023-12-27T10:13:09Z
Shepherds Reign,Aiga,1wlP86OjoRMsAujKFncfxG,Ala Mai,29,2023-12-27T10:12:58Z
Des Rocs,Used to the Darkness,3SemJVQCsUo0K3QGN7pIXu,Let the Vultures In,58,2023-12-27T10:12:58Z
"Ablaze, Carlo Giannico",deepfake - UK Garage Version,33eP7wPdPBz9YKWHPc5zOB,deepfake (UK Garage Version),3,2023-12-27T10:12:58Z
Dax,GOTHAM,46EpBG2ix52PljuWNTgcTJ,GOTHAM,46,2023-12-27T10:12:58Z
"Mr Package, Wwer",Kill in Fire (Hard Dark Brostep Remix DJ Edit) [feat. Wwer],03QFpOLlCDEbfehuTUL4ZE,Dubstep 2017 Top 100 Hits DJ Mix,0,2023-12-27T10:12:58Z
Slipknot,Psychosocial,2MvIMgtWyK88OiPi0J8Dg3,All Hope Is Gone,61,2023-12-27T10:12:58Z
"SKYND, Bill $Aber",Columbine (feat. Bill $Aber),047ZfC87FFox5qD04CVsIE,Columbine (feat. Bill $Aber),39,2023-12-27T10:12:58Z
Ghostemane,D(R)Ead,2jUav7K1nwfKyVosT94ACA,D(R)Ead,37,2023-12-27T10:12:58Z
SVDDEN DEATH,Behemoth,4o7Rszx7VVCzrCr1RPlPot,VOYD Vol. I,48,2023-12-27T10:12:58Z
Lamb of God,Redneck,04EtBLFIxbcVt9NdYgcrpF,Sacrament,22,2023-12-27T10:12:58Z
Aryan Havrest,Uncensored,4yqKxrLDk3L6mGubmmcAnA,Uncensored,0,2023-12-27T10:12:58Z
8inch meyus,Baki Hanma phonk,1ezMqoyuYI22d6WuFj69iR,Baki Hanma phonk,35,2023-12-27T10:12:58Z
Ghostemane,D(R)Own,1Rrc6Ju3tt5qJ437vQSxGU,Hexada,49,2023-12-27T10:12:58Z
grandson,Blood // Water,0AUyNF6iFxMNQsNx2nhtrw,Blood // Water,69,2023-12-27T10:12:58Z
"SWARM, Brian Lenington",I'll Never See The World,4ZuxETtWnryee4veb8nO6g,I'll Never See The World,26,2023-12-27T10:12:58Z
Yuri Petrovski,The Cyberpunk Blade Runner,3sR3lQQnRZV26vCb8EX0qs,The Cyberpunk Chapter 5,34,2023-12-27T10:12:58Z
SWARM,Fury,4CJNmT3Zl9xfAuiz5ZNaPw,Fury,17,2023-12-27T10:12:58Z
Lamb of God,Memento Mori,5I29F9GR0OkaU1nuxp9hU8,Lamb of God,55,2023-12-27T10:12:58Z
Santos Santana,Man Down,4VIpr7JZaZciJG4jPCTHAK,Man Down,40,2023-12-27T10:12:58Z
"gizmo, Kamiyada",Nasacar,6jn9W05u6s5pYnjv47A0vX,Nasacar,18,2023-12-27T10:12:58Z
Everyone You Know,The Drive,2x8hN5ch6vph8YK2Cw7n0h,The Drive,41,2023-12-27T10:12:58Z
SEV,Flip,5rK3A0YKJNHg2RkdiCb4v7,Flip,16,2023-12-27T10:12:58Z
Ghostemane,Lazaretto,4BkM0A2FwgLB8Av8fKLMzg,ANTI-ICON,47,2023-12-27T10:12:58Z
Ghostemane,AI,0IdJ2fQSlQTeNuuA3Xznfm,ANTI-ICON,47,2023-12-27T10:12:58Z
Ghostemane,Hydrochloride,5guQjkjzpIMpX81VAZTHNy,ANTI-ICON,44,2023-12-27T10:12:58Z
Ömer Bükülmezoğlu,Apocalypse,0Wt1AvNdhcPioRqe4OJIEo,Apocalypse,26,2023-12-27T10:12:58Z
Red Hot Chili Peppers,Dark Necessities,2oaK4JLVnmRGIO9ytBE1bt,The Getaway,70,2023-12-27T10:12:58Z
"corakks!, Luv4Leon",valorant,6q9eiuwHFHgpxDrgzaPwMG,valorant,0,2023-12-27T10:12:58Z
Extra Terra,Cyberpunk,1v4wTGL3HAAUDcLjJXiQWG,Convergence 2045,33,2023-12-27T10:12:58Z
"Juliàn, Hoogway",Free Diving,3qXaRs6ecJz7LjNJIUkRyw,Free Diving,14,2023-12-27T10:12:58Z
Demon Hunter,The Negative,2ZUzRgxd0YjdhjRpiM7xNd,War,29,2023-12-27T10:12:58Z
Demon Hunter,Lesser Gods,1j9KRNTPYnufX2zqF8vv6A,War,31,2023-12-27T10:12:58Z
"Sam Tinnesz, Silverberg",Wolves,4oyUjJauYl4zVrozOYk3il,Babel,55,2023-12-27T10:12:58Z
JayDottCee,hitman,07mtxPnVwfhAjkDyQE1E6s,hitman,17,2023-12-27T10:12:58Z
8corpses,Creepshow,6XP74LWSIIe5eMhcLfkU03,Creepshow,10,2023-12-27T10:12:58Z
Slipknot,All Out Life,6vAQtUlYrzolE6SS9QCTs5,All Out Life,59,2023-12-27T10:12:58Z
Younger Hunger,Dead Inside,2JqyquFrqaoKt0SRr91meT,Dead Inside,57,2023-12-27T10:12:58Z
BONES,Molotov,7tP5Ck8scaP9OS36GHUIN4,OFFLINE,51,2023-12-27T10:12:58Z
Mushroomhead,Qwerty,0uDkk9VZCBJuGwYBLI7qog,The Righteous & The Butterfly,47,2023-12-27T10:12:58Z
Mushroomhead,We Are the Truth,0U9z55sWCmtPe9feSp6fcq,The Righteous & The Butterfly,39,2023-12-27T10:12:58Z
"Rammie Chahal, Deepak Dhillon",Fire Fire,0EOYn6o5o0x8sA6WV1ahIa,GPX Fighter,29,2023-12-27T10:12:58Z
"Fukkit, Dutchman",Fly (On the Wall),7IEgywoWmLvnJnyNPAhOM8,Scratch Paper,37,2023-12-27T10:12:58Z
Linkin Park,Papercut,1Vej0qeQ3ioKwpI6FUbRv1,Hybrid Theory (Bonus Edition),79,2023-12-27T10:12:58Z
Mushroomhead,The Heresy,2zl4OeEKQTUhswMeAVkwbo,A Wonderful Life,43,2023-12-27T10:12:58Z
NEFFEX,Primal,3EvDBnLAEFOHjbfjmfZDuf,Q203,39,2023-12-27T10:12:58Z
Slipknot,Unsainted,5mpUKTdskZea0gStWzeHUZ,We Are Not Your Kind,70,2023-12-27T10:12:58Z
Sam Fender,Play God,6R1y3I91AIktu7qoKIugtH,Hypersonic Missiles,59,2023-12-27T10:12:58Z
Architects,Animals,5ofoB8PFmocBXFBEWVb6Vz,For Those That Wish To Exist,66,2023-12-27T10:12:58Z
"$LOTHBOI, Sepha.",Distraught,2rAdbINYQ5KZV4teK7eKRt,The Sin of Sloth,9,2023-12-27T10:12:58Z
Ekoh,Pickle Rick,0ByKkm4qqcDPtC2cPWo1wE,The Detour,51,2023-12-27T10:12:51Z
Evanescence,Bring Me To Life,0COqiPhxzoWICwFCS4eZcp,Fallen,83,2023-12-27T10:12:51Z
Shepherds Reign,Le Manu,2G5Df4hH82EC9A5eXWZYZn,Ala Mai,36,2023-12-27T10:12:51Z
Slipknot,The Devil in I,5hheGdf1cb4rK0FNiedCfK,.5: The Gray Chapter (Special Edition),71,2023-12-27T10:12:51Z
Subtronics,Nitrous Mafia - Original Mix,51Fdv93I4VLEDaAMzJ0vLX,String Theory EP,36,2023-12-27T10:12:51Z
Auxxk,Stoic,7eyc87aDohO31VHxuwnZUb,Unknown,19,2023-12-27T10:12:51Z
"gizmo, Kamiyada+",Scaphism,1WjBoFxoTeiEibVSdy4xyd,Scaphism,24,2023-12-27T10:12:51Z
Diskirz,Chainsaws,3PZZ8hNPwaTiZktuCjB6gb,Chainsaws,6,2023-12-27T10:12:51Z
Written by Wolves,To Tell You the Truth,7rn4ZYGU19LBvWid0wCuoU,To Tell You the Truth / Starlight,40,2023-12-27T10:12:51Z
grandson,Dirty,3pShTDa5E1bPBkrc1mxxGY,Death Of An Optimist,59,2023-12-27T10:12:51Z
SampliFire,Berserker,196RsePgEaCLKncxvmWaHO,Berserker,24,2023-12-27T10:12:51Z
916frosty,FRIDAY,3pCPizvPEszfq4HDyzrQXh,FRIDAY,44,2023-12-27T10:12:51Z
"BONES, Eddy Baker",HateToSayIToldYouSo,64CL74wQqELcwUJfT68283,SparrowsCreek,40,2023-12-27T10:12:51Z
The Seige,I Am Defiant,4ePKbzLwkIBslceokt2iXZ,I Am Defiant,53,2023-12-27T10:12:51Z
Sturgill Simpson,Sing Along,0JwtuqKYYCA1iJ5cubotGW,SOUND & FURY,47,2023-12-27T10:12:51Z
Cage The Elephant,Ready To Let Go,4UyAtnwhaKv7EG1BdkBYRI,Social Cues,58,2023-12-27T10:12:51Z
Kai Wachi,DAEVA,4rOT8wyhsg7gTMP6M1WGKp,DAEVA,8,2023-12-27T10:12:51Z
2Pac,Can U Get Away,4bFi6vwibnjz38OYapehT7,Me Against The World,47,2023-12-27T10:12:51Z
Sarah Schachner,Modern Warfare Main Theme,256bY4IL8bSL8RIfm6omEZ,Call of Duty®: Modern Warfare (Original Game Soundtrack),43,2023-12-27T10:12:51Z
ATEEZ,Cyberpunk,2Ax4rdLenBhULX7nRbhful,THE WORLD EP.1 : MOVEMENT,58,2023-12-27T10:12:51Z
SHAHMEN,Beyond the Pine,0aX9Q8EkVHCqinprlFSxO8,California Is Cold,16,2023-12-27T10:12:51Z
HAARPER,The Alchemist,1A2EHsaElnVL6Mc4apEY0v,The Alchemist,63,2023-12-27T10:12:51Z
J. Cole,a p p l y i n g . p r e s s u r e,1d7q712nXjG98HiwHk7HFS,The Off-Season,54,2023-12-27T10:12:51Z
gizmo,I Put My Dick in Your Mental,37gqBnUAZe8BY8WR56kDNk,Blvc Svnd X Gizmo,39,2023-12-27T10:12:51Z
Peter Gundry,.Goëtia.,6isCIMYopGCIwikVz8SLb5,Goëtia,36,2023-12-27T10:12:51Z
The Score,Stronger,0VeoSHlgashtg5JYPJjl15,Pressure,54,2023-12-27T10:12:51Z
"JRed The Doctor, Adda Boe",Onions,3ZrW2n1INpDMuhRTFoIGlj,Packman,0,2023-12-27T10:12:51Z
The Blue Notes,Disenchantment Main Theme,6z2PPo0RggNrdf4CnBCkAE,Disenchantment Main Theme (Piano Rendition),18,2023-12-27T10:12:51Z
The Dead Pirates,Ugo,20yNjjGAAROnXoANUjI3JY,Ugo,41,2023-12-27T10:12:51Z
"Doorly, Tan Dem",Witch House - Instrumental Mix,4jTEW8s9Aeeu1diSvEx9xE,Witch House,0,2023-12-27T10:12:51Z
"Kraked Unit, Piers Faccini",Red Red Red (générique début) (feat. Piers Faccini),7xcasOmC6W3L1jdv40nGcb,Ce qui nous lie (Bande originale du film),29,2023-12-27T10:12:51Z
Young Americas,Putin Remix,09vB8fgl30m5oK5dH7y38Z,Putin Remix,0,2023-12-27T10:12:51Z
Alegrio,Street Samurai Symphony,4llig6ui3qdaDyEfNwOsgR,Cyberpunk 2077 Music,0,2023-12-27T10:12:51Z
"Bla$ta, BoozaKeepScorin",Gizmo,5BNTukTQv441HYdR7LSmZR,Kings Of The North,2,2023-12-27T10:12:51Z
Tom Day,Who We Want to Be,7eBqNSGi5jOBQZDiecXJas,2012,40,2023-12-27T10:12:51Z
Marinella,Kamia Fora,54OnavWf2boaEADxfRzatP,Live,16,2023-12-27T10:12:51Z
Pearl Jam,Do the Evolution,0dIipTYASaFwX1QxVrVFV7,Yield,55,2023-12-27T10:12:51Z
Breaking Benjamin,The Diary Of Jane,5m9uiFH9sK5wxRZdfN62n9,Shallow Bay: The Best Of Breaking Benjamin (Explicit),59,2023-12-27T10:12:51Z
M0M0,"Johnny Silverhand theme (From ""Cyberpunk 2077"") - Remix",4BkgHB8nwPJhcDcCpItH9A,"Johnny Silverhand theme (From ""Cyberpunk 2077"") [Remix]",30,2023-12-27T10:12:51Z
KELLERKINDER RZS,Melodic Industrial Techno,0g1j6LUBOzKmu0hEXXURbF,Dark Melodic Techno,0,2023-12-27T10:12:51Z
"Tyler Bates, Joel J. Richard",Parabellum (Opening Titles),7oS5Jc4hTxRk7sKuLPUfx0,John Wick: Chapter 3 – Parabellum (Original Motion Picture Soundtrack),32,2023-12-27T10:12:51Z
Avatar,Bloody Angel,2cQkslUQT9nyvmMNTftd4S,Hail the Apocalypse,49,2023-12-27T10:12:51Z
Yuri Petrovski,The Cyberpunk Runner,3PCZ88CCy8DWVIS0QIsAan,The Cyberpunk,49,2023-12-27T10:12:51Z
Linkin Park,Crawling,57BrRMwf9LrcmuOsyGilwr,Hybrid Theory (Bonus Edition),78,2023-12-27T10:12:51Z
Ash-Shur,The Great Depression,3RNR65jFveNczOt2SGdajW,The Great Depression,2,2023-12-27T10:12:51Z
SEV,Chase,1lmNyi7U2w4fH0s0kvamNH,Chase,18,2023-12-27T10:12:51Z
Avenged Sevenfold,Save Me,53jogSv23P6DFcOHcZrDs9,Nightmare,54,2023-12-27T10:12:51Z
W.F. Project,Never Feeling Sad (Reggae),54qgNNLG6owvJSdomvucjm,Weed Firm (Original Game Soundtrack),22,2023-12-27T10:12:41Z
"League of Legends, Valerie Broussard, Ray Chen",Awaken,3jevgr3fYdv9wYO3IDJq2a,Awaken,62,2023-12-27T10:12:41Z
asaratiii,Tekken 5,3zHbdAZMsYkG9I5eMb0Qmh,$wollen,10,2023-12-27T10:12:41Z
Chester Nebro,Хлам,78G01XpFmRAOGE4o8KFlzD,Хлам,33,2023-12-27T10:12:41Z
"FMB DZ, DaBoii",Lunch (feat. DaBoii),03HlLXPG8m7Uo2a1lNRCAs,Oppletizer,7,2023-12-27T10:12:41Z
"Hans Zimmer, Lorne Balfe",Living Football - Official FIFA Theme,6BESlJqMTBDEvr7DmRf6I3,Living Football (Official FIFA Theme),21,2023-12-27T10:12:41Z
lil 17th,Mary Jane,2d9FGgOk6ckw7gOwBHFn7R,Mary Jane,42,2023-12-27T10:12:41Z
Billy Talent,Fallen Leaves - Live,4p78RLIGyLVyFSHfguadGv,Live at Festhalle Frankfurt,20,2023-12-27T10:12:41Z
BONES,SystemPreferences,2jEWQ5Rsg5vxgZiBxGy7Qc,UNRENDERED,46,2023-12-27T10:12:41Z
"BLOND:ISH, Bahramji",Laberinto feat. Bahramji,0BYY7uvPbUswW8ZFwvjmaU,Welcome To The Present Remixe,29,2023-12-27T10:12:41Z
Slipknot,Psychosocial,3RAFcUBrCNaboRXoP3S5t1,All Hope Is Gone (10th Anniversary),75,2023-12-27T10:12:41Z
Really Slow Motion,Deadwood,5nyef8bHyXaglyArVUNlre,Deadwood,57,2023-12-27T10:12:41Z
"Les Guetteurs, François Joseph Ambroselli, Guilhem Vincent, Matthieu Baud, Vincent Rodriguez-patino, Ludwig Nestor, Damien Hoppe",No country for my soul,1F4pFwIZNLjcv410lr1NeR,Tatoué,13,2023-12-27T10:12:41Z
D-A-D,Laugh 'n' a 1/2 - 2009 - Remaster,1mLiW0DfcGvUZqaNZo4jPd,Riskin' It All (2009 - Remastered),49,2023-12-27T10:12:41Z
Ghostemane,Nihil,1nB6VmrPybx4xwkL80OqdA,N / O / I / S / E,56,2023-12-27T10:12:41Z
"Tural Everest, Руслан Добрый",Черный человек,4ycJJAAJHByzjZeoDCw3mM,Черный человек,0,2023-12-27T10:12:41Z
HILA,Nothing Left,33zKSFMczTV4kHm1nBphqz,Nothing Left,10,2023-12-27T10:12:41Z
Ehnsn,Samurai Jack,1VC1BrjsT5F9CpapWHmobq,Benchpark Thoughts,26,2023-12-27T10:12:41Z
IShowShac,Jokes,7v04H9c8U3B7AEkiwSXZ3x,Jokes,29,2023-12-27T10:12:41Z
KROWW,Oniwa,0TmqPZONaQAJiVbbjREkWJ,Oniwa,27,2023-12-27T10:12:41Z
Estas Tonne,Internal Flight (Remastered),0PINNy1r5eEILOuHpnjl5d,Internal Flight (Remastered),15,2023-12-27T10:12:41Z
"SWARM, Man Ov God",Drag Me Down,759aPII0ulg5Km9YHuWAZs,Drag Me Down,17,2023-12-27T10:12:41Z
Skip the Use,Nameless World,4mKCiWwPxQw45GSM2iRcRW,Little Armageddon,47,2023-12-27T10:12:41Z
Death In Vegas,Dirge,015SmK4Fvjv13dVwtGoMC0,The Contino Sessions,44,2023-12-27T10:12:41Z
Trance-Meister,Dark Techno,2GSRZrrsoepigTEExeirfs,Techno Rave,0,2023-12-27T10:12:41Z
Sam Perry,When Doves Cry - The Voice Australia 2018 Performance / Live,0fy9VfcdomPN1PmB8ImxtE,When Doves Cry (The Voice Australia 2018 Performance / Live),33,2023-12-27T10:12:41Z
Voidoid,The Godfather Theme,4CeVXUIgqGpmPQRqbmJwP2,The Godfather Theme,47,2023-12-27T10:12:41Z
Izzamuzzic,Angel,6kN2pjOydZc9mnXYqlh17M,snglz,29,2023-12-27T10:12:41Z
Leo Kodian,Abrazame,5hrnqgYmxMWt5BDDrQ4A4z,Abrazame,16,2023-12-27T10:12:41Z
Leo Kodian,Ari Ari,0EANk4j9iCgXfIUPJWm3rq,Abrazame,18,2023-12-27T10:12:41Z
Malaa,Four Twenty,6br178iaXMQcXiNqB1OzBx,Four Twenty,2,2023-12-27T10:12:41Z
PRO8L3M,Tekken,79punbt39wh0bxtjDjJ0Wg,PROXL3M,53,2023-12-27T10:12:41Z
Estas Tonne,The Song of the Golden Dragon,48RME2XQqVXIaH54NA4pRe,"""Strings and Stories of a Troubadour"", Live in Odeon, Vienna 2011",6,2023-12-27T10:12:41Z
"Chill Bros Studios, The Remix Station",futurama theme (lofi edit),7rRTmT7DcZVg45JxDeTtA0,futurama theme (lofi edit),4,2023-12-27T10:12:41Z
"Rakdos, WHYTYLXR, Arixch",Run Away,3g4C8QTIRvc0GXio1qAWR4,Run Away,41,2023-12-27T10:12:41Z
Imagine Dragons,Warriors,1sWeSMifj6Z6kZyI6z3bRc,Smoke + Mirrors (Deluxe),70,2023-12-27T10:12:41Z
High Meadows,Cheap Tricks,6AOQxlpERd2o8ADje7dv3N,Low Budget,20,2023-12-27T10:12:41Z
Flow-Fi,Urban Samurai,5cXdQ8FyQqzvkhM5hRYKfy,Urban Beats,0,2023-12-27T10:12:41Z
"Prince of Falls, Foreign Heat",Marlboro,5e8yGIFZEt73yKPMLiKHKo,Till We Feel Something,46,2023-12-27T10:12:41Z
Arcade Player,"Character Select (From Tekken"")",72J2LuPaHolNG3QuPLiX2s,Tekken: Iconic Themes,2,2023-12-27T10:12:41Z
Audioslave,Show Me How to Live,1Qdnvn4XlmZANCVy3XjrQo,Audioslave,67,2023-12-27T10:12:41Z
KROWW,Hysteria,1rEC0bdVHxvM9PxOBl2DNc,Hysteria,30,2023-12-27T10:12:41Z
SWARM,Corrupt,6Y1NTPfNwVYU90ZbNdMGh0,Corrupt,12,2023-12-27T10:12:41Z
Tech N9ne,Come Gangsta (Album Version (Explicit)),2N6Y2BsmPuLFN0g2wq81vF,Everready,31,2023-12-27T10:12:41Z
"SWARM, ATHRS",Singing to the Sky,1FQdnxbsSJG2ZO4i30kEJU,Singing to the Sky,12,2023-12-27T10:12:41Z
Rosa Løvstrøm,Noctis,3SwiMJxBE5eqYdbXJBRtiT,Noctis,35,2023-12-27T10:12:29Z
Jerome Molnar Orchestra,Noah,6oKB2QJaV8i0OxzMBYu9yQ,Noah,15,2023-12-27T10:12:29Z
HAARPER,Bungee Gum,1KUdAOiViMZeSQKYCkGeUv,Bungee Gum,58,2023-12-27T10:12:29Z
grandson,Riptide,23GWbiEWeZ1IteR9ijD3hn,Death Of An Optimist,47,2023-12-27T10:12:29Z
"Tokadok, CB45",I'm Fine,4ktDEwHLJOv1zrOcWamVDC,I'm Fine,0,2023-12-27T10:12:29Z
DillanPonders,Planet Ponders,1Y0CUcAF6JJpawDpEgermd,Planet Ponders,6,2023-12-27T10:12:29Z
Arch Enemy,The World Is Yours,6tGyLydK5lNXz8Aw44wRj8,Will To Power,48,2023-12-27T10:12:29Z
"Antonio Vivaldi, Olga Scheps","Four Seasons Variation (Arr. for Piano from Violin Concerto, RV 297, ""Winter"": II. Largo by Svetoslav Karparov)",7jezOL1bXEUmQtbCKFrmof,Family,39,2023-12-27T10:12:29Z
Samuel Kim,Evil Morty Theme (For The Damaged Coda) (Epic Version) - Cover,4hD4nwWtkqTmf5U8FY3SsE,Evil Morty Theme (For The Damaged Coda) (Epic Version) [Cover],47,2023-12-27T10:12:29Z
Patrik Pietschmann,Interstellar Main Theme - Piano Version,7xEX406hnVXC7mDfkts2jc,Interstellar Main Theme (Piano Version),53,2023-12-27T10:12:29Z
TrippyThaKid,OMG This Slaps!,4gi0OW8wqHikh6wufQTKY5,Squid Puppies Deluxe,38,2023-12-27T10:12:29Z
OneRepublic,Counting Stars,2tpWsVSb9UEmDRxAl1zhX1,Native,85,2023-12-27T10:12:29Z
"BONES, Eddy Baker",LooseScrew,6Qd2OmDq4rPFQi7qCHapTx,SparrowsCreek,64,2023-12-27T10:12:29Z
anatu,bleach,6hK8bYRgYRsuYJsJyLa9f5,bleach,34,2023-12-27T10:12:29Z
"The Weeknd, Daft Punk",Starboy,7MXVkk9YMctZqd1Srtv4MB,Starboy,87,2023-12-27T10:12:29Z
Fukkit,1punch,4er9uGBNOtaWzR5kQleQBo,1punch,29,2023-12-27T10:12:29Z
Joji,worldstar money (interlude),4jyC2FscjLBNQTMf2xR9dq,In Tongues,36,2023-12-27T10:12:29Z
SHAHMEN,Abacus,6yfMnFbVYNVDEsUvmDG6WH,All in the Circle,35,2023-12-27T10:12:29Z
SHAHMEN,Down Upside,0oaQd6A2mwSjuv0dbOnN4u,BAD DREAM CATCHER,31,2023-12-27T10:12:29Z
prodbyrl,damage - slowed,4kbHAG1VzNWMa1sqnb9Ktt,Damage,35,2023-12-27T10:12:29Z
"Skan, Drama B, M.I.M.E, Krale",No Glory,3xSyhYmk0s4ySQcluJWxp9,No Glory,54,2023-12-27T10:12:29Z
Arch Enemy,No More Regrets,6U4PnLCxvpipBXCffkdHNo,War Eternal,38,2023-12-27T10:12:29Z
Lilianna Wilde,Grind Me Down,2s5HFb7W5zXq6i7HXHxvcB,Bad for You,45,2023-12-27T10:12:29Z
BossMan Dlow,Creed,3Gzr61U8vAEvgs2fu2fnUs,2 Slippery,43,2023-12-27T10:12:29Z
SHAHMEN,Iron out the Maiden,2155NCoQrjlfyM8fzF7uzW,California Is Cold,37,2023-12-27T10:12:29Z
"AronChupa, Little Sis Nora",Little Swing,66U0ASk1VHZsqIkpMjKX3B,Little Swing,55,2023-12-27T10:12:29Z
"SWARM, SOUNDR",Eat Me Alive,2iuDA0jvr393zzvXbeIDjp,Eat Me Alive EP,23,2023-12-27T10:12:29Z
Asaf Avidan,The Labyrinth Song,71VDj0rDQ78y4W5EhkpgNS,Gold Shadow,3,2023-12-27T10:12:29Z
Unaverage Gang,Death Grip,5dIYNYIsjyXVCSvwqWeeRW,Death Grip,42,2023-12-27T10:12:29Z
Gyft,Hannibal,5ch1BkjbKB2IDRKDyni3Cz,Now They Do,12,2023-12-27T10:12:29Z
NERO,Satisfy,5utTwbiYVzAQILX18liKiz,Satisfy,39,2023-12-27T10:12:29Z
"Port3r, LOUDNXTDOOR",Dr.Strange,6nlP3VhMvP9KSJN0nFV9eR,LoudNxtDoor,0,2023-12-27T10:12:29Z
iamjakehill,Die a King,1s70cjkrdj9lpEeQQlmS9l,Spectrum,58,2023-12-27T10:12:29Z
"Drake, Lil Wayne, Jeezy",I'm Goin In,5aooThgj87ID0vgiyvcjPM,I'm Goin In,61,2023-12-27T10:12:29Z
K.N.T.,Jonas Kahnwald (with Gabriel Vila),1DNxf5kVN9c43dGHD5Pz3k,Sport Retro,0,2023-12-27T10:12:29Z
"Kamiyada+, Dutchman",Damage Critical,2u0zjh7LkkHAiqYvh596F6,Pain Pulse & Energy,34,2023-12-27T10:12:29Z
Brennan Savage,Nowhere to Run,0SjI6eZTjcpbXACDHhjBom,Nowhere to Run,37,2023-12-27T10:12:29Z
WYR GEMI,Black Samurai,5SnZLMSxFNHukakSOG2R0S,Black Samurai,46,2023-12-27T10:12:29Z
Mobitex,Ayala,3OawekkjFR1Z3WFzJoAqI3,Deep Resonance (Compiled by Kalifer),25,2023-12-27T10:12:29Z
"Rich Brian, Keith Ape, XXXTENTACION",Gospel,2PqSNVmiEQpFkLoNPoDfwI,Gospel,3,2023-12-27T10:12:29Z
Besomorph,Monster,2HCYh0kf5Xqqijv6h4bh3H,Monster,36,2023-12-27T10:12:29Z
Namco Sounds,Bryan Fury - PlayStation2 Version,0cl8moBbcKxaaHhmkTzC0B,Tekken 3 (Original Game Soundtrack),7,2023-12-27T10:12:29Z
XXXTENTACION,#ImSippinTeaInYoHood,2z6W6oeZvBaO56Mg587v0w,LOOK AT ME: THE ALBUM,59,2023-12-27T10:12:29Z
Digital Daggers,The Devil Within,6iwkG1eYvx0y95sDebLlW3,Close Your Eyes,49,2023-12-27T10:12:12Z
Ghostemane,Venom,7tUXZgLbOCvRJ9FBlairoU,Blackmage,62,2023-12-27T10:12:12Z
Rock Emo Nightcore,"Paint It, Black",5I1ZvYB97dKki5r4Ufe8sL,"Paint It, Black",10,2023-12-27T10:12:12Z
Billie Eilish,bury a friend,4SSnFejRGlZikf02HLewEF,"WHEN WE ALL FALL ASLEEP, WHERE DO WE GO?",73,2023-12-27T10:12:12Z
Axel Thesleff,Bad Karma,5ZVujHtwnsqFJvLnqRSdch,Bad Karma,15,2023-12-27T10:12:12Z
Heilung,Norupo,7oGwKNBX90dXL53ZbhPxJk,Futha,53,2023-12-27T10:12:12Z
Natsu Fuji,Bryan Fury,6gJlo0JnpMqTuquPaMO34C,Enter The Tekken 3,2,2023-12-27T10:12:12Z
Until The Ribbon Breaks,Goodnight America,0sEViFXwNQVwo4E33vgNk4,Goodnight America,18,2023-12-27T10:12:12Z
"Merk & Kremont, Ady Suleiman",Sad Story (Out Of Luck),4ajmJhzoZ8JcWtkmU3aSyy,Sad Story (Out Of Luck),37,2023-12-27T10:12:12Z
BVDLVD,Full Metal,22VnqztrjImD4VhU5GQnM7,Full Metal,28,2023-12-27T10:12:12Z
"$uicideboy$, Travis Barker",Aliens Are Ghosts,4XBDGFxecM5Y3KZFF0iufe,Aliens Are Ghosts,55,2023-12-27T10:12:12Z
$uicideboy$,Do You Believe in God?,1hSBVYwG0UPeou0ORftrxm,Grey Sheep II,56,2023-12-27T10:12:12Z
Desiigner,Panda,275a9yzwGB6ncAW4SxY7q3,Panda,63,2023-12-27T10:12:12Z
JVLA,Such a Whore,4lhUziuDKvQJu7ZW9cLmIv,Such a Whore,55,2023-12-27T10:12:12Z
Imagine Dragons,Whatever It Takes,6Qn5zhYkTa37e91HC1D7lb,Evolve,80,2023-12-27T10:12:12Z
"Skrillex, Damian ""Jr Gong"" Marley",Make It Bun Dem,6AbVJjzv7thIvmMCuhZrmK,Make It Bun Dem,64,2023-12-27T10:12:12Z
gizmo,Symbiote,0vSWgAlfpye0WCGeNmuNhy,Symbiote,14,2023-12-27T10:12:12Z
Imagine Dragons,Natural,2FY7b99s15jUprqC0M5NCT,Origins (Deluxe),79,2023-12-27T10:12:12Z
"Lil Jon, Offset, 2 Chainz",Alive (with Offset & 2 Chainz),7w8SYlPLA9bqj7vRHvYNDz,Alive (with Offset & 2 Chainz),53,2023-12-27T10:12:12Z
Sigrid,Everybody Knows,34b3PCTLUISY153eb2F72k,Justice League (Original Motion Picture Soundtrack),58,2023-12-27T10:12:12Z
Ghost,Twenties,3nae2T5GQuCVugpECx98K9,IMPERA,49,2023-12-27T10:12:12Z
YG,SWAG,5habTtFTtdeDrMfqzJPHES,My Life 4Hunnid,40,2023-12-27T10:12:12Z
JVLIAH,Kiss of Jvdas - Original Mix,0SJ67eb09va4gh0qlD2eSq,Kiss of Jvdas,34,2023-12-27T10:12:12Z
Serhat Durmus,Silence of Reality,5dVchPeZujXwRlkTG9fR1C,Silence of Reality,47,2023-12-27T10:12:12Z
Le Castle Vania,John Wick Mode,2zwcnaxahJOnYwG0H6tXTz,John Wick: Chapter 2 (Original Motion Picture Soundtrack),55,2023-12-27T10:12:12Z
Vashti Bunyan,Train Song,59BweHnnNQc5Y55WO30JuK,Some Things Just Stick In Your Mind,46,2023-12-27T10:12:12Z
"Young Stunners, Talha Anjum, Talhah Yunus, KR$NA",Quarantine,3M3pYKNo0RqLBMH80vwL8Q,Quarantine,51,2023-12-27T10:12:12Z
BAMZY,Maga Go Pay,6V0nO1HyGI3IOBxL3KqFnE,Maga Go Pay,20,2023-12-27T10:12:12Z
"Rain West, Elorm Gee",Code,2Vk8kBAyWPCoUuRhHqV3yZ,Code,0,2023-12-27T10:12:12Z
K.Flay,High Enough,1D9HQactbJoUudf9B119Y5,Every Where Is Some Where,60,2023-12-27T10:12:12Z
Wardruna,Lyfjaberg,1tYj0VcVtlF3mY8GW9UMID,Lyfjaberg,51,2023-12-27T10:12:12Z
Superwet,S.F.M.,2jslnn2dCQZ2aKhpIV5vWD,S.F.M.,1,2023-12-27T10:12:12Z
Scarlxrd,PERFECT.,6jCQ5jOlHT5g1GxNzWCO00,SCARHXURS,27,2023-12-27T10:12:12Z
Scarlxrd,RIP$AW.,6LLlsB0enVXpY2UtIrQOZt,SCARHXURS,25,2023-12-27T10:12:12Z
BONES UK,Beautiful Is Boring,6uguPVToau9mv1nDKU1JL8,Bones UK,57,2023-12-27T10:12:12Z
Leanboys,Depressed,5V2zkdP7nOmnSOhTD7TXy8,Depressed,50,2023-12-27T10:12:12Z
Coding Music,Programming,2a7atkpTHUsQ9L3sOE86uZ,"Coding Focus: Relaxing Instrumental Music to Increase your Efficiency and Concentration while Programming, Avoid Distractions, Perfect for Studying",14,2023-12-27T10:12:12Z
The Weeknd,Faith,3V937b8IsyJ0ZvVHxreiMs,After Hours (Deluxe),46,2023-12-27T10:12:12Z
Rich Brian,Dat $tick,4bdJHQp90ymjEIkkYhcENB,Dat $tick,56,2023-12-27T10:12:12Z
Stratovarius,Unbreakable,1lLhZ1NFcP1A6KSBJQlDan,Unbreakable,25,2023-12-27T10:12:12Z
Otnicka,Where Are You,7tanqB2ACecyj7AKjp5Cjq,Where Are You,53,2023-12-27T10:12:12Z
Avenged Sevenfold,God Hates Us,031uTUhyy6xmDJqmeWJBi9,Nightmare,52,2023-12-27T10:12:12Z
J Lloyd,Apocalypse,283hwD1gWItqQGJ4e2ImE8,Kosmos,38,2023-12-27T10:12:12Z
"Marcin Przybyłowicz, Percival Schuttenbach",You're... Immortal?,0cODRoSzlFqFY7jOFEFEGZ,The Witcher 3: Wild Hunt - Hearts Of Stone (Original Game Soundtrack),41,2023-12-27T10:11:58Z
"Ghostemane, Pouya",Stick Out,0jakaHRU7ubOzJTseh6tJu,Stick Out,2,2023-12-27T10:11:58Z
Sickick,Bermuda,5wE12WDUvty3rLhI19CZNF,Bermuda,40,2023-12-27T10:11:58Z
grandson,Overdose,1GYCHxZn4T6PcH1tSI1isx,Overdose,39,2023-12-27T10:11:58Z
"Boosie Badazz, Playbwoi Tha Great",Preacher Man,2ds6VwPmolpwlLhc8XxHKk,Goin Thru Some Thngs Deluxe,9,2023-12-27T10:11:58Z
Marcin Przybyłowicz,On The Champs-Désolés,5feaGSX845b2MftZHJ6AFb,The Witcher 3: Wild Hunt - Blood and Wine (Official Soundtrack),37,2023-12-27T10:11:58Z
"SWARM, I-Exist",In My Dreams,2MwrFzPLPhx12QF3xjfXjR,In My Dreams,30,2023-12-27T10:11:58Z
Pharrell Williams,Happy - Live,72K0gi3DyEuaW0kPCw0lrO,Happy (Live),44,2023-12-27T10:11:58Z
SWARM,This Is the End.,26zrE2H17139PcVYU6Qeka,This Is the End EP,20,2023-12-27T10:11:58Z
Leonard Cohen,Avalanche,2OXmMU1rITVtthEIh4A015,Songs Of Love And Hate,49,2023-12-27T10:11:58Z
Sidewalks and Skeletons,Goth (Sped up + Reverb),6VlwapDsOXFE5XPmciPcPS,Goth (Slowed + Reverb),53,2023-12-27T10:11:58Z
Barns Courtney,Fire,5w6B0sAH7XauCvMOAtplQj,The Attractions Of Youth,64,2023-12-27T10:11:58Z
Barns Courtney,Glitter & Gold,1Mf27cnAF1Q6Ko83XTM5d1,The Attractions Of Youth,67,2023-12-27T10:11:58Z
Barns Courtney,Champion,0FNLnZRNWEIbGsb8jkU2lv,The Attractions Of Youth,54,2023-12-27T10:11:58Z
"Imagine Dragons, Kaskade",Believer - Kaskade Remix,6aiHF2IbJr6lG4Vu9em8KF,Believer (Kaskade Remix),51,2023-12-27T10:11:58Z
"Sonya Belousova, Giona Ostinelli, Joey Batey",Toss A Coin To Your Witcher,7iQM9DQUFKUSNjVt8GQZV2,Toss A Coin To Your Witcher,51,2023-12-27T10:11:58Z
Miracle Of Sound,Wake the White Wolf,0clLkj1AMdB66TpLHZnazR,Level 5,4,2023-12-27T10:11:58Z
Imagine Dragons,Believer,0pqnGHJpmpxLKifKRmU6WP,Evolve,85,2023-12-27T10:11:58Z
Scarlxrd,FFS FREESTYLE.,3gl56gLkYYWsBxib1kyq5y,FANTASY VXID,23,2023-12-27T10:11:58Z
New Age Gaelic Strings,River Solo,3CKjLXPt4YjGGaTGL2RPj6,Acoustic Guitar Dreaming,0,2023-12-27T10:11:58Z
GRAViiTY,Shaman,3K1vjozGfwscDa0h7LLRJi,Graviity,36,2023-12-27T10:11:58Z
Alexis Ffrench,Rivers - Solo Piano Version,5Rwivn8wMEQ6TP6XshXhZq,The Solo Piano Collection,43,2023-12-27T10:11:58Z
Relaxing Orgel,TSUKI,4SGs3KY0NQem1YBHjQykzy,Love Story・NEVER END～安室奈美恵コレクション,8,2023-12-27T10:11:58Z
Dyroth,Destruction,4TpvYuKlrlJTRD7t47IWiO,Destruction,4,2023-12-27T10:11:58Z
Katherine Cordova,Succession Main Title Theme (piano arrangement),6UPa27J8Zf6q705uYclAnl,Piano Covers: Volume III,40,2023-12-27T10:11:58Z
Slipknot,Pulse of the Maggots,0at89DgpVeImkVrQ0htbVm,Vol. 3: The Subliminal Verses,59,2023-12-27T10:11:58Z
grandson,Blood // Water - Tom Morello Remix,6XRtVyYvR3kpos8niR3nm8,BLOOD // EDITS,32,2023-12-27T10:11:58Z
AIGEL,Татарин,4FnLGN3avuCsEyawsR3VBV,1190,45,2023-12-27T10:11:58Z
grandson,Oh No!!!,1hHn2SG7j8Ux61wWiUcXPq,Oh No!!!,47,2023-12-27T10:11:58Z
Kidz Bop Kids,Uptown Funk,06ysOBq2uR1yVhaxMWkBks,Onda FUN,0,2023-12-27T10:11:58Z
SWARM,Take Me to Hell,0Qs8gLPsl6ToR9HmdcpryZ,Take Me to Hell,34,2023-12-27T10:11:58Z
Sid & the Comeds,Mr.Bean (Episode 1 Opening Theme),4pU4C1ZK8wJgvIX6DcQGJU,Hits from TV - Sit.comedy,0,2023-12-27T10:11:58Z
"Sonya Belousova, Giona Ostinelli, Joey Batey",Toss A Coin To Your Witcher,2KMLGJ1mPfRE4GNdL92rl3,The Witcher (Music from the Netflix Original Series),53,2023-12-27T10:11:58Z
"Sonya Belousova, Giona Ostinelli, Joey Batey",The Fishmonger's Daughter,4n3axXPWHMpFBMGZ4GMhgM,The Witcher (Music from the Netflix Original Series),37,2023-12-27T10:11:58Z
"Sonya Belousova, Giona Ostinelli, Declan de Barra",The Song of the White Wolf,3oEFh0g2JrawRNdlQm7NdZ,The Witcher (Music from the Netflix Original Series),39,2023-12-27T10:11:58Z
Steve Miller Band,The Joker,1bp2IO61zbQrbWNmKKxg3f,The Joker,72,2023-12-27T10:11:58Z
Leonard Cohen,Happens to the Heart,2DkpoHJ1h88e9dyc6SFIm2,Thanks for the Dance,48,2023-12-27T10:11:58Z
Brewog Audio,Psytrance X Pargoy,2uz173KTYlUF30gbJ1EF54,Psytrance X Pargoy,15,2023-12-27T10:11:58Z
"just""",Glitter Butterfly,4IentvRmpJWPjabEqRIYhH,Glitter Butterfly,30,2023-12-27T10:11:58Z
Marcin Przybyłowicz,Geralt Of Rivia,5tmhUzJuP7XwqCHglyqnt8,The Witcher 3: Wild Hunt (Original Game Soundtrack),51,2023-12-27T10:11:58Z
Woodkid,Iron,0j1VVFif10Ib9s3U59adli,Iron,59,2023-12-27T10:11:58Z
Chris Janson,Buy Me a Boat,2WKLUgklz0VDX5bKTZ3eYD,Buy Me a Boat,64,2023-12-27T10:11:58Z
Nicholas Britell,Succession (Main Title Theme),0bSHwuTOZVJUXWT03H9oD2,Succession: Season 1 (HBO Original Series Soundtrack),59,2023-12-27T10:11:58Z
Metallica,The Unforgiven - Remastered 2021,6pAIZfkNBQh4RAiOliPo4t,Metallica (Remastered Deluxe Box Set),40,2023-12-27T10:11:58Z
"Sub Urban, REI AMI",Freak (feat. REI AMI),5jkbw3FDS3bSSb4oLKYbjf,Thrill Seeker,68,2023-12-27T10:11:07Z
"Berni Turletti, Kevin Yair",Exists Here - Kevin Yair Remix,2GpUOeE5JfeMabqDJbUv8l,Exists Here,0,2023-12-27T10:11:07Z
Miracle Of Sound,Another Round of Gwent,5Svsm047GCEOFj1d8xIamM,Another Round of Gwent,0,2023-12-27T10:11:07Z
"Sonya Belousova, Giona Ostinelli",Geralt of Rivia,1hDwBeBz3G5xVYftAjK2BQ,The Witcher (Music from the Netflix Original Series),45,2023-12-27T10:11:07Z
Lady Gaga,Government Hooker,6LGwEHsFbxt7BgDwGXqFgj,Born This Way (International Special Edition Version),66,2023-12-27T10:11:07Z
"Percival Schuttenbach, Marcin Przybyłowicz",Silver For Monsters...,1e6i6WC1SW5w6e5u5izQ19,The Witcher 3: Wild Hunt (Original Game Soundtrack),51,2023-12-27T10:11:07Z
Mikolai Stroinski,After The Storm,4DxxiT2TskPH0Xd6znaqZM,The Witcher 3: Wild Hunt (Original Game Soundtrack),50,2023-12-27T10:11:07Z
"Percival Schuttenbach, Marcin Przybyłowicz",The Song Of The Sword-Dancer,2k6KTdwvApSUnN0maOmIFb,The Witcher 3: Wild Hunt (Original Game Soundtrack),41,2023-12-27T10:11:07Z
Mikolai Stroinski,The Shrieker Contract,5nhaRM1ZqVt67Ot4wYTOMV,The Witcher 3: Wild Hunt (Original Game Soundtrack),36,2023-12-27T10:11:07Z
Microtrauma,Curve,5J0id4CmRP4rC89UmwVFYd,Curve | The Arc,29,2023-12-27T10:11:07Z
EM3S,Killing Monsters,3UYLCRBDtSYXDaiw5jlI1B,Music Inspired By The Witcher 3: Wild Hunt,13,2023-12-27T10:11:02Z
COR1EONE,Sicario,2VNhrfAAZYmGw4D0Y30FZ9,The Don Corleone EP,0,2023-12-27T10:11:02Z
Geek Music,The Witcher 3: Wild Hunt: The Wolven Storm (Priscilla's Song),3AAjrih6L1KkXNmMR9w8hf,The Witcher 3: Wild Hunt: The Wolven Storm (Priscilla's Song),31,2023-12-27T10:11:02Z
corandcrank,La Alegria,2iGrPWvc86CKfbum13fwXK,La Alegria,0,2023-12-27T10:11:02Z
Robbie Williams,Advertising Space,3EY1sjf2Xq86pQN0L4hEnU,Intensive Care,55,2023-12-27T10:11:02Z
Marcin Przybyłowicz,Blood And Wine,5Ukx5Eo3eEHiCmgNaGcf67,The Witcher 3: Wild Hunt - Blood and Wine (Official Soundtrack),42,2023-12-27T10:11:02Z
Piotr Musiał,The Slopes Of The Blessure,62b8d8SQJUtfXUWu2tD4d1,The Witcher 3: Wild Hunt - Blood and Wine (Official Soundtrack),50,2023-12-27T10:11:02Z
IC3PEAK,Смерти Больше Нет,6FX6S0Vl6tjRCTnWVqVdto,Сказка,59,2023-12-27T10:11:02Z
Skillet,Valley of Death,6yPfhJH9EjrJZMCevkN7a9,Dominion,36,2023-12-27T10:11:02Z
Marvelblings,DEADPOOL,4ynXM96tscXWsJPked5Uoy,DEADPOOL,0,2023-12-27T10:11:02Z
"Michael Leonhart, Woody Jackson","Banking, The Old American Art",4bggGrWbzCamAfsKoEuSTJ,The Music of Red Dead Redemption 2 (Original Score),35,2023-12-27T10:11:02Z
Yony x Malla,Android Start - Slut,7MPSR1uk7GecK4eClk1CC8,Android,4,2023-12-27T10:11:02Z
"2Scratch, Lox Chatterbox",Superlife,2T2t1nP72WixJKmLJgoWNY,Superlife,6,2023-12-27T10:11:02Z
Psamathes,"Gaunter O'Dimm's Theme (From ""The Witcher 3: Hearts of Stone"") - Tagelharpa Version",6NgylbvqaheG1pF1Soe4fS,"Gaunter O'Dimm's Theme (From ""The Witcher 3: Hearts of Stone"") [Tagelharpa Version]",9,2023-12-27T10:11:02Z
noturgf,Honest - Sped Up,0Qt4P9SmYBhzE5wdA4ERIl,Honest (Sped Up),53,2023-12-27T10:11:02Z
"Illiam, Dodix, Bader Azem",Lima La?,3Z4JSeqMieuyUYuYWVuTbk,Before Bed,28,2023-12-27T10:11:02Z
XrisXø,Hellblade,283ItC3YReaZ4g0A2wJoCl,XenøMørph (XXII),0,2023-12-27T10:11:02Z
Vendredi sur Mer,Chewing-Gum,52ye3YnY6o4XITA62IzCwI,Premiers émois,43,2023-12-27T10:11:02Z
Vendredi sur Mer,Les filles désir,3Cc0xsYtoaPDjVZyiPHiQ4,Premiers émois,59,2023-12-27T10:11:02Z
Watchmen,Take Me Higher,2uG2s9Jot6i2vboJn25qjR,Watchmen,9,2023-12-27T10:11:02Z
KEAN DYSSO,Stupid H.O.E,7mZ5nwu0vbyEXaxjZM5ndU,Stupid H.O.E,18,2023-12-27T10:11:02Z
"OmenXIII, Isaiah DeShon, MF Khaos",Fight Club,18XoWX7Iw943TcDRNBZ27R,Fight Club,1,2023-12-27T10:11:02Z
gizmo,Fist Made of Brick,5O2ClM66wSQQepf7Pbq51Y,Argus Panoptes,19,2023-12-27T10:11:02Z
Brandon Wilkins,Hellblade (Game Trailer Rescore),10zbMA6XS4Y8vcE4Lr6sAL,The Academic Collection,0,2023-12-27T10:11:02Z
Elnegromusic13,BAD BITCH - Beats version,4n23TNYgJwFL3874EzG4zF,BAD BITCH (Beats version),0,2023-12-27T10:11:02Z
Blanke,VOICE IN THE MACHINE,4EMb7MsyJlH5Y3xxMrkCQS,ALT.COLOUR // VOICE IN THE MACHINE,19,2023-12-27T10:11:02Z
Unaverage Gang,Wolf Creek,6yysRSN17hGEqUAIIUzy84,Wolf Creek,35,2023-12-27T10:11:02Z
KROWW,Downfall of Humanity,20MdFb08VasHX1oS5XBl6y,Downfall of Humanity,14,2023-12-27T10:11:02Z
"MVMB, Phaxe, Morten Granau",Swarm - Phaxe & Morten Granau Remix,5mAo2fm4dtCRpCz3vzCwF4,The Sleeper Must Awaken,17,2023-12-27T10:11:02Z
Serhat Durmus,Not Alone,6lTDavNwANeRtFS6NGFnXb,ME and U,42,2023-12-27T10:11:02Z
"Phaxe, Morten Granau",The Collective,4kHAdiSNZO6kfd9t0OaKQv,The Collective,37,2023-12-27T10:11:02Z
"ProXnakedmynd, Qhama Musiq",Honest,1wQ6A1Rsf5In0bP1V55IGZ,Honest,18,2023-12-27T10:11:02Z
The Prodigy,The Day Is My Enemy,5ktiAN5ZmNa3yO5ZuXnFJ2,The Day Is My Enemy,41,2023-12-27T10:11:02Z
Arvo Party,Chevy Chase,7LOgJcnCjeaSylJfjhwXvg,Nordstrom EP,14,2023-12-27T10:11:02Z
"NTO, Worakls",Trauma - Worakls Remix,1uXUZfJykefWuwj9VtyxIq,Hungry 5 (The Best of 5 Years),51,2023-12-27T10:11:02Z
Geoffplaysguitar,Silver for Monsters (from The Witcher 3),3u5rWUBEKPTZ7K0BJIskOv,Silver for Monsters (from The Witcher 3),30,2023-12-27T10:11:02Z
Marcin Przybyłowicz,The Vagabond,0Lc3coQTcMMJiiEFi7BG2z,The Witcher 3: Wild Hunt (Original Game Soundtrack),51,2023-12-27T10:11:02Z
"Kavinsky, The Weeknd",Odd Look,7xcqbjV2NfxlnJzqdRuO7E,Kiss Land (Deluxe),52,2023-12-27T10:11:02Z
Oxia,Domino,6VGNzYErt08Rai78mLkIzI,Domino Remixes,48,2023-12-27T10:11:02Z
Scarlxrd,NEW LEVEL.,6m3JzGrIrf153HjPRW62fq,Acquired Taste: Vxl. 1,27,2023-12-27T10:11:02Z
"Bhagdro, Ben Scott, Christa Michell",Chant 6 - Regular,5Dk6deMFCX1sLnSPMcNX3r,Tibetan Freedom Chants,0,2023-12-27T10:11:02Z
OmenXIII,01010011 01001001 01001110 00101110,7L5sLcbdT5qYm1ZnIqRtK1,Decode,25,2023-12-27T10:11:02Z
XXXTENTACION,King Of The Dead,46OkOaarmTsAQQFfZSsruW,LOOK AT ME: THE ALBUM,59,2023-12-27T10:11:02Z
"ivy babe, Killstation",Rollin Off,6UwDrlflBXm7JpJpotanRJ,Rollin Off,16,2023-12-27T10:10:48Z
"Coolio, L.V.",Gangsta's Paradise,1DIXPcTDzTj8ZMHt3PDt8p,Gangsta's Paradise,84,2023-12-27T10:10:48Z
The Concentration Camp,Our Philosophy,0ec3vjzdI9vVslyS3BL6Cr,Rebel Muzik,7,2023-12-27T10:10:48Z
My Chemical Romance,Cancer,0GgN4MhR5GKn5IcKN0e0rG,The Black Parade,72,2023-12-27T10:10:48Z
The Tech Thieves,Golden Throne,3AVtFBa9wwdEBWbq4gjkFD,Golden Throne,31,2023-12-27T10:10:48Z
Bellabeth,"Lullaby of Woe (From ""The Witcher 3"")",1IKde4aJYMPXBmxG0DUvb1,"Lullaby of Woe (From ""The Witcher 3"")",34,2023-12-27T10:10:48Z
Hitman Mask,The Hitman Freestyle,7bz0lnW6AVzoy11LdSbGzz,The Hitman Freestyle,26,2023-12-27T10:10:48Z
"Nick Cave, The Bad Seeds",Red Right Hand,1e5XqFTNIrlgpXGjwPSykv,텔 미 썸딩 (Original Motion Picture Soundtrack),4,2023-12-27T10:10:48Z
Tweaknh,Ridin / Born Sinner,1oD6FrvFlaqzBXCtApOAPd,Marry Christmas,0,2023-12-27T10:10:48Z
"Talamasca, Stryker",A Brief History Of Goa-Trance X-Dream,4CgKTR24uZtVQzqxKWXePs,A Brief History Of Goa-Trance,27,2023-12-27T10:10:48Z
Athyia,Apparat 'Goodbye' Dark (Netflix) Theme Song Cover,6h3ggnKhHuU0gNWVE6lVTF,Apparat 'Goodbye' Dark (Netflix) Theme Song Cover,14,2023-12-27T10:10:48Z
Martin Bakfly,The Witcher - Radio Mix,5EOqLCxifHXsnIruHsPQQX,The Witcher,0,2023-12-27T10:10:48Z
"Kambo 071, Lex_Lurk",Bandit,50pVBvkME3oVkvFoOGqwLW,Bandit,3,2023-12-27T10:10:48Z
jxdn,BETTER OFF DEAD,7MPxEoT36YBCDbrk3ng85S,Tell Me About Tomorrow,53,2023-12-27T10:10:48Z
"Jeremy Zucker, Chelsea Cutler",better off,7bdYxWPCs46dQ0XLwySOyv,glisten,56,2023-12-27T10:10:48Z
Taylor Swift,The Archer,3pHkh7d0lzM2AldUtz2x37,Lover,73,2023-12-27T10:10:48Z
Shigeru Umebayashi,Yumeji's Theme - Theme from 'in the Mood for Love',0yVq58uQ2Bp2OVADYlLHNk,Yumeji's Theme (Original Motion Picture Soundtrack),53,2023-12-27T10:10:48Z
Srod Almenara,"Hunt or Be Hunted (From ""The Witcher 3"")",0GMFpafi89j9ylAHNVZOFo,"Hunt or Be Hunted (From ""The Witcher 3"")",11,2023-12-27T10:10:48Z
SHAHMEN,No Slippin',1uSa6AGUCFoImqExFOGtwH,All in the Circle,23,2023-12-27T10:10:48Z
SHAHMEN,Mice,5DqxdtECnxWcPfgYJ1NxD8,All in the Circle,23,2023-12-27T10:10:48Z
Sofi Tukker,Swing,5rpbH7nkYanzWJejjTmggF,Swing,1,2023-12-27T10:10:48Z
TWENTYTHREE,DON'T SAVE ME,7vjNptQ5ePmkeecbuRiHv2,DON'T SAVE ME,42,2023-12-27T10:10:48Z
MR NiCE KAiS,immortal,1gDNxceC5jaTOHT0Mf8JU5,"this is not an album, mj...",0,2023-12-27T10:10:48Z
Unaverage Gang,Underworld,2OIK5BqmbOWPZCNQwt4gsN,Underworld,59,2023-12-27T10:10:48Z
Helix Databyte,True Devotion,6SIp0pxrFEqafDsNjjtsWp,Love Beyond,0,2023-12-27T10:10:48Z
Gold Geisha,Belladonna,2D20RgZ2TfdyPqTOkRozAu,Belladonna,43,2023-12-27T10:10:48Z
Brennan Savage,Look at Me Now,46eK1kembooWblMi7M7yLM,Look at Me Now,62,2023-12-27T10:10:48Z
WONTFINDUS,startup,0vjp6DC519ap1i7qt9F5TS,nino's tape,0,2023-12-27T10:10:48Z
Yes,A Venture - 2003 Remaster,0lEEA6MzI2sCYZsqIOjmc9,The Yes Album (Deluxe Edition),16,2023-12-27T10:10:48Z
OmenXIII,A Hundred Blades,1Fo8FX3HVXB6aLtthY6i1e,Underworld,12,2023-12-27T10:10:48Z
KROWW,Biomechanik,2FGD5lIY633JB3vDQk9Ska,Biomechanik,11,2023-12-27T10:10:48Z
Average electronic producer,How to Upgrade to Windows 10,12eNgWKh3LKi3dmYwArMXt,House Pills,0,2023-12-27T10:10:48Z
"Maurizio Terracina, Gil Cerezo",Hacker,0etwShJ3tiS0hlz5f33n74,Hacker,3,2023-12-27T10:10:48Z
Crankdat,Who I Am,6KuAsfNlTvXT1MLC8Tz4Fj,Who I Am,19,2023-12-27T10:10:48Z
Oscar and the Wolf,Dancing Machine,5PUlGC6K3H2wFCDMNumIyg,Dancing Machine,24,2023-12-27T10:10:48Z
CROIX HEALING,Stimulation that Pleases The brain,0XAXxrmg8Z6y8LW58rTDUO,"Brain Stress Relief Healing ""Energy Sleep""",9,2023-12-27T10:10:48Z
"Trocadero, David Levy","Now, Here",7fV9PzmV4ptznu145VJrWy,Red vs. Blue: Season 17 (Original Soundtrack),0,2023-12-27T10:10:48Z
"Maduk, Diamond Eyes",Colours,1mGe9zY9P0Kjj9RKp5MsPA,Transformations,38,2023-12-27T10:10:48Z
k0$h,better off alone,0gZfIJcLgxteBbC4VI5G4R,better off alone,0,2023-12-27T10:10:48Z
Skeler,Falling Apart,02lPNSgehiFIo7BcdCnkt0,Falling Apart,38,2023-12-27T10:10:48Z
Witchouse 40k,Idontflinch,36gmehPRUortY6l0bO4DUX,Idontflinch,53,2023-12-27T10:10:48Z
Lizzo,Jerome,3kxsEF30mM0TZWfkOv4XsS,Cuz I Love You,36,2023-12-27T10:10:48Z
Garoma,Sara,3nkOOpLgVM7AUmNh5C2ztW,Carta de Un Suicida,0,2023-12-27T10:10:48Z
Sofi Tukker,Matadora,2AtleKEZy5KkmlAj0krALx,Soft Animals EP,35,2023-12-27T10:10:48Z
"Skan, El Speaker",Herbalist (Nimez & Levr Remix),6skyGZ0SIvWgmh6Otcy8cy,Todema Remix - EP,7,2023-12-27T10:10:48Z
Night Lovell,PINK WITCH / LESSON,75HoBrwZ1GWvTsVPPlezMp,Goodnight Lovell,37,2023-12-27T10:10:48Z
ScHoolboy Q,Man Of The Year,5SsR3wtCOafDmZgvIdRhSm,Oxymoron (Deluxe),66,2023-12-27T10:10:48Z
AViVA,BLACKOUT,5gJ1UKtCQAnGEhsNE3HCyJ,VOLUME I,38,2023-12-27T10:10:48Z
"Gabriel Fauré, San Francisco Symphony, Michael Tilson Thomas","Fauré: Pavane, Op. 50",4CZq7M6hBTg77Qhp3TJHdN,Masterpieces in Miniature,45,2023-12-27T10:10:34Z
Chaos Chaos,Do You Feel It?,3lOok0REf4j3790abX26PR,Committed to the Crime,54,2023-12-27T10:10:34Z
"Bless Of Shahmen, Arts The Beatdoctor",Part of the Crow,2TMChQPC8NawLKmgcvHRJl,Lost Track of Time; Unreleased 2002-2012,22,2023-12-27T10:10:34Z
"Hotcaller, HVWKS",1800 Satan,2djZX5rfQkqrkffxNsr3mC,1800 Satan,11,2023-12-27T10:10:34Z
Hozier,Take Me To Church,3dYD57lRAUcMHufyqn9GcI,Hozier,81,2023-12-27T10:10:34Z
Night Lovell,Dark Light,2y57H6nA3vic5t8awwaS69,Concept Vague,63,2023-12-27T10:10:34Z
gizmo,Sacrifice,1umsRbM7L4ju7rn9aU8Ju6,Sacrifice,10,2023-12-27T10:10:34Z
"gizmo, Medicine Man",BRAINFOOD,1k47jyQlbcMJBGUZPPZbjl,BRAINFOOD,11,2023-12-27T10:10:34Z
SYN,Psycho,3muwzbbtusaWtqhvJG7Sti,Psycho,36,2023-12-27T10:10:34Z
FamilyJules,Apex Legend Main Theme,5ReMTZgcLntyiurlPOgciU,"Video Game Guitar Covers, Vol. 5",9,2023-12-27T10:10:34Z
MISSIO,The Darker The Weather // The Better The Man,60JeC08kgv03TAcFZcJth6,The Darker The Weather // The Better The Man,40,2023-12-27T10:10:34Z
gizmo,No Teeth,63Do5ClxtnEfssL96K1Djb,No Teeth,21,2023-12-27T10:10:34Z
Mantis,Anubis,6FyLzrbQgtCLIkkInTcZzM,The Hundred Deep EP,22,2023-12-27T10:10:34Z
Ohmie,Bleeding To Death,52uf4g9mHgdSZELVEXlE1E,Day & Night EP,25,2023-12-27T10:10:34Z
SHAHMEN,Wolf,66uMHKlAKLuXYkrrFfisnZ,All in the Circle,24,2023-12-27T10:10:34Z
SHAHMEN,Any More,1jbueQuhLGi9U5qILUVSyb,All in the Circle,18,2023-12-27T10:10:34Z
SHAHMEN,Whales,6Fnc8GAR3KLBVEeZ3KtUno,All in the Circle,19,2023-12-27T10:10:34Z
SHAHMEN,Strangers,0pVT0n4iHiKXKtyGqEg119,All in the Circle,20,2023-12-27T10:10:34Z
"NETOU, Ernstly Etienne",Down the Road,7jEArtTmS24qfMOkwEZB0N,"Music for Developers, Vol. 3",0,2023-12-27T10:10:34Z
"Secession Studios, Greg Dombrowski",Heart of Darkness,3CTccfQv5e3W2sXzik1Hzz,Heart of Darkness,42,2023-12-27T10:10:34Z
"Alok, Zafrir",Vale Vale,0sfgF2kM3yrZbkLmAbjSo6,Vale Vale,42,2023-12-27T10:10:34Z
Synthwave Nation,Cyberpunk - Darksynth,7BuBVcalbQ3dvbXqZ5dkhB,80s Music Mix,4,2023-12-27T10:10:34Z
KROWW,Reboot,5fmjTZFSuhl1xPyAzQHFYo,Reboot,11,2023-12-27T10:10:34Z
"REDZED, gizmo",Ghoul,0xq3CRoswRwp2XDiZ7jGrJ,Bohemian Psycho,39,2023-12-27T10:10:34Z
Kai Wachi,VAPULA,254p6fJEDux1OJfttBuBly,All My Demons,19,2023-12-27T10:10:34Z
KROWW,Disasterpiece,46eulo1HMGbzALmZ1MEeuG,Disasterpiece,12,2023-12-27T10:10:34Z
"Linius, Kordas, KEAN DYSSO",Black Bimmer - KEAN DYSSO Remix,2U3vS6jbMtvRitggZ27JZv,Black Bimmer (KEAN DYSSO Remix),41,2023-12-27T10:10:34Z
SHAHMEN,Mangroves - Demo,5ekGJDmVJM4aFbwj53gpZ9,Circle Box Set,15,2023-12-27T10:10:34Z
Hopout Shawn,Camera Shy,5bKR9hyCPLRltMKE19ZFJr,Seventeen,12,2023-12-27T10:10:34Z
"Ghostemane, Parv0",To Whom It May Concern,6LsMmm02qu6SOmp9JeaIyC,HUMAN ERR0R,65,2023-12-27T10:10:34Z
NEFFEX,Fight Back,6KigD0mlF4VGDYiSEzAyYw,Fight Back: The Collection,69,2023-12-27T10:10:34Z
Kura,Beast Mode,4KxqlCJNjBNwsmgzLFy3Is,Beast Mode,40,2023-12-27T10:10:34Z
"2Scratch, Swisha T",Fallen Soul,1U63hvJOAtgV2Gnx81TxzC,Fallen Soul,0,2023-12-27T10:10:34Z
"Pureojuice, Prodby CJ",Naruto UK (Hidden Drill Village),24dtpoK0gKxxLyM04kvgdl,Naruto UK (Hidden Drill Village),46,2023-12-27T10:10:34Z
KROWW,Oh My Gore,0bXXZe8q0NItgE1Yi7Qss0,Oh My Gore,18,2023-12-27T10:10:34Z
Raw sound of Iconic Cars,Nissan R34 GT-R tuned city driving,72M4s8yuZ3kHFv75WvGiQe,"Iconic Car Sounds, Vol. 1",0,2023-12-27T10:10:34Z
"SadurSad, godblessblurry",nightcore queen,1hkRaqMHu0QAoofOg0zdp3,nightcore queen,0,2023-12-27T10:10:34Z
AxiomSeason,Upgrade Station,4dL7gm2iHz1uO5PU2oQVjg,Upgrade Station,0,2023-12-27T10:10:34Z
The Tech Thieves,Forget,52RYeKK2k2haEBb6UfNHE7,Forget,40,2023-12-27T10:10:34Z
N3URO,Error,3DihMRLyVHUwRNtaUqplEc,Error,24,2023-12-27T10:10:34Z
"$uicideboy$, Germ",20th CENTURION,14SgTTYUWdcvzF0mEZbWRh,DIRTIERNASTIER$UICIDE,51,2023-12-27T10:10:34Z
Ragunde,Oh My!,02YQhxndw7MZwZ39kXTrsC,Oh My!,41,2023-12-27T10:10:34Z
Emmit Fenn,Overflow,4OuvCr4jgjYJAoC5rBLqyT,The Last Dance,36,2023-12-27T10:10:34Z
"City Morgue, ZillaKami, SosMula, Denzel Curry",DRAINO (feat. Denzel Curry),5hOnCHMwQdXOd4qfAWEhKP,CITY MORGUE VOL 2: AS GOOD AS DEAD,55,2023-12-27T10:10:34Z
"Skan, Born I",The Vision,4pjCtC3Bu6ENSriGezUIpY,The Vision,33,2023-12-27T10:10:34Z
"Supa Wave, 6ix9ine",Scumwave (feat. 6ix9ine),0Zw9h2S7JsT4b36JQtRK15,Scumwave (feat. 6ix9ine),21,2023-12-27T10:10:34Z
"Just A Gent, McCall",Iris in the Dark,4BsN2VLlvd3BBJCt7gpwkc,URCA,44,2023-12-27T10:10:34Z
Lindsey Stirling,Carol Of The Bells,0byPyCPX9mfGMiAGVZxasq,Warmer In The Winter (Deluxe Edition),68,2023-12-27T10:10:34Z
Kid Cudi,Trapped In My Mind,3fV84Z6UdxxHqfGIMmuSKg,Man On The Moon II: The Legend Of Mr. Rager,46,2023-12-27T10:10:19Z
Imagine Dragons,The Fall,6PZ2TaWkJBwlD1QxenOtpq,Smoke + Mirrors (Deluxe),37,2023-12-27T10:10:19Z
Chava Guerrero,Animate,43UCeizzKGP5GADu4HEoAa,Animate,14,2023-12-27T10:10:19Z
"Luis Bacalov, Rocky Roberts",Django,008wXvCVu8W8vCbq5VQDlC,Quentin Tarantino’s Django Unchained Original Motion Picture Soundtrack,43,2023-12-27T10:10:19Z
"City Morgue, ZillaKami, SosMula",Arson,6VCq9JcEi9EbEKl8XIdCgk,CITY MORGUE VOL 1: HELL OR HIGH WATER,44,2023-12-27T10:10:19Z
"City Morgue, ZillaKami, SosMula",PTSD,6W3kWEuBAUmpRMQo1omdoE,CITY MORGUE VOL 1: HELL OR HIGH WATER,36,2023-12-27T10:10:19Z
OmenXIII,Riot,76TN3idYvZFXHHyThf1RGG,Lifeless,14,2023-12-27T10:10:19Z
Bill $Aber,Creepin' n Lurkin',15ukV7hVfK7l8DNU785Vo8,Before Y.O.T.R. Compilation,37,2023-12-27T10:10:19Z
OmenXIII,Shut the Fuck Up,3za3kida4iJNeg146mxB39,Grim,31,2023-12-27T10:10:19Z
Kaos Anubis,After Effects Of Insanity,0NI4ZjpLCwwFoIDwBmgM2w,The After Effects Of Insanity,0,2023-12-27T10:10:19Z
Far Out,Apex,1XA70LvTgplYtHMzgB8N3A,Apex,43,2023-12-27T10:10:19Z
"J Swey, Azide, rkm.",Chakra,13tPvoX9a9We39KD633p4D,To Grant Them Eternal Rest,34,2023-12-27T10:10:19Z
BONES,MustBeARealDragWakingUpAndBeingYou,4eaXSrScP9VdnF4G0KaeDh,UNRENDERED,55,2023-12-27T10:10:19Z
Haan808,After Effect,012WAAPo1r9OkBXuwhsbWu,Lights Of Guidance,0,2023-12-27T10:10:19Z
Scarlxrd,GXLD,1dDgucIs82EtZGLHwiwcQT,IMMXRTALISATIXN,29,2023-12-27T10:10:19Z
Kuljit Bhamra,Patel Wrap,3h6QHCUx4OmpAa0q1I96UC,A Jolly Bolly Christmas,13,2023-12-27T10:10:19Z
Maybe Ange,Apex Legends : Main Theme Christmas Remix - Remix,7a5uld5oJUKNydWQrnCA37,Apex Legends : Main Theme Christmas Remix,0,2023-12-27T10:10:19Z
gizmo,Toxin,3sRfyb4OsHeKhN9yMmXdPz,Toxin,17,2023-12-27T10:10:19Z
"FB, Why G",Django,2H5vzHVoiyNxKDgYpi2MuP,High Heat,7,2023-12-27T10:10:19Z
$uicideboy$,Kill Yourself (Part III),0kEZlJh4mK1QRfb3CT5LPk,My Liver Will Handle What My Heart Can't,74,2023-12-27T10:10:19Z
The Plug,Reality,0cDYuc5tVzSjTar0s9X8Dz,Hotel,0,2023-12-27T10:10:19Z
32Stitches,Keeper of the Realm,7BMttTahOZi5n7ydjzQHOm,Keeper of the Realm,7,2023-12-27T10:10:19Z
"The Verkkars, n0thing",Flashbang dance (feat. n0thing),1GM18oRcNXermWFRzhjROm,Flashbang dance (feat. n0thing),41,2023-12-27T10:10:19Z
"2Pac, Eminem, Kastrom, Young Noble",Black Cotton,1aeh5ptgNndkonDFIyL6Y3,Loyal To The Game,39,2023-12-27T10:10:19Z
Twenty One Pilots,Heathens,6i0V12jOa3mr6uu4WYhUBr,Heathens,79,2023-12-27T10:10:19Z
Scarlxrd,"King, Scar.",3IIArPxV2jUXk2zTKbzCVx,Chaxsthexry,45,2023-12-27T10:10:19Z
Scarlxrd,Chain$Aw,3STThGLjuFSaoseZvWupmx,Chaxsthexry,40,2023-12-27T10:10:19Z
Sub Urban,Cradles,47UFoOuvrkt4khE7c5aap6,Cradles,72,2023-12-27T10:10:19Z
Alan Silvestri,The Avengers,5SXsXjVJCWeJuf7FHvgBYR,The Avengers (Original Motion Picture Soundtrack),59,2023-12-27T10:10:19Z
SHAHMEN,Mulholland,6wercamJ9a7K8wPizzkRn2,California Is Cold,32,2023-12-27T10:10:19Z
"Todays Top Hits, Top Hits Today",Top Hits Music Radio Mix,29kwXvqv2gnWfpbWDJlom8,Top Hits Today Top Hits Music Playlist 2023,15,2023-12-27T10:10:19Z
"NECROLX, phonkmama",Diablo,6HLg1jPZAwTK7mDcQP2Wuv,Diablo,31,2023-12-27T10:10:19Z
"DB Omerta, Walking Trap J3",T Shirt Gang,5MZQAhry0U0MEbrrX4L8Hh,Up the Score,4,2023-12-27T10:10:19Z
L'Orchestra Cinematique,"Love, Death + Robots - Moonlight Sonata - Epic Version",2eBA03GjT2AiSBkEXIQQRI,"Love, Death + Robots - Moonlight Sonata (Epic Version)",11,2023-12-27T10:10:19Z
"Apashe, Sway",I'm A Dragon feat. Sway - Original Mix,3E0GuO3vb5R1ZPM6KEqPZj,I'm A Dragon,37,2023-12-27T10:10:19Z
Brandon Wolf Hill Beats,suicide boys type beat,1jpelCOc7sJuOW323Wfqnh,Beat Pack,3,2023-12-27T10:10:19Z
"Chris Brown, Lil Wayne, Busta Rhymes",Look At Me Now (feat. Lil' Wayne & Busta Rhymes),3hsmbFKT5Cujb5GQjqEU39,F.A.M.E. (Expanded Edition),69,2023-12-27T10:10:19Z
Rory Webley,Joker,7yxRcqOT4KYsjFebZtgJyi,Joker,48,2023-12-27T10:10:19Z
Scarlxrd,The Purge,0BiKFgl8a6UZvJhv8v0tCb,Lxrdszn,34,2023-12-27T10:10:19Z
OmenXIII,00101111 01001101 01001001 01000001,7FjsYRC0YENZPbbklmlte3,Decode,32,2023-12-27T10:10:19Z
"Dillon Francis, G-Eazy",Say Less,55MNQkGfPC8iVtS13GV6mq,Say Less,44,2023-12-27T10:10:19Z
gizmo,Tha Creek,71UXjsULFcr9lPMdVf9sq2,Deer Boy,12,2023-12-27T10:10:19Z
"Anusha Mani, Sangeet Haldipur",Nadiya,5BqazWSXUaB9YdWBmSvABd,Carmonies - Thumri,6,2023-12-27T10:10:19Z
Matstubs,Skeptics,3gqVOHvEX30RcwREb3lwdP,Skeptics,23,2023-12-27T10:10:19Z
Pussy Riot,Organs,369ZHVk9UlOxmRcjs6XeUr,xxx,22,2023-12-27T10:10:19Z
Speezy Beatz,Who Dat Bwoy,2teoAoV30xuDuqxoALKMng,It's Our Nature,0,2023-12-27T10:10:01Z
"Katie Ladner, Katlyn Carlson, Lauren Marcus, 'Be More Chill' Ensemble",The Smartphone Hour (Rich Set a Fire),4kGanLK31axEPDEp7QbXbc,Be More Chill (Original Cast Recording),37,2023-12-27T10:10:01Z
MISSIO,Everybody Gets High,3nH3Gtm9GQVfiaYDr4AXji,Loner,55,2023-12-27T10:10:01Z
Scarlxrd,a BRAINDEAD civilisatixn,6XKUDYEbfo5zFupDkNGvrV,DXXM,28,2023-12-27T10:10:01Z
Code: Pandorum,Calvaire,64GgSqv4B2pUtN3IW1g0Dc,GOD LP,29,2023-12-27T10:10:01Z
Code: Pandorum,Renaissance,37Ey9UOMhPDVSZ7zULIs1M,GOD LP,20,2023-12-27T10:10:01Z
Night Lovell,Deira City Centre,7fm0RfFil17f017qchrnyK,Concept Vague,61,2023-12-27T10:10:01Z
Shallipopi,Elon Musk - Mixed,22EhLkrXmJveT8D77Ixzit,InterSpace 056: DJ Kush (DJ Mix),0,2023-12-27T10:10:01Z
The Tech Thieves,Fake,5d7P5eapBbN3gfce5ARfuh,Fake,60,2023-12-27T10:10:01Z
"Besomorph, Anna Pancaldi",White Line,5LbcU0Q8cdisP2qz2Tzg2Q,White Line,25,2023-12-27T10:10:01Z
"El Yera, Rouse Music",Who's online,4DB56KQhVU1jQK0qyBO3xm,Who's online,0,2023-12-27T10:10:01Z
XXXTENTACION,whoa (mind in awe),7pdF27mSDuPWhppnHAmWHa,SKINS,69,2023-12-27T10:10:01Z
DJ KLEITON,WIFI FUNK,3UQ5WzwhTalnDvlC9lppLj,WIFI FUNK,40,2023-12-27T10:10:01Z
Scarlxrd,BACKWARDS,2iKK1L8LjWkKn0kTdSfR4o,IMMXRTALISATIXN,22,2023-12-27T10:10:01Z
"Voitek Noir, Shumba Maasai",Downtime,0hTEQzVTTgw2j4CHVQCIvK,Into the Wild,0,2023-12-27T10:10:01Z
mii4uu,tiger,2ek3tpaaYOFdG2wXgNrTo6,tiger,8,2023-12-27T10:10:01Z
Lucius,Stranger Danger,6XXk2EZcBg3hbaX2HN8GyA,Stranger Danger,25,2023-12-27T10:10:01Z
grandson,Despicable,5IPT4Noqvo7bsfbWUOHcG4,a modern tragedy vol. 1,51,2023-12-27T10:10:01Z
Lana Del Rey,Text Book,4brdb8L2Cy3e9AN8IfV9l8,Blue Banisters,55,2023-12-27T10:10:01Z
2Scratch,Paper,6z9KqjnyNBxIzfjOFFdoLY,Paper,1,2023-12-27T10:10:01Z
"callmestevieray, Melkin",Advanced - Remix,4m8H5SKExY3XwJEhmADRyJ,Advanced (Remix),51,2023-12-27T10:10:01Z
Varien,Gunmetal Black,7nYnsip9gSRDpeJmwnKdNX,Gunmetal Black,36,2023-12-27T10:10:01Z
Scarlxrd,HXW THEY JUDGE,6IalShMa3X8VMVufFaBnP9,INFINITY,31,2023-12-27T10:10:01Z
Armani White,BILLIE EILISH.,27ZZdyTSQWI7Cug2d2PkqV,BILLIE EILISH.,65,2023-12-27T10:10:01Z
Travis Scott,Apple Pie,6scpNkWEmUxmKY7nYjVLsX,Rodeo,70,2023-12-27T10:10:01Z
KROWW,Automata,0ZjQfR44FiwGbBeGOTmBJp,Automata,10,2023-12-27T10:10:01Z
Post Malone,Hollywood's Bleeding,7sWRlDoTDX8geTR8zzr2vt,Hollywood's Bleeding,71,2023-12-27T10:10:01Z
Tom MacDonald,People So Stupid,3rjJAqZWPjDhsTkCmc2HcY,People So Stupid,56,2023-12-27T10:10:01Z
"DDG, Gunna",Elon Musk (feat. Gunna),6g6FfeozIEkVUXecpSq16Q,Elon Musk (feat. Gunna),50,2023-12-27T10:10:01Z
"Ghostemane, Parv0",I duckinf hatw you,6LHhaWs0HzuPhflDWiVtp1,HUMAN ERR0R,61,2023-12-27T10:10:01Z
"Epik High, HOSHI",Screen Time (Feat. Hoshi of SEVENTEEN),4yorFTfi9Tay8tG0NNK7vB,Screen Time,49,2023-12-27T10:10:01Z
Bruce Springsteen,Brilliant Disguise,0nqbZ17t9v52SCemAm1QP0,Tunnel Of Love,54,2023-12-27T10:10:01Z
Logic,Upgrade,5psz20rVFNRlt0u9cpzBpY,The Incredible True Story,43,2023-12-27T10:10:01Z
"Riovest, BigR",Mood Swings,5X2dD4MDka6hzvm7d1SfbB,Respect 2 Respect,18,2023-12-27T10:10:01Z
Andrew Seoul,"Evil Morty (From ""Rick and Morty"")",2LlOBKdMp9gjyQugJTMYwa,"Evil Morty (From ""Rick and Morty"")",34,2023-12-27T10:10:01Z
Varien,"One Shot, One Kill",46aUvme87L6s1qa6zBiNog,"One Shot, One Kill",36,2023-12-27T10:10:01Z
Tigerpalm*Bay,Tiger Tales (of the Concrete Jungle),2Jtxx7JTFeEq7vGG5mxgMV,Tiger Tales (of the Concrete Jungle),56,2023-12-27T10:10:01Z
Garbage,The Trick Is to Keep Breathing (2018 Remaster),2CcVzbgKcmGdvJGmaUHCLj,Version 2.0 (20th Anniversary Deluxe Edition),36,2023-12-27T10:10:01Z
Dead Rick,Adult Swim,5hlYeA5W8zUkO3Yh7nm7IS,Adult Swim,0,2023-12-27T10:10:01Z
Calum Scott,You Are The Reason,69vToJ9BMbbLlFZo7k7A7B,Only Human (Deluxe),76,2023-12-27T10:10:01Z
Stic Basin,The Law You Won't Be Told,0ki4gMNVRXl1H3Fh3ifHSE,Stic Basin 3,0,2023-12-27T10:10:01Z
Neoni,VILLAIN,5Y7xJHElBKXnsKQvFtTZLb,VILLAIN,45,2023-12-27T10:10:01Z
grandson,Stigmata,2dmPVqFpmhNuggEB3niC9S,a modern tragedy vol. 2,42,2023-12-27T10:10:01Z
Susie,whip,6eP6VgLktEPf4syTNScXZz,reflection,4,2023-12-27T10:10:01Z
Deezy Dibia$e,The Purge Announcement,1nHDOf4cKc9qBZsoecKMWX,The Purge,0,2023-12-27T10:10:01Z
Benjamin Bratt,Remember Me (Ernesto de la Cruz),4ljlAxfaEjO4Q4g9FMtVj4,Coco (Original Motion Picture Soundtrack),55,2023-12-27T10:10:01Z
Arctic Monkeys,One Point Perspective,1t67WYNfUxfOiwaz7SJ66b,Tranquility Base Hotel & Casino,55,2023-12-27T10:10:01Z
"Skan, Drama B, Highdiwaan",Give It to Dem,5vqPYjgDylmAeHixXx7SXd,Give It to Dem,0,2023-12-27T10:09:45Z
Dawad,Don't Be Hasty,24zZOW5N8mMbNGmwCYmchD,Right My Wrongs,3,2023-12-27T10:09:45Z
Joshoo,Stagefright,3efEwWvDrYzzozDs7Otzzb,Stagefright,0,2023-12-27T10:09:45Z
"ARTIX!, Kleavr",VENENO,2WxNLGEtStyTVOpD2TeIU5,GOLDIN,3,2023-12-27T10:09:45Z
Dexta Daps,Breaking News,48OnqvjzYG8RYuyjXGquDg,VENT,49,2023-12-27T10:09:45Z
"pradadidit, Big Yaya, FOUR50",Alexa,15E9Y8ufcjR45AtgZHsjb5,Product Then Prada,4,2023-12-27T10:09:45Z
Lindsey Stirling,Artemis,4J6N571VfJKKvuMehd4WEu,Artemis,49,2023-12-27T10:09:45Z
Bear Ghost,All at Once,29pLxlOBbLDlc8nFoC7mcg,Blasterpiece,32,2023-12-27T10:09:45Z
M Swag Johnson,Gun Placement,6NtdZNs3ziZ1YgusloqmAC,Pink Lantern,5,2023-12-27T10:09:45Z
Tha Kidd,Text Message,0QXXqL9agSh9InF8j2iN99,Text Message,14,2023-12-27T10:09:45Z
Zarollan One,Blender,5b8habx4ovxjRdT3paAlPq,Costume party,0,2023-12-27T10:09:45Z
Quavo,BIGGEST ALLEY OOP,6Q36XucqrejMId3RydVhch,QUAVO HUNCHO,47,2023-12-27T10:09:45Z
"Endor, BRKLYN",Pump It Up - BRKLYN Remix,5S8EMK8nyIlQkYnU1wyzIm,Pump It Up (BRKLYN Remix),40,2023-12-27T10:09:45Z
NF,Only One,1iAqQMUVtp5E1EYJkqZw2g,NF,46,2023-12-27T10:09:45Z
Ghostemane,Rake,6XaFrX87XsnO9VfQ5meflv,Hexada,42,2023-12-27T10:09:45Z
GARP,Kakashi (Die Legende des Sechsten Hokage),2b2c3LzDCe5Esi7rKGqO2Q,Kakashi (Die Legende des Sechsten Hokage),18,2023-12-27T10:09:45Z
winterburn,there is nothing to be afraid of,3hHbItjQktd8Ycyam2TZIJ,there is nothing to be afraid of,25,2023-12-27T10:09:45Z
須田景凪,veil,1dGF5ymTyBB2ZmOypkeU1F,porte,56,2023-12-27T10:09:45Z
Clime,Jordan Peterson,5XzmXDhZdjmCCTkPJG09hf,Jordan Peterson,3,2023-12-27T10:09:45Z
anirap,Obito Uchiha,7jtbqQN2AIPLT22RY9Tjqs,Obito,20,2023-12-27T10:09:45Z
Misfit,Disobedience,4b6Md6BIWc6wftnkhGH5Ax,Disobedience,0,2023-12-27T10:09:45Z
Sayed Ahmad,Facebook,2SwX9tJRFj8UhRNCzhPglA,Facebook,0,2023-12-27T10:09:45Z
BimBimBamBam,Python,4M3FbgNFHwXduIReVimT0a,Python,4,2023-12-27T10:09:45Z
"Skan, Lox Chatterbox, M.I.M.E, Blvkstn",Living Hell,30QdAW7g2rB8KPYcwsFbA1,Living Hell,40,2023-12-27T10:09:45Z
Yaakov Shwekey,I Am Alive,1MYX02MkxUAyvc5vre8N69,I Am Alive,27,2023-12-27T10:09:45Z
NF,Returns,2uEuo87JC9tc1dzmPUtOxj,The Search,54,2023-12-27T10:09:45Z
NF,Let Me Go,2PqSOrlabozEH6KXs7BvQr,The Search,55,2023-12-27T10:09:45Z
NF,Options,1Q3HtTFGxjmEljAw7Y0CaR,The Search,54,2023-12-27T10:09:45Z
Carlos Estella,Epic Orchestral Hybrid Action,4y37WS3443vbLJE3QJVhDN,Intense Battle Epic Music,4,2023-12-27T10:09:45Z
"Your Old Droog, MF DOOM",Dropout Boogie,7pNGCmzKPTPUbAE7gAttTE,Dropout Boogie,25,2023-12-27T10:09:45Z
"Noov, RE-FLEX",Matrix,3PbYc9rEVMMUWkZ62evWUE,Matrix,0,2023-12-27T10:09:45Z
Paramore,Last Hope,2VBluJiNj9bKohWX0dY1Lh,Paramore,56,2023-12-27T10:09:45Z
"Ty Dolla $ign, The Weeknd, Wiz Khalifa, DJ Mustard",Or Nah - Remix,0XTfNA155SVaRoDjSamimV,Bedroom - Playlist for Lovers,0,2023-12-27T10:09:45Z
"Dugzy, Trap Music Now",EVIL MORTY THEME - REMIX,1O5603ZrkqTwm4TnPgQJ1Q,HALLOWEEN REMIXES Vol. 1,1,2023-12-27T10:09:45Z
XXXTENTACION,Save Me,2UwbhMie1EAYuTZ0QXeMwl,17,70,2023-12-27T10:09:45Z
Cardona,God's Purpose,1ihTgdOVl3elQBMkw2r922,3:47,29,2023-12-27T10:09:45Z
"Boosie Badazz, C-Murder",Dear Supreme Court,5ybadvgHzdonMJOcGCkBrD,Penitentiary Chances,0,2023-12-27T10:09:45Z
Celestaby,Rest,0yOmwQZif6uj0NBzmGS9EB,First Light,58,2023-12-27T10:09:45Z
"Skan, Highdiwaan, M.I.M.E",Enough,6zT8XGtTSfjnF8m8DPjPmX,Enough,29,2023-12-27T10:09:45Z
The Geek x Vrv,Subway,1wOIdaZFlLGfzfoEbWoNDP,"Btos, Vol. 4",37,2023-12-27T10:09:45Z
Janani K. Jha,Machine Learning,71Ynbzp1UCFHrh8MBMActE,Poetic License,38,2023-12-27T10:09:45Z
seencj,heavensent,6WQ2v0GM2SPwoBgg6dk0up,heavensent,18,2023-12-27T10:09:45Z
Blood Orange,Jewelry,3boUSTv7CwQRiWuq8ZPjYi,Negro Swan,43,2023-12-27T10:09:45Z
Coding Life,"Programming, Coding & Hacking Music",7snwxP7W7JlehcXVLsvwl1,"Programming, Coding & Hacking Music Vol.1: Electronic Background Music to Enhance your Concentration, Relaxing Piano Music, Zen Sounds",0,2023-12-27T10:09:27Z
Code: Pandorum,Pyramid,37VNlQTpjTJNIUHbKPW7jV,GOD LP,21,2023-12-27T10:09:27Z
The Beatles,Eleanor Rigby,6EOKwO6WaLal58MSsi6U4W,Yellow Submarine Songtrack,59,2023-12-27T10:09:27Z
LGoony,im nebel,4mKTuwsGebKOeyrPGtcoMM,sad sad story,13,2023-12-27T10:09:27Z
Prod By FDB,adam,3wdfXiPnP9TP6edAVvoIiJ,Tune In,0,2023-12-27T10:09:27Z
Alan Walker,Alone - Sped up Remix,6dQg7J2pw9Oivp2yZKSgIf,Sped up,41,2023-12-27T10:09:27Z
たかやん,Wither,2drKrnFcNxhN7Vlu1E5IW5,Happiness and correct answer,35,2023-12-27T10:09:27Z
Lindsey Stirling,Underground,2ZRGhPlNGUCPIJjWDYdVLc,Artemis,54,2023-12-27T10:09:27Z
ROPABIEJA MC,Music To Relax And Read A Book,5XschVRg3IgwDCMJU5PbiU,Music To Relax And Read A Book,0,2023-12-27T10:09:27Z
Orca Vibes,Cruzin',5AJBduNzVoV0HqAytfUZJi,2017,0,2023-12-27T10:09:27Z
Cyraq,You Don't Exist,2N60F9SXVhD2XlvP72XM8c,You Don't Exist,19,2023-12-27T10:09:27Z
"Celldweller, Styles Of Beyond",Shapeshifter (feat. Styles Of Beyond),7yLzGp7vC3qg5FlBmUa8Rg,Celldweller (Deluxe Edition),4,2023-12-27T10:09:27Z
"Dr. Peacock, The Sickest Squad",Lose Your Mind,0KcS7iHHJmF9AfLdbUkctx,Acid Bomb,26,2023-12-27T10:09:27Z
Dolphin Smiling,"Tiny Rick Song (From ""Rick and Morty"")",6XKJQH2k7KRE2JNbgD61cK,"Tiny Rick Song (From ""Rick and Morty"")",3,2023-12-27T10:09:27Z
Reeson,Anubis - Original Mix,1JuPMs2mw1gjhQqbLeMnki,The Surge / Anubis,18,2023-12-27T10:09:27Z
Two Feet,Lost The Game,0IZRLxomNJV9mb13uVJ2Lj,Lost The Game & I Want It,51,2023-12-27T10:09:27Z
sxre!,addict!,54yKbi9ldriO3PTbSmwexC,addict!,3,2023-12-27T10:09:27Z
"safrial mudlofi, simbah rock",Dubstep,7AsyFRmvYZrZVde4pG6u4C,Dubstep,0,2023-12-27T10:09:27Z
"Latto, LU KALA",Lottery (feat. LU KALA),1JUtrCqYzJ80tcAzMbCvir,Lottery (feat. LU KALA),58,2023-12-27T10:09:27Z
"Eminem, Nate Dogg",Till I Collapse,4xkOaSrkexMciUUogZKVTS,The Eminem Show,82,2023-12-27T10:09:27Z
Bass BSTR,Electro House Drop - Bass Boosted,4XzsmQpNcz4s6C1vT2fDSy,Bass Boosted Attack,33,2023-12-27T10:09:27Z
Mandragora,"Sem Voce, Sou Ninguem",39vokRBOVdnTwRbIOadhqp,"Sem Voce, Sou Ninguem",44,2023-12-27T10:09:27Z
chlothegod,Camille,6OqDwiemWUNCb2yRzWNoza,Camille,28,2023-12-27T10:09:27Z
Lumirrixa,Witchcraft,3kP7IUx6TPY8qPTXMqKSyB,Halloween LoFi (DMCA Free),4,2023-12-27T10:09:27Z
Tosca,Doris Dub,3wFL8Zl7r1UlcBqD2zLPQm,Suzuki,36,2023-12-27T10:09:27Z
Le Lab,Wubba lubba dub dub - Dub,0X7g28sGLospHZYG9eQmEe,Sound Chemistry,0,2023-12-27T10:09:27Z
Ecco2k,Security!,7s0Omwb4joRpfzAwuxZNtS,E,46,2023-12-27T10:09:27Z
"Klevi, D1ma, Lolo",Rick & Morty,2U34H6Hj1OSqt7uAxtpKB5,Rick & Morty,0,2023-12-27T10:09:27Z
"Rick and Morty, Justin Roiland, Ryan Elder",Get Schwifty (C-131),1EISpHrGu1GGP8XndYvutD,The Rick and Morty Soundtrack,40,2023-12-27T10:09:27Z
Space Buddha,Mental Hotline,70lKMlDGNngwy8nJzV7jUN,Full Circle,23,2023-12-27T10:09:27Z
DJ PAGNOLA,Minute,5772DGxdDMCpY2udl8c9g5,Did You Know I'm Blind,2,2023-12-27T10:09:27Z
Ghostemane,Caligula,6rF4PCqJq0p4MAWgecwfIl,For the Aspiring Occultist,57,2023-12-27T10:09:27Z
Slipknot,Duality,61mWefnWQOLf90gepjOCb3,Vol. 3: The Subliminal Verses,79,2023-12-27T10:09:27Z
Axel Mammitzsch,Kapitel 02: Was ist ein Raspberry PI,2NCdWtdAfRSl0MIeklL7Nr,Raspberry PI Anleitung für Einsteiger (Step-by-Step zum ersten Raspberry Pi Projekt),0,2023-12-27T10:09:27Z
Sx1nxwy,Show Me The Will - Slowed + Reverb,4BxoA3m7EZ4uLjxnXWQtsn,Show Me The Will (Slowed + Reverb),46,2023-12-27T10:09:27Z
Lucksterr Rap,Pickle vs Musashi Rap (Lucksterr),3k5H5gHQGXArMeYZh54flX,Pickle vs Musashi Rap (Lucksterr),9,2023-12-27T10:09:27Z
Nathan DeWall,Chapter 1 - Psychology 101: How to Understand Yourself and Others,2g95wmafnZd8CZFJNKJPoS,Psychology 101: How to Understand Yourself and Others (Unabridged),11,2023-12-27T10:09:27Z
Revelries,Ayo Technology,3rdxkiSVNtrYwleW3TJMFs,Ayo Technology,46,2023-12-27T10:09:27Z
Soulja Boy,Rick & Morty,1iAWDVZem3Vx3Pb8fTUTEL,Rick & Morty,44,2023-12-27T10:09:27Z
Vairo,Nightmare,1qlPqapWRQiiFWdYkADXzy,Nightmare,38,2023-12-27T10:09:27Z
TrixsBeats,Mr. Mistretta,4JDXCEmvngK52hdYpNgSxM,Mr. Mistretta,0,2023-12-27T10:09:27Z
"khai dreams, Atwood",Questions,3a4mRzrQvtb37nom3TALFk,Nice Colors,31,2023-12-27T10:09:27Z
"Besomorph, Drama B",Stature,7DF1uR94Djgwngt6pOiyNW,Stature,0,2023-12-27T10:09:27Z
Baby Keem,HONEST,58k32my5lKofeZRtIvBDg9,DIE FOR MY BITCH,75,2023-12-27T10:09:27Z
Reeson,Amon Ra,3PdPA8ZsRj2jr9brLr22Kq,Amon Ra,12,2023-12-27T10:09:27Z
Janno Vino,Times,4Ff2xdGRcDBeYu8MHtiX6j,Bite Your Hand,0,2023-12-27T10:09:27Z
EOBeats,Jedi or Android,55sAHs34gPRRy4DuxWekbe,Jedi or Android,16,2023-12-27T10:09:27Z
Monxx,Falling (VIP),4mDCwXhl5GRtolTMZPPWN0,World of Wonk,40,2023-12-27T10:09:16Z
Geek Music,"Rick And Morty Main Theme (From ""Rick And Morty"")",5t9bEF13yBa0LfCSHG4PHc,"Rick And Morty Main Theme (From ""Rick And Morty"")",1,2023-12-27T10:09:16Z
Monxx,Wonk Train,0m4BvQqvuGXRs6jtEciMmj,Wonk Train,26,2023-12-27T10:09:16Z
Jinco,Breathe,1k1sCRQp7tM2iZQy98usHv,Breathe,32,2023-12-27T10:09:16Z
Hildur Guðnadóttir,A Bad Comedian,5x7zV8WBDXfNCkUYOffc8d,Joker (Original Motion Picture Soundtrack),30,2023-12-27T10:09:16Z
ÖZGÜR BABA,Özgür Baba (instrumental improvisation) - Instrumental,32ZS67xMHlVSLlG2Hic8lr,Özgür Baba (instrumental improvisation) [Instrumental],14,2023-12-27T10:09:16Z
Lucas King,Insane,0eSjy9QLj48xz1rOCd0v7j,Dark Piano for Dark Minds 2,2,2023-12-27T10:09:16Z
Worakls,Porto,77cHi3HzlrS8XDgue2WT8y,Utopia / Porto,54,2023-12-27T10:09:16Z
"Lofi Fruits Music, Chill Fruits Music",Character Creation,0fwiFNxLrl94URknUTFKYO,3 AM. Gaming,36,2023-12-27T10:09:16Z
Indila,Tourner Dans Le Vide,1MqzIgGsHP4cNjPboevsfq,Mini World,70,2023-12-27T10:09:16Z
CWC,Recognise and Test (A SSS),2WTOrgc5j48naKt1dzIh14,Recognise and Test (A SSS),1,2023-12-27T10:09:16Z
Unlike Pluto,Late Bloomer,0pgbDAbqVFmM7hWl1gB7YS,Late Bloomer,28,2023-12-27T10:09:16Z
"Zotiyac, Yac",Heist187 (Burbz Freestyle) [feat. Yac],63OZM3TgFI879EaoVh797g,Heist187 (Burbz Freestyle) [feat. Yac],3,2023-12-27T10:09:16Z
Christian,Bojack Horseman,0brzxYilPL1dPjOzLUxp7R,Confidenze di un Ragazzo di Provincia,2,2023-12-27T10:09:16Z
Sus,Test My Temper,6GCjzkTRSmht3DtU0UtkPd,Test My Temper,40,2023-12-27T10:09:16Z
Serhat Durmus,Astral,7G1MiTFBZpj9JcxRz88fQv,Astral,26,2023-12-27T10:09:16Z
Marilyn Manson,"EAT ME, DRINK ME",6bx6Pn4fNorI6Tjf2i7GlF,"EAT ME, DRINK ME (International Version)",33,2023-12-27T10:09:16Z
Russ,Pull The Trigger,2oy5kjcc7itM64xk00Gz2c,Pull The Trigger,46,2023-12-27T10:09:16Z
"Hadess, Fano",Hannibal Lecter,5zIeSczIzOPsGnl2HJXOG2,Hrns,17,2023-12-27T10:09:16Z
NGIncorporated,Data (proodbyng),345rvAkeHlA7Pl2PfuV1TT,Data (proodbyng),0,2023-12-27T10:09:16Z
Sickick,Mind Games,21a1k8q3DJtsF8GorRfcL8,Mind Games,69,2023-12-27T10:09:16Z
Die Antwoord,I Fink U Freeky,2wdTyQevxBPHraGsFGiyjx,Ten$ion,58,2023-12-27T10:09:16Z
Killa.R Beats,Bass Test,3fJ7nMOWC5RRuurym7SNsa,Bass Test,19,2023-12-27T10:09:16Z
XXXTENTACION,numb the pain,4rhr8LgQoPtWkQaXVPSNOO,Bad Vibes Forever,62,2023-12-27T10:09:16Z
Ghostu,RICK SANCHEZ,2z0StWLN2zOT3JywSSvth6,RICK SANCHEZ,0,2023-12-27T10:09:16Z
Sorbus Betula,Android - Club Mix,4xuNTGE4xHl8JrF1mTxgbS,Galaxy,6,2023-12-27T10:09:16Z
FCHK Ben,abstract mnvhslmn dfdfqw3,2CyhM2WZPWqtZUvfOSAimI,xxyzbvkxx numbers,0,2023-12-27T10:09:16Z
"Dr. Dre, Eminem, Skylar Grey",I Need A Doctor,70ATm56tH7OrQ1zurYssz0,I Need A Doctor,66,2023-12-27T10:09:16Z
NF,When I Grow Up,5rLyYxZNzca00ENADO9m54,The Search,69,2023-12-27T10:09:16Z
Die Antwoord,Banana Brain,6vcgMBMmbpQVj59wyLkvC7,Mount Ninji And Da Nice Time Kid,57,2023-12-27T10:09:16Z
Arcade Fire,Black Mirror,16dTcp6dokMKhm1Guz9K2W,Neon Bible,36,2023-12-27T10:09:16Z
"Derek Fiechter, Brandon Fiechter",Anubis,10Iw8uGakdmReClDvhk539,Ancient Egypt,26,2023-12-27T10:09:16Z
"Blooom, Ghost'n'ghost",Desire,6kGSosrVswAZcI9TQXSJY7,Desire,39,2023-12-27T10:09:16Z
Rick Morty,I'm Go Deep,2WOvdga3AcMQ3bfeZC9O1N,Sleepwalker,0,2023-12-27T10:09:16Z
KALEO,Way down We Go,0y1QJc3SJVPKJ1OvFmFqe6,A/B,80,2023-12-27T10:09:16Z
"DAMSTERAM, JRND, MEL, Kédo Rebelle",Lost Control (feat. Kédo Rebelle & MEL),4YIP6Fo4UXUimnsdYKLqXy,Analog EP,19,2023-12-27T10:09:16Z
Only SLiCC,Rick & Morty,2Hxx53FdVTO9eYnsbHwb68,Satire,6,2023-12-27T10:09:16Z
"Frankie AB, CAL, K.A.D",GARAGE SKANK,4Qbd7Dw7LrRXV79Xnb7e65,GARAGE SKANK,8,2023-12-27T10:09:16Z
Rone,Bye Bye Macadam,3joCfQaNHoW7xrh7dImwiN,Tohu Bohu,43,2023-12-27T10:09:16Z
The Blue Notes,Rick and Morty - Do You Feel It? - Piano Rendition,1RGBwijoKUIVq0w2jwyXJt,Rick and Morty - Do You Feel It? (Piano Rendition),3,2023-12-27T10:09:16Z
Infected Mushroom,Kazabubu,66FJ7PapGRfnb5jovSk4Nn,Friends on Mushrooms (Deluxe Edition),30,2023-12-27T10:09:16Z
XXXTENTACION,Moonlight,0gp9eRNzL7JljuOuZfOvLz,Dreamy Day,0,2023-12-27T10:09:16Z
Peter Gundry,Lilith,13BYuepHuEUmqdLKIgVkmh,Dark Magic Music,23,2023-12-27T10:09:16Z
Toismic,Boogeyman,0m2P0DjFE7NdD4q7oR6Ijc,Boogeyman,1,2023-12-27T10:09:16Z
戌神ころね,Wonky Monkey,1c5UBM8HfIANdoRTcYzGSG,Wonky Monkey,35,2023-12-27T10:09:16Z
RAINBOW.,All I Want,0q2hS3I1hhRZdxACmj6qVo,All I Want,34,2023-12-27T10:09:16Z
Lana Del Rey,Born To Die,5wEreUfwxZxWnEol61ulIi,Born To Die – Paradise Edition (Special Version),66,2023-12-27T10:09:03Z
Billie Eilish,bad guy,2Fxmhks0bxGSBdJ92vM42m,"WHEN WE ALL FALL ASLEEP, WHERE DO WE GO?",80,2023-12-27T10:09:03Z
Minsung Park,Why do I,01fuIKmjVco6OMjOwSkvZD,Frankenstein (Original Musical Soundtrack),11,2023-12-27T10:09:03Z
Rob Feather,Computer Data Audio,2YC6IVdgo1A2CVyfkBCJbk,Nest,1,2023-12-27T10:09:03Z
loneliipolicyrd,Brush,5Qf3We3iAuWUaGHOs8kzLQ,Friction,0,2023-12-27T10:09:03Z
Florence + The Machine,Jenny of Oldstones (Game of Thrones),1u0THw5xaGd7sYzJEh48Lt,Jenny of Oldstones (Game of Thrones),52,2023-12-27T10:09:03Z
Depeche Mode,Should Be Higher,3sqQ4ocD4M9fsvbHrr1Z2M,Delta Machine,42,2023-12-27T10:09:03Z
Stock Investing Beginners Guide,How Does the Stock Market Work,41dK556y9NuzAL4swhwng8,The Complete Dummies Manual for Understanding The Stock Market,7,2023-12-27T10:09:03Z
Gidexen,Knight,1b0WeCk2iFYIDcW06dDGyG,Knight,27,2023-12-27T10:09:03Z
Yuriy Melnik,Rock Solid,5Tk3CTpRZWfaMqnEjQ088Y,Rock Solid,39,2023-12-27T10:09:03Z
Big Juicy,Money Laundering,0XLEsQKhXCFQHKkDICXhz0,Trap Money Business,0,2023-12-27T10:09:03Z
Private Buddha,Practice Whatchu Preach,0aqSCql5FfFJBDlm70PxhQ,The Moodswings EP,0,2023-12-27T10:09:03Z
Dj Ciel Dxb,Indila - Dernière Danse,4OIowIlnDdfwSjGIJ3I4wO,Indila - Dernière Danse,27,2023-12-27T10:09:03Z
Burning Sexuality,Adobe Thrash,3an4Ib86BtZX61wLeQm6G3,Friday Night Shootin' 2,19,2023-12-27T10:09:03Z
just johnny,Windows,6L40Xz8coS9QWzCbXa1JJk,Windows,26,2023-12-27T10:09:03Z
Camila Cabello,Something's Gotta Give,7IL3UOlcJ6nmcCMwpnlfcA,Camila,52,2023-12-27T10:09:03Z
"Flesh, BΛNMΛSKIM",Black Crown,0LBwpoUs3Hy7158PjAeN3i,Come and See This Cruel World,23,2023-12-27T10:09:03Z
EFX,Fire Alarm,60JJIHmXz7d6JsG4G2XvQV,"EFX - Sound Effects, Vol. 3 (Footsteps, Sneeze, Laugh, Birds, Screams and More)",21,2023-12-27T10:09:03Z
Toygar Işıklı,Babam,5pMPByM8j7lmLvQCnnjqaM,Dudaktan Kalbe (Original TV Series Soundtrack),40,2023-12-27T10:09:03Z
Speed Up Unlimited,Nightcall - Sped up,72eJYiok9OghbrBmrpQQVk,Nightcall (Sped up),29,2023-12-27T10:09:03Z
Skeler,NRG,2BBaMarzDdcNlP2QUD4RBW,vibe.digital: Vol. 1,34,2023-12-27T10:09:03Z
Charles Aznavour,La bohème,2o0hVSbnkdvDDKKVNaUxnB,La Bohème (Remastered 2014),12,2023-12-27T10:09:03Z
Hector Bizerk,Rust Cohle,1yStXp7u06PabEuQGowBMa,The Second City of the Empire,1,2023-12-27T10:09:03Z
Hailey Knox,AVAILABLE FOR ME,00zYQC93zNeHzUfzVZgKdx,AVAILABLE FOR ME,44,2023-12-27T10:09:03Z
Mr Singer : Computer Science Teacher,Part One: Algorithms,5FgaXHLcjh5DUYHMG7e7j6,OCR Computer Science GCSE (Paper 2),0,2023-12-27T10:09:03Z
SHAHMEN,1985 Pt. 2 (Black Flowers),4vM7oXvksOlaKqMczYtVnD,California Is Cold,34,2023-12-27T10:09:03Z
Lorn,Acid Rain,7pM9cLbrgRGX1hHElTX92m,The Maze To Nowhere,58,2023-12-27T10:09:03Z
Günay Aktürk,Charles Bukowski Özlü Sözler,57uYvNN8Nzg1HEGBzWBMte,Charles Bukowski Şiirleri,0,2023-12-27T10:09:03Z
Halsey,Control,3SKzTIl9mW0DadTys9SFo3,BADLANDS (Deluxe),68,2023-12-27T10:09:03Z
Lorenzo Dexter,Developer,3erRRSmQVWl7dhxsEp71Bs,World,5,2023-12-27T10:09:03Z
Lana Del Rey,Born To Die,4Ouhoi2lAhrLJKFzUqEzwl,Born To Die - The Paradise Edition,74,2023-12-27T10:09:03Z
Hans Zimmer,Man of Steel - Hans' Original Sketchbook,2g2pGWexmahp35udabrwi7,Man of Steel (Original Motion Picture Soundtrack) [Deluxe Edition],32,2023-12-27T10:09:03Z
Adam Hurst,Ritual,6BT7bNJdtlQ4AdlhxOm0MH,Ritual,17,2023-12-27T10:09:03Z
Adam Hurst,Seduction,0RY0Wi8K4xX3wuwVw0HIxz,Ritual,22,2023-12-27T10:09:03Z
Adam Hurst,Longing,3BqGqK0MOHtFwySkknG1iF,Ritual,9,2023-12-27T10:09:03Z
Bruce Springsteen,Letter To You,4Ngh6rMVUCOFK30oO0iEMD,Letter To You,47,2023-12-27T10:09:03Z
"Joyner Lucas, Logic",Isis (feat. Logic),4h7qcXBtaOJnmrapxoWxGf,ADHD,63,2023-12-27T10:09:03Z
Will,Android,4ovcksaQz4VxSBWKGYe8Sp,Dreams of Revenge,0,2023-12-27T10:09:03Z
Chic Music for Freelancers,Amazing Graphic Design,3chg9Ne5DuiIH0wLIySIGM,Music for Graphic Design,0,2023-12-27T10:09:03Z
"Black Trinity, BiB",Key & Peele,0yeKNQrOkGCJQfy3NNT5ri,LYRIX,0,2023-12-27T10:09:03Z
K-12 Concepts,Punishment,2S2dNpoCyQ9Nta83RPmaN6,Kindergarten,1,2023-12-27T10:09:03Z
Bliznacite,AQUAMAN,0oB1vX8q67eq5D2iuFBHCO,AQUAMAN,30,2023-12-27T10:09:03Z
NF,The Search,2OKo7g3KfmCt3kyLvUAL0g,The Search,66,2023-12-27T10:09:03Z
Marie Laforêt,"Mon amour, mon ami",3c9zBIo62hAanrLLlMLEfB,1966-1968,49,2023-12-27T10:09:03Z
"Ke$aun, Cthg Diesel",Splurge,3prRyXFvqpcIo9e5J4MHgl,Splurge,0,2023-12-27T10:09:03Z
"Rodrigo Gallardo, Cafe De Anatolia",Kalimera,7bbrCK2N6BrH4KOpF9lvzG,Kalimera,34,2023-12-27T10:09:03Z
The Man,Charles Bukowski,5uXyE7sGWBPK2mubW3NX6K,THE MAN,1,2023-12-27T10:09:03Z
"Billie Eilish, Justin Bieber",bad guy,69u7FJV6RIbQS3VuqLPSwl,Playlist for Gamers,56,2023-12-27T10:09:03Z
JVKE,this is what heartbreak feels like,06xk2HCe7hj7ppoXwYIiqX,this is what heartbreak feels like,40,2023-12-27T10:08:28Z
OmenXIII,"Roses, Ashes",6tdgFc34S3gt88r1FSZYGi,Hacker,25,2023-12-27T10:08:28Z
dxnrm,loneliness came back,4TVBn7TbPTKjHiLke4erfn,Loneliness inside of my heart,0,2023-12-27T10:08:28Z
Scarlxrd,Heart Attack,7Cq27Qc3WRyQ3ddwVslpVZ,Chaxsthexry,54,2023-12-27T10:08:28Z
Bohnes,Middle Finger,5io1ngnNKAqFziQjdtzKGi,Middle Finger,64,2023-12-27T10:08:26Z
Kushing,Instagram vs Reality,4o6KnM9Op3iqcrlkkHUyJo,Instagram vs Reality,0,2023-12-27T10:08:26Z
"El Profesor, HUGEL",Bella ciao - HUGEL Remix,2dQzfKRaMKUCQgMpOtpLTh,Bella ciao (HUGEL Remix),61,2023-12-27T10:08:26Z
ASMR Art of Sound,"100 Tech Triggers, Pt. 2",58iiga3fw2y30dcRhtM93E,100 Tech Triggers in 6 Minutes ASMR (No Talking),1,2023-12-27T10:08:26Z
"MAN WITH A MISSION, Takuma",database,5OSiS8bliBnbktDpZqf9ab,database,35,2023-12-27T10:08:26Z
Charles Bukowski,The Genius of the Crowd,0K8eVINFRC0hOgHC7KInqI,Radio Bukowski: Edição Comemorativa Do Centenário Do Nascimento De Charles Bukowski,9,2023-12-27T10:08:26Z
"Ash, Naila",Give a Little (feat. Naila),5TjdmkuqqjkyIIVuDqyFPE,Give a Little (feat. Naila),49,2023-12-27T10:08:26Z
Raveneef,Kotlin,36WZYtB7Jd51dOxaQwn2JH,Matlab,0,2023-12-27T10:08:26Z
Grebes,One Trick Pony,1qpg6H28CYp95bvj2fj3b3,House Creature,29,2023-12-27T10:08:26Z
Stidlmusic,Python,1Ny3j5Z6EMUq5XXDkq3Iaf,Breaking the Algorithm,47,2023-12-27T10:08:26Z
Cinematic Music,True Determination (Reprise),5HDlmLWyyrLyBQKoDBywPu,The Last Rogue,2,2023-12-27T10:08:26Z
grandson,Stick Up,5ZSKZ0wMdlMi4bQ3XZXXsp,a modern tragedy vol. 1,49,2023-12-27T10:08:26Z
Lily Chantelle,Learning For Life,0JpJadJA5gVqoKbna2OcAy,Relaxing Moments,32,2023-12-27T10:08:26Z
2WEI,Gangsta's Paradise,7F5uF8DvUL1lpXYvDSJ6w8,Escape Velocity,1,2023-12-27T10:08:26Z
"Abby Viral, Sandeep Maheshwari",Inspirational Rap Quotes Motivation,4jCDg3KXpBRg34cLAxx4a9,Inspirational Rap Quotes Motivation,12,2023-12-27T10:08:26Z
Ramin Djawadi,The Night King,1aDklx1GaBqHFowCzz63wU,Game Of Thrones: Season 8 (Music from the HBO Series),52,2023-12-27T10:08:26Z
pre kai ro,Cold,35ISzM6AQ8pm3jtFC4FHXb,Cold,29,2023-12-27T10:08:26Z
"Cornerian Flight Academy, Lifted LoFi",Toasty,4BQqCfdQBaHx6J3P5UYYnX,Toasty,10,2023-12-27T10:08:26Z
"Melodic Techno, Deep House, La Mejor Música Electrónica",Charles Bukowski,6aieYnMv2zyPd0vondzx4k,Spoken Words II,0,2023-12-27T10:08:26Z
Yagih Mael,Little Do You Know Beat Cry,1bVs38kkrOosMaQCdxna9d,Little Do You Know Beat Cry,47,2023-12-27T10:08:26Z
GODs IMAGE,Vampire,5jtUEgYdHUGycdK8V8os8h,Last Night,15,2023-12-27T10:08:26Z
Audiomachine,Kneel Before the Crown,18VusunnTXR3PGOOtTyTSE,Another Sky,28,2023-12-27T10:08:26Z
Ramin Djawadi,Dracarys,1eW5pYWfahrmseEKvCyoYR,Game Of Thrones: Season 3 (Music from the HBO Series),43,2023-12-27T10:08:26Z
Colonel Bagshot,Six Day War,61ccvoqmaq0ZmJ5SC0HfxF,Colonel Bagshot,42,2023-12-27T10:08:26Z
Pitouu,Cloud Dance,7vOfAUgHjLDiHwgjAKn9c4,Cloud Dance,53,2023-12-27T10:08:26Z
Spol,Whirlwind,6mfPXjRatJn2PpWch6d4il,Self Titled,13,2023-12-27T10:08:26Z
Mirza Timucin,Android - 2T21 Edit,7zIfGsUxws8E6IB54WhQwt,2T21 Style,6,2023-12-27T10:08:26Z
Izzamuzzic,With the Lights Out,6uqZ383p2swAAx21UfGF0s,snglz,14,2023-12-27T10:08:26Z
Alan Walker,Faded,7gHs73wELdeycvS48JfIos,Faded,69,2023-12-27T10:08:26Z
Ramin Djawadi,Game Of Thrones,2kgJYQKyQ1CK5GWcCUGwwh,Game Of Thrones (Music From The HBO Series),40,2023-12-27T10:08:26Z
Mr.PianoMan,Dark,5TvgRQrNNJzcy0wpc3u4Im,Limbo,0,2023-12-27T10:08:26Z
"pre kai ro, olsem",Telephone 417,0thOgyoTzdM1046V97Q2EL,Vibe,9,2023-12-27T10:08:26Z
Eluana Nakoa,Developer,65LPtAjHBGDwKbdxeTAcyy,Only You,8,2023-12-27T10:08:26Z
Tomas Hilber,Game of Thrones Theme,70LA1qeP7w3yVVbW1R56IA,Game of Thrones Theme,0,2023-12-27T10:08:26Z
Elysha Iman,Places,3OoXbnBZiWY3RHhz31zKPj,Places,31,2023-12-27T10:08:26Z
ch4r,callback,2qPZ59J0w0C44Tzc6mT3pv,plz don't listen to this,0,2023-12-27T10:08:26Z
The Z-Super GT,In the Box,3W91Qe3IdXZZYTY21RI4km,"Z-Warriors, Vol. 4",1,2023-12-27T10:08:26Z
"Kill The Noise, AWOLNATION, R. City, Nom De Strip",Kill It 4 The Kids (feat. AWOLNATION & R.City) - Nom De Strip Remix,56yz7MaFiry0vldrL8tueJ,ALT CLASSIC,8,2023-12-27T10:08:26Z
"Night Lovell, $uicideboy$",JOAN OF ARC,1nQwi9UGdNeN1FyzGE7jDt,Goodnight Lovell,66,2023-12-27T10:08:26Z
Unlike Pluto,Worst in Me,4j29JKO2fFyxWFC384vMup,Worst in Me,49,2023-12-27T10:08:26Z
.diedlonely,fading,3iNqSjrurD6LjMg973V8bx,fading,61,2023-12-27T10:08:26Z
Big Willy Status,Hamburger Song,7eYO1fWENALLjdXo8KV2Ji,Hamburger Song,41,2023-12-27T10:08:02Z
Cyber Sonic,Android Aura,0y0x2Ktmkq5cvCzHPletEZ,Pulse Nexus Adventures,3,2023-12-27T10:08:02Z
Kris Kristofferson,Casey's Last Ride,51ixKYFELQvEYoMcWOmg34,The Essential Kris Kristofferson,40,2023-12-27T10:08:02Z
"Taska Black, Ayelle",In Your Eyes,1G0lyuhtlJozYP02pmAcb9,In Your Eyes,33,2023-12-27T10:08:02Z
Vojage Beat,Index,7fAs9rD7tuKBLuqWWbQE3L,Setup,0,2023-12-27T10:08:02Z
OmenXIII,Drop Dead,6wLtmo8wL7jYAaEXuDyMmm,Misfit,42,2023-12-27T10:08:02Z
Mozzie,Palette,52A1HqtgXF8ZFKTbX7UpFr,Palette,42,2023-12-27T10:08:02Z
Musical Athletes,Streaming,6bPDdRJrkhQVfxo172WPet,Technology (Beat Tape),1,2023-12-27T10:08:02Z
Lucas King,Urges,1UIF3VDtGYn3JtnykefNEg,Dark Piano for Troubled Souls,8,2023-12-27T10:08:02Z
Omri,Save Me,2Y7pOE9d1wVWvQj7xs0VaW,Save Me,39,2023-12-27T10:08:02Z
Apashe,Lacrimosa,7uaSDIL9QzabF2Je0FyDZ7,Requiem,52,2023-12-27T10:08:02Z
Timekeeper,Android of Freaks,0Dxp8hxcnfa3gozTQxHKif,Melody of Karma,0,2023-12-27T10:08:02Z
"Jynjo, Spritely",How do you Like it,2I53CcJAgw6NMOSzz1yl6G,How do you Like it,34,2023-12-27T10:08:02Z
"NURKO, Olivia Lunny",Sunsets,5z3Z5fSaeZt8EPVMhhT6CF,Sunsets,38,2023-12-27T10:08:02Z
"Vico C, VMZ",Rick Sanchez,47FeodAkihaVpimrF0tLUz,Rick Sanchez,30,2023-12-27T10:08:02Z
Ghostemane,Mercury: Retrograde,0UKzG4fJ1LXf6DInew5vcV,Hexada,68,2023-12-27T10:08:02Z
Feint,My Sunset - Original Mix,0GrPvrBGrxwrU7rjlwYZiH,Feint EP2,37,2023-12-27T10:08:02Z
Elly Hoyt,New Orleans,5TeCPKspIvleOGStr4PPjn,The Composers' Voice: Celebrating Australian Women Composers,38,2023-12-27T10:08:02Z
"Jordan Hoko, Syndicate",Here & Now - Original Mix,6VIst1V3lGqnSntU9DSrQA,Here & Now,10,2023-12-27T10:08:02Z
"Yellow Claw, Rochelle",Shotgun (feat. Rochelle),1CMJ5Wd3AlCbV2ki0COI7v,Shotgun (feat. Rochelle),0,2023-12-27T10:08:02Z
Adrian Guitarist,The Backwater Gospel,232b1r1jdBjpFGUJ5VoI4h,The Backwater Gospel,0,2023-12-27T10:08:02Z
Rockot,Sad Piano & Strings (Emotional Orchestral Music),6nvxMRKbRaVZetXud4oIDy,Sad Piano & Strings (Emotional Orchestral Music),0,2023-12-27T10:08:02Z
"OTR, ford.",Dawn - ford. remix,1txpWTHteqQILubrJAx4Zk,Dawn (ford. remix),35,2023-12-27T10:08:02Z
Astre,Stay in Your Bed,3kbjeSP9NDV40Mt2hPeYuD,For so Long,23,2023-12-27T10:08:02Z
"Apashe, Wasiu, CloZee",Majesty - CloZee Remix,5smzwOCtNpDrH9Fn4DaqiZ,Majesty (CloZee Remix),36,2023-12-27T10:08:02Z
"Visceral Design, anatu",dream of another way out,6K1HO1EHMuWOyy3s153BEC,mirage,30,2023-12-27T10:08:02Z
Olexandr Ignatov,Sad Piano,5y4AXgfR24qPymJ8usnteG,Piano Scenes,32,2023-12-27T10:08:02Z
Unlike Pluto,Misdiagnosed,77zuMZycF59suvFecRTZSa,Pluto Tapes: Volume 2,25,2023-12-27T10:08:02Z
Kraddy,Android Porn,7wPIWFeBgIa7IRgblqWjvq,Android Porn / Steppin' Razor,39,2023-12-27T10:08:02Z
Talpa,Perfect Psychopath,7LyIAXRCICkY7gkAVUHPg6,Artist Pack,28,2023-12-27T10:08:02Z
"Lemaitre, Jennie A.",Closer,3h5IIiL9vK5aR0DZO6jD7D,Chapter One,54,2023-12-27T10:08:02Z
Don Piano,Liar,5jDDXK57DCPsk5vAJgpUg3,Oxytocin,0,2023-12-27T10:08:02Z
Sandy Tuhatelu,KSHMR KEMENCHE,7vrL0yDyOBMdOqaFBEvkLI,KSHMR KEMENCHE,7,2023-12-27T10:08:02Z
Layto,Little Poor Me,0ZdDkK1P1K00Vugp2e8Gfd,Little Poor Me,54,2023-12-27T10:08:02Z
BleuJxy,Navigation,1SaBpCff1E6BtruFdcvQtO,Navigation,0,2023-12-27T10:08:02Z
Gaiazentrix,Is There Reality Somewhere,7G5H4baohDKwdQTiEVPhl6,Happy New Year from Goa of Ibiza 2017,8,2023-12-27T10:08:02Z
Zach Bryan,Smaller Acts,67aaFVnfvFWjxVQMd0jDb5,Zach Bryan,63,2023-12-27T10:08:02Z
David Ford,Stephen,7mLaIG3gnMHYCjFDMmaO0J,Let The Hard Times Roll,4,2023-12-27T10:08:02Z
"Jetta, Matstubs",I'd Love To Change The World - Matstubs Remix,6ce17pZwsMcYNab5IaC5MQ,I'd Love To Change The World (Matstubs Remix),57,2023-12-27T10:08:02Z
Unlike Pluto,Don't Know What To Say,10Dv3dFeyoRIBtAOsexQ3p,Pluto Tapes: Volume 1,26,2023-12-27T10:08:02Z
"A Boogie Wit da Hoodie, Kodak Black",Drowning (feat. Kodak Black),3LnOF5n1GOs01siYZXzS3p,Drowning (feat. Kodak Black),59,2023-12-27T10:08:02Z
Veorra,Secrets,2IqjGuO7ksImDwt5OxFhZ1,Emerald,29,2023-12-27T10:08:02Z
Eastern Odyssey,Ivory Tower,2sDLbyQ1JZZvrRz3EPxFLH,Sacrifice,12,2023-12-27T10:08:02Z
MythFox,Ghostblade,2JEb07hqvVlNxmCWr8AXPx,Ghostblade,21,2023-12-27T10:07:51Z
"DJ Frank, Nicky Jam, Maicol & Manuel",The Cream 2 Radio Version,41QJDX4CGsIuVNJVwaUZuM,"Underground Reggaeton ""The Best Of Radio Version"", Vol. 1",10,2023-12-27T10:07:51Z
ENFANT MINUIT,sdk ?,20EVHxlFInmfD5tiD4eRed,ENFANT MINUIT,0,2023-12-27T10:07:51Z
The Chameleons,Less Than Human,6eQUkNf5fJ7T4pdUCABYHB,Script of the Bridge (Remastered),31,2023-12-27T10:07:51Z
"Oh, Be Clever",River,4zLc6hMcOkRsGq0o19IFrC,River,32,2023-12-27T10:07:51Z
"Spook, Jay Chanel",Android,6SpgR7ak4FJqxS5Qjryjps,Unreleased Music,0,2023-12-27T10:07:51Z
Carman,No Monsters,3Y1LDVMjgPx2aRWS44iEGT,Remembering: Carman,1,2023-12-27T10:07:51Z
LAUSSE THE CAT,Toy's Story,0AEtND7F3lWkaLmJDveVyD,"The Girl, the Cat and the Tree",39,2023-12-27T10:07:51Z
"ZHU, Karnaval Blues",Still Want U,0aDPNOG0RKT9NxNe5gT6Oa,RINGOS DESERT,47,2023-12-27T10:07:51Z
Leviro,Gold,52xRalpJsWgk2AprDKvR6g,Gold,35,2023-12-27T10:07:51Z
Sentient State,Abstract Data Modules,2h7pRHZeDxqZaAugrmKAUw,Sentient Machines (Part One),1,2023-12-27T10:07:51Z
"Alan Walker, Sabrina Carpenter, Farruko",On My Way,4n7jnSxVLd8QioibtTDBDq,On My Way,72,2023-12-27T10:07:51Z
"Estelle, Kanye West",American Boy,6etwirSInfuJrSOlogS6Sh,Shine,77,2023-12-27T10:07:51Z
Ludwig Von 88,Amoureux solitaires,3lVvUBo9NymZ8XcguhsPVY,17 Plombs pour péter les tubes,6,2023-12-27T10:07:51Z
Majida El Roumi,Esmaa Albi,50WsEqp1mZwKidWg7xPdw9,Kalimat,38,2023-12-27T10:07:51Z
DOPE LEMON,Sailor’s Delight,4cbVwaPKjhVbw3pfBbehSc,Rose Pink Cadillac,35,2023-12-27T10:07:51Z
SHAHMEN,Mark,4erXxg2sYGSYRXLRcNDkRw,All in the Circle,52,2023-12-27T10:07:51Z
Dybbukk,Why is it still raining,2ZzqWl5ULmPX1prSBM9qfN,Why is it still raining,0,2023-12-27T10:07:51Z
Rhapsody,Wisdom of the Kings,7xkqn8jhdDyTpzfTloh9NN,Symphony of Enchanted Lands,40,2023-12-27T10:07:51Z
P. Louie,Games,3EVIP93Y57t2G0gAkNXORV,Games,8,2023-12-27T10:07:51Z
Russ,AINT GOIN BACK,0Y4L4iWjUH34u2qnois2fI,AINT GOIN BACK,52,2023-12-27T10:07:51Z
"pluko, pronouncedyea",Feel the Fire - Breath Vocal Mix,4YQDiUJU54ZTCh2USm4wC9,Feel the Fire (Breath Vocal Mix),43,2023-12-27T10:07:51Z
Sea of Waves,Transparent,4PDuAWcBrtLPRce5V33hHK,Echoes of Water,38,2023-12-27T10:07:51Z
"Steve Aoki, Alan Walker, ISÁK",Are You Lonely - Steve Aoki Remix,2tW75HGPzot4YzFiNSGQph,Neon Future IV (Remixes),0,2023-12-27T10:07:51Z
SHAHMEN,Suicide Drive,201o7kOcUDWzKli55itlgj,California Is Cold,32,2023-12-27T10:07:51Z
"KRANE, Lemay, Ahsha, Hex Cougar",Chemical (feat. Ahsha & Lemay) - Hex Cougar Remix,6dO718ifYwuMljavDSLTTD,Fallout (The Remixes),0,2023-12-27T10:07:51Z
"Delysid Dharma, C-TRAVIESO",Extra Dimensions - Remix,6P1NZTqAOZJN2FGGH2qRgi,Slaps (Remix),0,2023-12-27T10:07:51Z
"London Workshop Cast 2018, Adam Rhys-Charles, Joanne Maroun, Chorus",Philosophy on a Plato,2UbO1lj46hOY4GcAyCLYZS,A Theory of Justice: The Musical (Official Soundtrack),2,2023-12-27T10:07:51Z
Muhammad Samie,Maikada,772V6dUTDncT49qbtyhQMo,Maikada,39,2023-12-27T10:07:51Z
"Noah Cyrus, XXXTENTACION",Again (feat. XXXTENTACION),2S2od3hT7ceytw7d1pTRuE,Again (feat. XXXTENTACION),80,2023-12-27T10:07:51Z
"tana, Slump6s",Antisocial (feat. Slump6s),4KBJ6dFxtup8Ku4uQZcPQ8,Antisocial,60,2023-12-27T10:07:51Z
Bruce Springsteen,The Power Of Prayer,0bsFL9VF0BQCIvF2cRn0Sk,Letter To You,38,2023-12-27T10:07:51Z
imogen,narcissistic psychopath,10oQaQ7o1uSuyORAjsP6Xe,narcissistic psychopath,0,2023-12-27T10:07:51Z
"Massimo Severino, Gianfranco Campagnoli, Alessandro Tedesco, Gianfranco Continenza, Antonio Perna, Domenico De Marco, Antonio Bocchino",Thinking of Pasolini,7DYTTUs5JIoG3HbOfFu5SG,The Branched Tree (Jazz Suite in 6 Movements),0,2023-12-27T10:07:51Z
Robert Miles,Children,4wtR6HB3XekEengMX17cpc,Children (Dance Vault Mixes),69,2023-12-27T10:07:51Z
Shadoelo,AGENT ZERO (Part One),3nHoyBAnJ3NlpqcRumH3Qf,AGENT ZERO (Part One),0,2023-12-27T10:07:51Z
Halsey,Without Me,6FZDfxM3a3UCqtzo5pxSLZ,Manic,78,2023-12-27T10:07:51Z
Sound Refinery,Fallen Paradise Theme,5SkpmXV5Ut6wNejzoh38pe,FABLED LEGACY FALLEN PARADISE (Original Soundtrack),10,2023-12-27T10:07:51Z
7teen,GOLDEN SHOVEL,5GvOf9hDRDSHlzNKBTCFue,GOLDEN SHOVEL,15,2023-12-27T10:07:51Z
Koven,Eternal and You,5rCVgdqwy1s0AjUII2Oq82,Hereinafter,24,2023-12-27T10:07:51Z
"ILLENIUM, Liam O'Donnell",It’s All on U,11GtEpiLXJIjhzjKj4OBgQ,Ashes,48,2023-12-27T10:07:51Z
Y.s.r,Sweet Company - Radio Edit,7rrWuMj0dJD2HeXi1zwZ62,Sweet Company (Radio Edit),0,2023-12-27T10:07:51Z
Tula,Bullet,7vr02LLXUQXuVqX2ViLNG7,Bullet,15,2023-12-27T10:07:51Z
Lebanon Hanover,Albatross,2hTVgvV6YvG2njb8btXSOs,Why Not Just Be Solo,37,2023-12-27T10:07:51Z
Jada Faith,What makes you Happy,4jgp8nh5EvaDQo9BOVsFnN,What makes you Happy,0,2023-12-27T10:07:51Z
Kaylee Bell,Keith,7pcekwb2T8L4MIc29f9GXB,Keith,57,2023-12-27T10:07:51Z
Ash,Lost,4CjhCZTBKw75UHK0BpxjnX,Lost,26,2023-12-27T10:07:33Z
Boston 168,Oblivion,0ATgXupGnDl3MYIUC8MpfS,Oblivion,33,2023-12-27T10:07:33Z
BLOOM,Earth Breath,63S0g1NOuVCQuWjtyCOHyf,"El Mundo EP, Pt. 2",47,2023-12-27T10:07:33Z
Pink Floyd,Shine On You Crazy Diamond (Pts. 1-5),6pnwfWyaWjQiHCKTiZLItr,Wish You Were Here,65,2023-12-27T10:07:33Z
mishlawi,All Night,4jvhvr8QBAlC85ovP8zTph,All Night,44,2023-12-27T10:07:33Z
"Matt Bukovski, XiJaro & Pitch",CD,69tQN1h3qfkqoZsM4upqDM,CD (Remixes),26,2023-12-27T10:07:33Z
"Roseaux, Aloe Blacc",Strange Things,3zZqkSfGVOD9mDUeTRUgrX,Roseaux,12,2023-12-27T10:07:33Z
Lianne La Havas,Starry Starry Night,0nSBXjouhwCrQXilxQblQk,Loving Vincent (Original Soundtrack Album),44,2023-12-27T10:07:33Z
Kadebostany,Save Me,1N211SXSKS12w7IRYXo8EW,Monumental,6,2023-12-27T10:07:33Z
Demi Lovato,Fix a Heart,0fMhhdMdbC94rHHK63jwWu,Unbroken,43,2023-12-27T10:07:33Z
Made In TLV,Something Special,3l8otVnG9jHjdKMNoLVyxY,Isla Blanca,18,2023-12-27T10:07:33Z
Stidlmusic,Java,11SFr28Q42sA81dvoJh6B8,Breaking the Algorithm,43,2023-12-27T10:07:33Z
"G-Eazy, Nef The Pharaoh, P-Lo",Power (feat. Nef The Pharaoh & P-Lo),7BHEi0cFs6TVNFDvbBrAjz,The Vault,36,2023-12-27T10:07:33Z
SHAHMEN,Luck,0KaBtnFVfjDuxEYob8nmMC,All in the Circle,22,2023-12-27T10:07:33Z
"Sia, Kendrick Lamar",The Greatest (feat. Kendrick Lamar),7xHWNBFm6ObGEQPaUxHuKO,This Is Acting (Deluxe Version),64,2023-12-27T10:07:33Z
Los Meñiques De La Casa,Aprendiendo La Tabla Del 2,1yBmZnRP3cZ0v55ZbFDeiY,Las Tablas De Multiplicar,20,2023-12-27T10:07:33Z
Adem & Murat,Sad,0ublflib527oPphj218m1t,Sad,20,2023-12-27T10:07:33Z
Infraction Music,Developer,7JySvLgSQr4bgsqFC8iUtu,Developer,1,2023-12-27T10:07:33Z
lmaopay,MOVE LOOK,700uyf9fSINR6m3Thqv7Yj,MOVE LOOK,0,2023-12-27T10:07:33Z
Camo!,VR,7zIV47dUu7rWjml4jhDIyn,Waterboy,29,2023-12-27T10:07:33Z
POP IT,Android Doll,3zQLGemQr0lbJ2qTy4pxVL,Android Doll,0,2023-12-27T10:07:33Z
Prznt,Alone,62ncBoXWboKUXKZcQMLtSD,Alone,36,2023-12-27T10:07:33Z
Le Flex,Kiss Me,7m6D83BezZRNoZ06bBeRsg,...To Be Continued,25,2023-12-27T10:07:33Z
Anchorsong,Slider,7nrd6g8IWubeDZZXAp1CP5,Mother,25,2023-12-27T10:07:33Z
Just Like Magic Subliminals,You Stop Procrastinating (Extreme Productivity Subliminal),3ZeBiu1T1z134jIrgjUdSQ,Subliminals #1,26,2023-12-27T10:07:33Z
Glimmer of Blooms,Can't Get You out Of My Head,5txWBmYDYOXulUabyQvsU3,Can't Get You out Of My Head,57,2023-12-27T10:07:33Z
Ash,Keep Me,5McDChwXMGO5SvOrACiBHO,Keep Me,40,2023-12-27T10:07:33Z
FRIENDLY THUG 52 NGG,Lost Angeles,11gTRcdz4wK32fghA2vrX7,Cristoforo Colombo,65,2023-12-27T10:07:33Z
"Moderator, Josh Garrels",Words Remain,1AW4amyytwC0JNVmpVngIN,The World Within (Deluxe),54,2023-12-27T10:07:33Z
"Lofi Sleep Chill & Study, Lo Fi Hip Hop, Lofi Chillhop Gaming Streaming Work Music",Background Lofi Music,3Qy3K5ywb5dojnh1QeUjRl,Chill Background Lofi HipHop Gaming Sleeping Streaming Studying Working Music Mix Radio Playlist,0,2023-12-27T10:07:33Z
ulises,Pan Klub,4yCzla51Jn9CyVdOeSfhh9,Compilation 001,29,2023-12-27T10:07:33Z
"Isaac Chambers, Dub Princess",Mr Answer Man,4FLbGG354DMWDZrpiOaqxa,Isaac Chambers & Dub Princess,39,2023-12-27T10:07:33Z
PWNT,Shortcuts,0SCbkAQ0THHPISxeSg3bGR,Days in the Summer,42,2023-12-27T10:07:33Z
Salimi,aspect,0MShZ3mGbF1kIpmfEss7Pl,apply,5,2023-12-27T10:07:33Z
ILLENIUM,Take You Down,6f1oG9hTx3NETgV6q4rkw5,ASCEND,47,2023-12-27T10:07:33Z
ArchAngel,Your Absence,7eca56BlRCFV6vZjGlwapK,Your Absence,13,2023-12-27T10:07:33Z
Plains Inside,Mentalist,57DF0cpbbVrcnw2iBzxSAx,Mentalist,0,2023-12-27T10:07:33Z
Paintvine Soundz,Slide - 2TK23,2ZUPPyBSAAzAAvEZntrakR,"Paintvine Soundz 2TK23, Vol. 1",1,2023-12-27T10:07:33Z
Izzamuzzic,Instinct,68qoOQBUwGPLD2nBi7zcbz,Instinct,36,2023-12-27T10:07:33Z
Nancy Sinatra,Bang Bang (My Baby Shot Me Down),4JLcAU2xY90qTkTSNM1lUa,How Does That Grab You?,53,2023-12-27T10:07:33Z
"A Kay, Jay Dee",DAY NIGHT,3bxT7o9EJBkygyvamTQ1GT,DAY NIGHT,24,2023-12-27T10:07:33Z
Dusty Springfield,Spooky,3MtP9T0WF4xbIo8vqHYeXM,Dusty... Definitely,72,2023-12-27T10:07:09Z
Babalos,Snow Crystal,4FaSg6ZYnYOZNAhlIJdndm,Snow Crystal,57,2023-12-27T10:07:09Z
Stephen,Remembering Myself,1bxC2M337HfYDOr6Dx5rlW,Sincerely,39,2023-12-27T10:07:09Z
Steven Mulhall,Chapter 1 – Worrying.3 - A Young Man's Guide to Life,4wXGJHkSXqj5cnfNx5pNEX,A Young Man's Guide to Life,0,2023-12-27T10:07:09Z
"Azharudheen Rabbani Kallur, AMEEN CHEEKKOD",Noor Aagaya,5yaatVWd5bC5eKdMxI3cnC,Noor Aagaya,36,2023-12-27T10:07:09Z
"Unora, Aurila",Key,1j2uOajBXtB0dV7gmaUIwG,Key,46,2023-12-27T10:07:09Z
Lady XO,Finesse,2Tg6Laqhl0nlqYClpFvLiX,Fate,26,2023-12-27T10:07:09Z
"Ja Rule, 2Pac",So Much Pain,0hxYlurkirtTvid50RCI4z,Pain Is Love,40,2023-12-27T10:07:09Z
Kimbo Children's Music,Christopher Columbus,1u2jPUF5KCEq28hI25uu3i,Holiday Songs for All Occasions,0,2023-12-27T10:07:09Z
Lana Del Rey,West Coast,5Y6nVaayzitvsD5F7nr3DV,Ultraviolence (Deluxe),81,2023-12-27T10:07:09Z
Billie Eilish,bellyache,51NFxnQvaosfDDutk0tams,Bellyache,76,2023-12-27T10:07:09Z
"Stephane Legar, Julieta",Like That,1LO2AJj3nTiK3fztoIgucw,Like That,10,2023-12-27T10:07:09Z
"TheyLuvJohnny, TonyBadass",Gangsta Luv,5rWU1JkmQTNbOnSUHELGww,Gangsta Luv,32,2023-12-27T10:07:09Z
Zen Buddhist Art,Become an Artist,19TsFLl9pjTEDAyPrVjfHd,Creativity Music - Relaxing Inspirational Music for Artists,3,2023-12-27T10:07:09Z
Sleepy Serl,"Key, Please (For MB)",0rz04rbYwJufTCeT9oM7Az,"Key, Please (For MB)",0,2023-12-27T10:07:09Z
"Beamon, ALLEN WOLF",Funerals,5moMBZ8FAdZ3kEnGh36T0w,By the Gods,8,2023-12-27T10:07:09Z
"Tony Tonite, Soulsurfers",Ayayay,431c7vpAFxIzhr2DJTkD3y,Awake,36,2023-12-27T10:07:09Z
J. Cole,MIDDLE CHILD,2JvzF1RMd7lE3KmFlsyZD8,MIDDLE CHILD,76,2023-12-27T10:07:09Z
Edward Maya,Desert Rain (feat. Vika Jigulina),6gXFJfFXak5OWHXh6Raf8H,Desert Rain (feat. Vika Jigulina),53,2023-12-27T10:07:09Z
Disturbed,The Sound of Silence,1Cj2vqUwlJVG27gJrun92y,Immortalized,74,2023-12-27T10:07:09Z
Trevor Daniel,Falling,26XaOsDMbl0e1cVKYfkz6w,Falling,67,2023-12-27T10:07:09Z
gqtis,POOR - Sped Up,44nBUw38dEsIl83lZIH3GJ,POOR (Sped Up),39,2023-12-27T10:07:09Z
Alpha Brain Waves,Focus and Create,0qR68SzuYf2Q5KmRUksYGm,Deep Concentration and Enhanced Creativity,43,2023-12-27T10:07:09Z
"Bassnectar, Lafa Taylor",Speakerbox (feat. Lafa Taylor),3NPYT4nilQ6YW1uA8I7orI,Into the Sun,47,2023-12-27T10:07:09Z
"Rajinderpal Singh, Theprorulers, Ruxim",Kalank - Title Track,3CmOu2nj5lyTD5hUamPeps,Kalank - Title Track,0,2023-12-27T10:07:09Z
Dxrk ダーク,DO OR DIE,02SKrZwDBb7qugvNZF5Xzr,DO OR DIE,59,2023-12-27T10:07:09Z
Ben Howard,Promise,4qyfir5Yr7nfo05g6cyFMT,Every Kingdom,59,2023-12-27T10:07:09Z
Haidar Iqbal,Tum Haqeeqat Nahi Ho / Jaun Elia,6h34au2CLPMJ0GiyCPU2zE,Tum Haqeeqat Nahi Ho / Jaun Elia,3,2023-12-27T10:07:09Z
Emiway Bantai,Dhyan De,0cVMmBZ4RL8MQBBfoOJ2b9,Dhyan De,23,2023-12-27T10:07:09Z
Sickick,Lost My Way,6aF0hjxznYqUNbwErQttdn,Lost My Way,44,2023-12-27T10:07:09Z
Sickick,No Games,2zfEa4Rycm5Ayk1gbwyEgj,No Games - Single,35,2023-12-27T10:07:09Z
Omely Diz,Design,5P4mUn0uG8upqhjCo8pTO8,Design,11,2023-12-27T10:07:09Z
"Ömer Balık, DJ ORCUN, Turkish House Mafia",Eyes Of You,1fcUlGFD0USxR4AySo5lUc,Organic House EP,0,2023-12-27T10:07:09Z
Big Fame,How Hot Can It Get,4GSg7xbYjEcjsU7t82Vnp4,Habanero Sauce,0,2023-12-27T10:07:09Z
I Am King,Impossible,0aJglfKKlSuhwws0EU6Q5v,Impossible,55,2023-12-27T10:07:09Z
"DJ ORCUN, Turkish House Mafia, Ömer Balık",Eclipse,4PtyrhFqwzdCeuhT2zylWG,Eclipse,27,2023-12-27T10:07:09Z
"Alec Benjamin, Alessia Cara",Let Me Down Slowly,4wU9mfWx6dYsZ6fBihcOaj,Push Rewind,4,2023-12-27T10:07:09Z
Halfbrick,Jetpack Joyride Main Theme,5TVBHi9mXqELfrGe9BreOG,Jetpack Joyride (Original Game Soundtrack),48,2023-12-27T10:07:09Z
AURORA,Runaway,1v1oIWf2Xgh54kIWuKsDf6,All My Demons Greeting Me As A Friend (Deluxe),75,2023-12-27T10:07:09Z
Regulated Migration,No unwanted Immigration,0cLw7lJFsjwiAFbEWqhWYw,No unwanted Immigration,0,2023-12-27T10:07:09Z
Royalty Free Music Background,Arabic Trap,5CUlGGVbvJIEYQ76ByaehM,Arabic Trap,0,2023-12-27T10:07:09Z
SEV,Persona,4yyPUA0R3jFJmO8Ax8kjoJ,Persona,29,2023-12-27T10:07:09Z
Billie Eilish,when the party's over,5nuYb0qvMQ0o2GD2H5tjfJ,Sunset Vibes,41,2023-12-27T10:07:09Z
Alec Benjamin,Outrunning Karma,2W0AJEbIC2vdZTV2nVSAsg,Narrated For You,61,2023-12-27T10:07:09Z
اغاني سوفية,اغنية ابطالك يافلسطين,15dz6SSVOQoYU3vpdDh8Oo,اغنية ابطالك يافلسطين,0,2023-12-27T10:07:09Z
"MCHserfer, Refrit, Młody Świntuch",Uber Driver,60f5X5XVAiIUENT3EfTdhB,Uber Driver,2,2023-12-27T10:06:57Z
Ash,Mosaïque,3bbqxT5UGZsvTy1r3txs0t,Mosaïque,56,2023-12-27T10:06:57Z
"ENRA, dr. niar",Places,52yLl3aaIBwPVnnEWzGnyw,Blue Hour,49,2023-12-27T10:06:57Z
"Clean Bandit, Ellie Goulding",Mama (feat. Ellie Goulding),3WDIhWoRWVcaHdRwMEHkkS,What Is Love? (Deluxe Edition),49,2023-12-27T10:06:57Z
Omar Acosta,Rompe La Dompe,0SmaYtLvjCTn7V7ZPOlOos,Rompe La Dompe,0,2023-12-27T10:06:57Z
Omer Adam,Names Mimeh,3Aki0p4dSRLyywD70EeNFp,Names Mimech,22,2023-12-27T10:06:57Z
Emiway Bantai,Khatam,251VdhnEdo9kxdQ7xeGuc3,Khatam,35,2023-12-27T10:06:57Z
Cj Borika,No Good,45gnoufxPluN1xYBh0IAPh,No Good,36,2023-12-27T10:06:57Z
932sounds,Low Life (Sped Up) - Outro Ver.,3NzMBb4YmdXns8z9ECOLQZ,Low Life (Sped Up) [Outro Ver.],23,2023-12-27T10:06:57Z
"Mohammed Irfan, Arijit Singh, Saim Bhat",Phir Mohabbat,2b2HutIDmoeBnnKRWDLAtV,Murder 2,65,2023-12-27T10:06:57Z
"Strangers with Guns, Rollins Band",Lost In Space,7Ls4YYlj2b39LCal42bQ6S,Lost In Space,3,2023-12-27T10:06:57Z
Mahmut Orhan,Age of Emotions,0JXG1k1kleTMnPVgFU3Zcw,Buddha Bar Clubbing by Ravin,39,2023-12-27T10:06:57Z
Emiway Bantai,Mera Bhai Mera Bhai,7hWbvIBPY294wex115wsry,Mera Bhai Mera Bhai,25,2023-12-27T10:06:57Z
J.Rose,Talent,1vt3L0mR3FL0UvVK6ymsyy,Talent,0,2023-12-27T10:06:57Z
Mc Arris,Tipping Point - Radio Edit,5pny2rryNtsOwugpkIVH4P,Tipping Point,0,2023-12-27T10:06:57Z
Ash,Daydream,3MMORRC7FoTjlKNrI6hvgU,Daydream,45,2023-12-27T10:06:57Z
"benny blanco, Selena Gomez, J Balvin, Tainy","I Can’t Get Enough (benny blanco, Selena Gomez, J Balvin, Tainy)",1WSGTYKLEpKfNQYYW5Oymt,"I Can’t Get Enough (benny blanco, Selena Gomez, J Balvin, Tainy)",59,2023-12-27T10:06:57Z
Devil dubster,My zone,4DVMkcsVytssfRcHeLnu4b,Kit eeepeee,0,2023-12-27T10:06:57Z
Binary One,Consciousness,5k7FW9EOM1Xaxr1qdRCQzj,Origin of I,26,2023-12-27T10:06:57Z
PXRKX,MARLBORO CLUB,2AlFZH3uIA6IYesRZUby7k,MARLBORO CLUB,57,2023-12-27T10:06:57Z
"Pritam, Javed Ali, Irshan Ashraf, Shadab",Tu Hi Haqeeqat,3OLFqbd9ZeVjaUKTiaLsD6,Tum Mile (Original Motion Picture Soundtrack),68,2023-12-27T10:06:57Z
Lous and The Yakuza,Hiroshima,7iLRVEuWHbVGu7g4xSEvDr,IOTA,33,2023-12-27T10:06:57Z
Sigma 7,Time Lapse - Original Mix,7ca5P4VZFMboGKtuYlwzej,Time Lapse,4,2023-12-27T10:06:57Z
"Diana Ross, MOTi",If The World Just Danced - MOTi Remix,7kEh6jNlJOAhC0lv6XV3iw,If The World Just Danced (MOTi Remix),42,2023-12-27T10:06:57Z
slowbro,Wannabe - slowed + reverb,0UwauTXCOF4FLdGL5ZWBIa,90s music + slowed + reverb,9,2023-12-27T10:06:57Z
Jay Filson,The Middle - Acoustic,3ndoPpeiNjwEtIltH9oxyX,The Middle (Acoustic),39,2023-12-27T10:06:57Z
"Young Stunners, Talha Anjum, Talhah Yunus",Dear Zainab,4FfvkJIFTyApVamNlbotKV,Rebirth,25,2023-12-27T10:06:57Z
3kStatic,Design and Practice Ambush,29pHW3LRGwX7SwPfhHpFGV,The New Truth (Expanded Edition),0,2023-12-27T10:06:57Z
Emiway Bantai,Giraftaar,6ZXWOoXJo052TYQ6l0SrJf,Giraftaar,34,2023-12-27T10:06:57Z
"The Cinematic Orchestra, Patrick Watson",To Build A Home,54KFQB6N4pn926IUUYZGzK,Ma Fleur,72,2023-12-27T10:06:57Z
Badin Cadmus,Design,0LYugXCl5hrMIc9WiPioSS,Option,5,2023-12-27T10:06:57Z
Hardtekk Channel,Oh Hello,0t5QPgc20KMEKRAROwavZ6,Oh Hello,6,2023-12-27T10:06:57Z
Talhah Yunus,Black Panther,2ylTVYkPrQ3hQRQeX0iCFR,Black Panther,25,2023-12-27T10:06:57Z
Widespread Panic,Expiration Day,4zYe0ta9sW1X2h1mnvokt1,"12/31/13 Philips Arena, Atlanta, GA",3,2023-12-27T10:06:57Z
BTS,Telepathy,6Fnvi5QnVkTskSzeRvvQds,BE,62,2023-12-27T10:06:57Z
Gyptian,Wine Slow,7iR5sSLTH2ACtcbLpntsdR,Wine Slow,42,2023-12-27T10:06:57Z
Coldplay,Glass of Water,6bRjYP2M9N0vpsBBXFZSH1,Viva La Vida (Prospekt's March Edition),34,2023-12-27T10:06:57Z
"Kordhell, Scarlxrd",I'M THE DEVIL,5WNBGRcXWeoXrXJHrQqodi,PSYCHX,49,2023-12-27T10:06:57Z
Russ,Flip,3JJH0Vdu6XPD5ibEgNPbTA,Flip,36,2023-12-27T10:06:57Z
Faru Beatz,ADAM,2QBX5d3tJv00TuEsUJmYYD,ADAM,0,2023-12-27T10:06:57Z
Latino Music Beats,FUCK TRAP BEAT,4oJOutnV6iS9xGAOHVs140,FUCK TRAP BEAT,0,2023-12-27T10:06:38Z
Warriyo,Mortals,11uvudmvZBzG2ztQsOB5sF,Mortals,67,2023-12-27T10:06:38Z
"Hex Cougar, Sara Skinner",Silence,4uvCnR0UcnaAmwDi4fxE9u,Silence,24,2023-12-27T10:06:38Z
turntable symphony,instructions of life - edit,5exEQp1ArO2dck6Dkavt9G,Instructions of Life,2,2023-12-27T10:06:38Z
Adam Richardson,Shout To Basedgod,0OYi9bwrshvtFk38ToSMQa,The Trap,7,2023-12-27T10:06:38Z
Russ,Do It Myself,5mB1bWU8VueYVxuvcLPn2B,There's Really A Wolf,52,2023-12-27T10:06:38Z
Russ,What They Want,3pndPhlQWjuSoXhcIIdBjv,There's Really A Wolf,69,2023-12-27T10:06:38Z
Russ,Pull The Trigger,57evRskKe47TvzG96SLLTM,There's Really A Wolf,58,2023-12-27T10:06:38Z
Becky G,Todo Cambio,7xmSBVIpcke2BKhnevn8Up,Todo Cambio,40,2023-12-27T10:06:38Z
"Atif Aslam, Pritam",Tu Jaane Na,4iFPsNzNV7V9KJgcOX7TEO,Ajab Prem Ki Ghazab Kahani (Original Motion Picture Soundtrack),66,2023-12-27T10:06:38Z
NF,Let You Down,52okn5MNA47tk87PeZJLEL,Perception,76,2023-12-27T10:06:38Z
Memphis May Fire,Misery,6gfUOprNMeD8amncMOSFl0,Remade In Misery,66,2023-12-27T10:06:38Z
"2Pac, K-Ci & JoJo",How Do U Want It,1ZB2zIoc8AjSuyqKRcJgbO,Greatest Hits,64,2023-12-27T10:06:38Z
Party Tyme,11 Minutes (made popular by Yungblud and Halsey ft. Travis Barker) [backing version],4GQ7a10bO8cMbMcB8mKuyv,Pop Group Hits 1 - Party Tyme (Backing Versions),1,2023-12-27T10:06:38Z
inLabyrinth,Mexican Standoff,3jKojymGwbF6PwpkedfZVR,Mexican Standoff,0,2023-12-27T10:06:38Z
Hd of Bearfaced,Mongoose,58dZ48oCSPwkFjuxgwfjGm,New Haircut,1,2023-12-27T10:06:38Z
A. Yarmak,Hydrogen,0WkGDL0tLRf0v1sj4S8nZY,Hotline Miami Goes Metal,35,2023-12-27T10:06:38Z
Soundgarden,Black Hole Sun,2EoOZnxNgtmZaD8uUmz2nD,Superunknown (Deluxe Edition),76,2023-12-27T10:06:38Z
Paranoize,Turnaround,5fQ1AtmkOJdRo8lmE5xXLJ,Turnaround,0,2023-12-27T10:06:38Z
The Wonder Kids,The Virgin Mary Had a Baby Boy,08d9LIQ0y82duEC1CV6zkF,Kids Sing Christmas,9,2023-12-27T10:06:38Z
"Andrew, OKnice, Love Ulysses",novella,5wcefe12yxZTaIjr3L8OQY,"don't forget me, bluest.",0,2023-12-27T10:06:38Z
Emmit Fenn,Painting Greys,2Eh0J9SM2SzKnw5spcHJ1B,Prologue,43,2023-12-27T10:06:38Z
Geek Music,Pirates Of The Caribbean - Main Theme - He's A Pirate,1HXchhExSIsJODlUyAXPlB,Pirates Of The Caribbean - Main Theme - He's A Pirate,51,2023-12-27T10:06:38Z
"Compound, DJ Pain 1, Conté",Ozzy O,3WM40SpRmDcSzK6Wzlv6Wd,Ozzy O,16,2023-12-27T10:06:38Z
Logic,Man Of The Year,5U6HACLkmJFWvC75pnxPdw,YS Collection Vol. 1,45,2023-12-27T10:06:38Z
"Camila Cabello, Daddy Yankee",Havana - Remix,3whrwq4DtvucphBPUogRuJ,Havana (Remix),58,2023-12-27T10:06:38Z
Russ,Waste My Time,5oiw1qJYD0AvHegdvrHQDH,Waste My Time,34,2023-12-27T10:06:38Z
"Eurythmics, Annie Lennox, Dave Stewart",Miracle of Love,6noSuYjYAXxM91DEaTAaFy,Greatest Hits,52,2023-12-27T10:06:38Z
DHARIA,Sugar & Brownies,16ih0TTm4REIQuYBMPTHm8,Sugar & Brownies,1,2023-12-27T10:06:38Z
J. Cole,Window Pain - Outro,5Lgqu1th1KqlG97OF2gWGe,KOD,51,2023-12-27T10:06:38Z
Dj Gecko,Zombie Attack 2.0,5MrzTwYcLIIzA29Jyvq6Co,Ritmoz Latinoz [The Complete Collection Part 2],2,2023-12-27T10:06:38Z
Russ,Goodbye,0e8CxZ3UlZIIV3ZRkzHN34,Goodbye,50,2023-12-27T10:06:38Z
Anas Otman,Paradise Love,3ACSSsjPHMI2vjcrpGnN8f,Paradise Love,9,2023-12-27T10:06:38Z
Logic,Ballin,17N5FdRwJuv3UXQ7MHnbhF,Uncle Drew (Original Motion Picture Soundtrack),61,2023-12-27T10:06:38Z
"Sachin-Jigar, Priya Saraiya, Divya Kumar",Sun Saathiya - Lofi Mix by L3AD,6l7MsekT9Le9GvAkn5ZTVH,Sun Saathiya (Lofi Mix by L3AD),45,2023-12-27T10:06:38Z
Double I-MC,Bollywood Lover (Deepest Shades of India Mix),49wtjrF0PLZhNvTB4VvsBO,Summer Pool Party,0,2023-12-27T10:06:38Z
Russ,Yung God,2plFaDNZayLbtA9Ht1yCEo,Yung God,54,2023-12-27T10:06:38Z
Solteros Musical,Simon Blanco,5AXsPqKX51kyYGrnVKRYHu,Par de Anillos,17,2023-12-27T10:06:38Z
Schnauzer To Play,Moon Landing,4RIKEcblkBIxYElB46oSp5,Moon Landing,0,2023-12-27T10:06:38Z
"Emiway Bantai, Thoratt",Boht Hard,47YzanbEklKAacFnTlVr1l,Boht Hard,23,2023-12-27T10:06:38Z
"Russ, Paulina, TOTEM",99,1mYspPm4Xyc4Ct01iLVd3m,99,41,2023-12-27T10:06:38Z
Gregory Alan Isakov,Liars,6rnkuqqkFBFTABuUQLvW8y,Gregory Alan Isakov with the Colorado Symphony,45,2023-12-27T10:06:38Z
Bukowski,You're Probably Gonna Hate This,7LcX0YS33JRZM44Eb5XVw5,Grow Up. Give Up. Let Go,2,2023-12-27T10:06:38Z
Kanye West,Facts (Charlie Heat Version),3MnbXlC1N7GdS9M8HzA6no,The Life Of Pablo,55,2023-12-27T10:06:38Z
Russ,The Otherside,29PrY4Aj8gDAykTj9GCSUI,The Otherside,40,2023-12-27T10:06:38Z
Escape the Fate,Reverse This Curse,5RPgCCt3yss6ObolXJIx9F,Dying Is Your Latest Fashion,47,2023-12-27T10:06:29Z
Magdalena Bay,Killshot,2tdNI4jmNQkOT41LSTSA17,Killshot,64,2023-12-27T10:06:29Z
"KSHMR, Tigerlily",Invisible Children,2tOVPOp7vjoq2nonNFQJO6,Invisible Children,34,2023-12-27T10:06:29Z
Warstories,Constructive Deconstruction,0b95I5fSFKLYxJU91v1540,Conscious Healing,2,2023-12-27T10:06:29Z
TATRAN,The Elephant,58GoQfhMLShXL2BiYmJzau,Foresee,5,2023-12-27T10:06:29Z
Imagine Dragons,Bad Liar,147V5VjASBACOtfTnPBHTF,What A Lie,42,2023-12-27T10:06:29Z
NCT 127,Superhuman,0TU7xhMfZbI1okpLyHptFV,NCT #127 WE ARE SUPERHUMAN - The 4th Mini Album,40,2023-12-27T10:06:29Z
mgk,Till I Die,7rq7HvZrCie7MmiGm8pUVC,General Admission (Deluxe),52,2023-12-27T10:06:29Z
Earth Sounds,Water Trickles,6OP5jbWVUCjtMtKLKG69S5,City Garden Volume 4,0,2023-12-27T10:06:29Z
Cameron DeLuca,Zen Moments,2MCfiEjyT3Jb1A6D3IT2AD,Relaxation Time,31,2023-12-27T10:06:29Z
"Http//:riri, kzhtin",Introvert,0ik9nHNJzwTcpdZVqgye9J,Introvert,0,2023-12-27T10:06:29Z
Scared Of Bears,Taxidermy,2Usuaq3aCvBJ351zMfSdDU,The Art of Taxidermy,13,2023-12-27T10:06:29Z
Fink's Constant,Facebook,6KCSZafupOA57JhqnLqKRD,Hanging by a Thread,0,2023-12-27T10:06:29Z
Russ,"Psycho, Pt. 2",26OhjtaTamFocE08t83ml6,"Psycho, Pt. 2",67,2023-12-27T10:06:29Z
"Bckash, H BLOCK 57th AVE",Why do all the gangstas go,5pYSKloZ0Ko2SrGhAQTupR,Why do all the gangstas go,0,2023-12-27T10:06:29Z
"Ardian Bujupi, Capital T",ANDIAMO,0GIQeAELQSy10NHp3AUE0L,ANDIAMO,46,2023-12-27T10:06:29Z
LPB Poody,Batman,1xMvdOFQaql3EBkHmuh2TK,Batman,68,2023-12-27T10:06:29Z
"Serhat Durmus, BÖ, Ecem Telli",Elimi Tut (feat. Ecem Telli),0HS08diM8VNq8zyEi1B0Zi,Elimi Tut (feat. Ecem Telli),42,2023-12-27T10:06:29Z
Ministry,Thieves,6KCthSzW230fnf6IygPaI0,The Mind Is a Terrible Thing to Taste,44,2023-12-27T10:06:29Z
Filan Gustavos,Quick Sub - Single Version,3YZdiFR61uq9DGJKyKKYQr,Universe,6,2023-12-27T10:06:29Z
Mason Averyy,If Not More,1EdaBouel4x0swmzQcQd6w,Inside,0,2023-12-27T10:06:29Z
Wintergatan,Marble Machine,79PEMaBeMMkeNfcF7f0iWE,Marble Machine,44,2023-12-27T10:06:29Z
"RayoNix, Milli Peace",Homeboyz (Title Track),7jXKEy23ZkF5ryJayGwvmE,Homeboyz,18,2023-12-27T10:06:29Z
Erealist,Miss PoohNanny,3fcBcbhoqTc7xPytqPq1mi,Miss PoohNanny,8,2023-12-27T10:06:29Z
Nutcase22,Captain (whistle),2GPh676erhgaOyMRmQNOc6,Captain (whistle),43,2023-12-27T10:06:29Z
"Epicure, Nirad",Celebridy,59GdTLO934XnNrlcfkEiR7,Celebridy,7,2023-12-27T10:06:29Z
"Ozzy Osbourne, Elton John",Ordinary Man (feat. Elton John),6eEYGGFfFbtKHCgJM4uh9v,Ordinary Man (feat. Elton John),50,2023-12-27T10:06:29Z
2Pac,Ghost,7mOjQ8GJHSItGNJ0vk7GW5,Resurrection (Music From And Inspired By The Motion Picture),44,2023-12-27T10:06:29Z
سيرين عبد النور,لو بص في عيني,5aJK0AXVQSjkJKUD1UcYyU,عليك عيوني,40,2023-12-27T10:06:29Z
Passenger,27,1b6YAHd6shxkWbOjCr0tSI,Whispers (Deluxe),30,2023-12-27T10:06:29Z
CORBiN,castle walls.,2TNaVxapzowHpFlvyrxgXb,castle walls.,0,2023-12-27T10:06:29Z
MC Hammer,U Can't Touch This,1B75hgRqe7A4fwee3g3Wmu,Please Hammer Don't Hurt 'Em,71,2023-12-27T10:06:29Z
"Lou Filou, vlows",Smoke,267ezYnJSvxKaWj6I1wxcc,Smoke,13,2023-12-27T10:06:29Z
DJ NY KUSTOMZ,Quick Fix - Instrumental,09Owrd9nzAHQj8Cu5VS0Qt,Quick Fix (Instrumental),7,2023-12-27T10:06:29Z
"Larry June, Cardo Got Wings",Gas Station Run,6AyF6EkfLHufgTW2iKRooa,Into The Late Night,46,2023-12-27T10:06:29Z
Sweeper,laminar flow,0oBUkOT0V78JCoHaBAFntk,Laminar Flow,23,2023-12-27T10:06:29Z
5500REMI,Cup Like Carrie,2R1ZKY76JRCJPqHsMVFVeQ,Cup Like Carrie,0,2023-12-27T10:06:29Z
Klur,Floating,4qzIWW9yArNdpuqc9SbtJH,Floating,51,2023-12-27T10:06:29Z
Dqj,Pantry,6vjPRCRhr8OrGICEjjR5MX,Stay Alive,0,2023-12-27T10:06:29Z
"DNDM, Hussein Arbabi",Dubai (Hussein Arbabi Remix),1VNAGi3gYuZIFA3t9nbC9G,Dubai (Hussein Arbabi Remix),44,2023-12-27T10:06:29Z
Slipknot,A Liar's Funeral,4wOgNWU6Y6mixNZcimJqDv,We Are Not Your Kind,47,2023-12-27T10:06:29Z
"2Pac, Outlawz",U Can Be Touched,5yZfpcZE2sPP8GB7K07gHK,Still I Rise,34,2023-12-27T10:06:29Z
Iss 814,Bingo,3Va6xk7vutGGhT8mP8zeBg,Bicrave,0,2023-12-27T10:06:29Z
"Diego Villacis DVM, Crish Ramirez, Defab, Luandy",Buena Vida Mala Fama,4eFGad8Vt5kcVrNkHU0soW,Buena Vida Mala Fama,32,2023-12-27T10:06:29Z
"Crush, j-hope",Rush Hour (Feat. j-hope of BTS),5aucVLKiumD89mxVCB4zvS,Rush Hour,58,2023-12-27T10:06:29Z
Serena,Safari,1kgGt2MeLTDLv3Z9e8jAtF,Dance Hits 2018,10,2023-12-27T10:06:29Z
"Otnicka, Duke Luke",Peaky Blinder,2ccERNgupCOr0XjIikHDKJ,Peaky Blinder,57,2023-12-27T10:06:12Z
Topsy Crettz,Overdose,1INoFgdTKkGkgHy2GM1daX,Overdose,31,2023-12-27T10:06:12Z
"Kisuk4, Speksyx, Jaegershu, rwetgi",Fukk Codered,12ur7YRLbt1NfyEak7Dsm2,Fukk Codered,0,2023-12-27T10:06:12Z
Bruxxo,Piranhas,1j4yoHPBlSCX76P15qvUHb,Piranhas,0,2023-12-27T10:06:12Z
Sickatriz,A Game That We All Lose,3Qa3BQVzXBbD8jrbVLjcUi,A Game That We All Lose,0,2023-12-27T10:06:12Z
Sixtfeet,Dont care what you say,3K8iB3Iossfr72NJvOEjLu,Dont care what you say,0,2023-12-27T10:06:12Z
"TroyBoi, Nefera",On My Own,0Oe98pXkRP4PtUWdKWkHZo,"V!BEZ, Vol. 4",44,2023-12-27T10:06:12Z
"Omkar Singh, Nishit Basumatary, Harris Jayaraj, Sameer Anjaan","Zara Zara (From ""Rehnaa Hai Terre Dil Mein"")",3F4yiQHVw4c8XsXWeTmIDL,"Zara Zara (From ""Rehnaa Hai Terre Dil Mein"")",36,2023-12-27T10:06:12Z
"2Pac, Outlawz",Hit 'Em Up - Single Version,0Z2J91b2iTGLVTZC4fKgxf,Greatest Hits,79,2023-12-27T10:06:12Z
"Y Celeb, Xaven, Jae Cash, Briyo",They Lie,2GfcJPrmhkfyIWn5o4NUil,They Lie,0,2023-12-27T10:06:12Z
"Louis Hawk, nobuddy",why do we dream?,1nBDDVvwPmCdpjt4r4vu9m,why do we dream?,15,2023-12-27T10:06:12Z
"Sanam, Simran Sehgal",Yeh Raaten Yeh Mausam,00oiWWOX0SL1UICReGtoLy,Rewind With Sanam,46,2023-12-27T10:06:12Z
Gabbie Hanna,Medicate,4NABgXAy2jfxwHILWAB0aP,2WAYMIRROR,1,2023-12-27T10:06:12Z
Night Lovell,Still Cold / Pathway Private,4aXit1CKxL80R1qruHns8h,Red Teenage Melody,58,2023-12-27T10:06:12Z
Crystal Rain,My Son,2PKgtmxKHDZTuQzUTzxZFi,Shower Thoughts (Steamy Edition),0,2023-12-27T10:06:12Z
Rachel Feinstein,Dick Pics,52CevcDbKmD7fvQqFSXl0Y,Only Whores Wear Purple,31,2023-12-27T10:06:12Z
Levizy 501,Thomas shelby,6lUjK4OmEKiQXJWS7uCAQ5,Thomas shelby,4,2023-12-27T10:06:12Z
"2Pac, E.D.I. Mean, Young Noble",The Uppercut,1SgENhaSaWJ9OWci6zRAvD,Loyal To The Game,42,2023-12-27T10:06:12Z
"Havana, Yaar",I Lost You - Radio Edit,05rm5OoJaVWImXZ4GMkekr,I Lost You,45,2023-12-27T10:06:12Z
Imagine Dragons,Bad Liar,2RSHsoi04658QL5xgQVov3,Origins (Deluxe),78,2023-12-27T10:06:12Z
Busta Rhymes,Touch It,3HVJbdz0V402U5YggQK4Ao,The Big Bang,54,2023-12-27T10:06:12Z
"Guang Weiran; Xian Xinghai, Guang Weiran, Xian Xinghai, Various Artists",Defending the Yellow River,5s2zv0Af8Ma7XHFl3fQrzq,Masterpieces of Chinese Chorus Songs,1,2023-12-27T10:06:12Z
"Fuerza Regida, Marshmello",HARLEY QUINN,6CvTEtGagmzQvkUzzyKR9k,Pa las Baby's Y Belikeada,78,2023-12-27T10:06:12Z
Offthewally,Citrus,5p2hs4ynLWyJvWXyGRseCq,Citrus,49,2023-12-27T10:06:12Z
Legendary Young Treynez,2pac Time,4CrLePW8JSWSqIQnJiojQw,2morrow Ain't Promised,5,2023-12-27T10:06:12Z
"D-Block Europe, Clavish",Pakistan,4iZTNyPJuxpWmfjUQRDwBY,DBE World,58,2023-12-27T10:06:12Z
"Ghxst.mm, Nazbeenone",Jeffery Dahmer,1EYIZA8Dp7UGJdvur8BjBa,Make America Slime Again,0,2023-12-27T10:06:12Z
Yashal Shahid,Sajna,2YJORD2YXFoIDhiqD3bLKg,Sajna,52,2023-12-27T10:06:12Z
White Knight Instrumental,Shorty Wanna Be A Thug,1J7Ks5gMBeggUrzC0E4oer,Instrumental Covers of Tupac Shakur / 2Pac,1,2023-12-27T10:06:12Z
Neuman,Deleted Files,61pIuMpkS687obAZ4jk6yJ,Crashpad,19,2023-12-27T10:06:12Z
Geek Music,"Gravity Falls Main Theme (From ""Gravity Falls"")",12jnnXbCDmbGsdTyfkCh5r,"Gravity Falls Main Theme (From ""Gravity Falls"")",38,2023-12-27T10:06:12Z
Cavalier,A Thousand Things,4xopv70iWzp8B7gGJkS9HE,Trouble,0,2023-12-27T10:06:12Z
Megan Thee Stallion,Sex Talk,6hbg57wH6SyIDnPzwLeeXc,Fever,52,2023-12-27T10:06:12Z
"Daddy Yankee, Katy Perry, Snow",Con Calma - Remix,4au7FRcgZzChASRYu279xH,Con Calma (Remix),58,2023-12-27T10:06:12Z
Bobby Shmurda,Hot N*gga,19gEmPjfqSZT0ulDRfjl0m,Hot N*gga,67,2023-12-27T10:06:12Z
BLVKOUT,Bad Guy,322g6pE5ZzY61AytjMRqOP,Bad Guy,0,2023-12-27T10:06:12Z
"Emmit Fenn, OCULA",Do You Feel The Same? - OCULA Remix,7MNXk2wXG0NNrNWT7grUyC,Do You Feel The Same? (OCULA Remix),42,2023-12-27T10:06:12Z
"29sono, Ka$hKid Pac, prod.reddmillz",No Fear,178X1wUcAj3e9mnwn0SZ4U,As Above So Below,0,2023-12-27T10:06:12Z
"G-Eazy, E-40, Jay Anthony",Far Alone (feat. E-40 & Jay Ant),7f1M8ElwbsDozUiWkoAN3I,These Things Happen,49,2023-12-27T10:06:12Z
"2Pac, Rappin' 4-Tay",Only God Can Judge Me (ft. Rappin' 4-Tay),7sKt5Y2zJpYw78iAxndB8y,All Eyez On Me,65,2023-12-27T10:06:12Z
Gurbax,Boom Shankar,4RVOFKvNboJBHwiEvqBHne,Boom Shankar,41,2023-12-27T10:06:12Z
"Lil Dicky, Fetty Wap, Rich Homie Quan",$ave Dat Money (feat. Fetty Wap & Rich Homie Quan),1TkWsnheqK0gBtvh07BtNX,Professional Rapper,57,2023-12-27T10:06:12Z
Tony Joe White,Homemade Ice Cream,4mSi8bXPR9c6PflB73ixSw,Homemade Ice-Cream,43,2023-12-27T10:06:12Z
YNW Melly,Murder on My Mind,7eBqSVxrzQZtK2mmgRG6lC,I AM YOU,75,2023-12-27T10:06:12Z
2Pac,Only Fear Of Death,2O7IOXYAOhbc8lkMLhKNTz,R U Still Down? [Remember Me],42,2023-12-27T10:06:12Z
Kid Cudi,Marijuana,2GtaNlidzvK3hY78kCdsHa,Man On The Moon II: The Legend Of Mr. Rager,55,2023-12-27T10:04:55Z
NXRTHSTXR,CAKED UP,7LoM14c8ZznhUqcGxc5T2k,CAKED UP,3,2023-12-27T10:04:55Z
RAPBATTLE-ENS,Hard Trap Beat | Freestyle Type Beat (PLAYER) | RAP BEATS,6jNcvEqaivEH1CyU65O12M,Hard Trap Beat | Freestyle Type Beat (PLAYER) | RAP BEATS,0,2023-12-27T10:04:55Z
ZAYN,Satisfaction,2CBQw0vCPn9lLRyWPyEHyk,Icarus Falls,44,2023-12-27T10:04:55Z
Ghostbone,Swear Words,6ALxz6r01abwLxxklqcupE,Ghosts with Bones,0,2023-12-27T10:04:55Z
Sheikh Abd El Baset Abd El Samad,Al Azan 1,5R3KC8SWFmN7GjjwMnvRJl,Al Azan Collection,7,2023-12-27T10:04:55Z
Dream Theater,Paralyzed,7DCLX6EC3qcwW9Cz38DJ8O,Distance Over Time (Bonus track version),38,2023-12-27T10:04:55Z
Esaias Orchestra,Snake Song,6Kn9wjgyHInSehJG636Rj4,Words,0,2023-12-27T10:04:55Z
Żwirek,Oasis,4dTL82j5Vp4XXtcXfqHcnk,Oasis,17,2023-12-27T10:04:55Z
RAPBATTLE-ENS,Hard Trap Beat | Freestyle Type Beat (POWERFUL) | RAP BEATS,2cVOJwwHzQKK5hlA0oLUJS,Hard Trap Beat | Freestyle Type Beat (POWERFUL) | RAP BEATS,0,2023-12-27T10:04:55Z
Ramin Djawadi,A Song of Ice and Fire,1AvLUHxSunGMWWRfEFmWSC,Game Of Thrones: Season 8 (Music from the HBO Series),56,2023-12-27T10:04:55Z
Clunse,Gece Yarısı,7zWqfNLZZ2MDv1biKF9yOa,Gece Yarısı,0,2023-12-27T10:04:55Z
Odiseabeat,Type Beat Reggae Instrumental Rap Reggae HipHop,4aXSwyVS9zqVKlPShrmlmS,Type Beat Reggae Instrumental Rap Reggae HipHop,6,2023-12-27T10:04:55Z
"SHAHMEN, EMR3YGUL",Mark - Emr3ygul Remix,3w3Fz7Zesm8BY5pnCw1k49,Mark (Emr3ygul Remix),46,2023-12-27T10:04:55Z
"Aniruddha Sastry, Adithi Sagar",Gully Boy,152oXX6NM2bhaUh5gLVeP0,Raana,15,2023-12-27T10:04:55Z
Ed Sheeran,Perfect - Acoustic,5T6bJp3XgwT0IaCfKMxmAu,Perfect (Acoustic),56,2023-12-27T10:04:55Z
Myriter,Top,2RwB5xWNMdfRXYy3cWYtcB,Top,14,2023-12-27T10:04:55Z
EDEN,Wake Up,73l2r0EXDHqgC63HL0Xtci,End Credits,53,2023-12-27T10:04:55Z
"Roy Jones Jr., Mr Magic, Trouble",Can't Be Touched (feat. Mr. Magic & Trouble),3zmduBNsQ6BPDTZAkXzG5K,"Body Head Bangerz, Vol. 1",71,2023-12-27T10:04:55Z
The Workers,Lorna - Papi Chulo... Te Traigo el Mmm (The Workers Remix),6o7sFGGswNGbg4QU5UzC7K,Lorna - Papi Chulo... Te Traigo el Mmm (The Workers Remix),0,2023-12-27T10:04:55Z
SUS Coptic Diocese,Response to the Acts,3otxjB1Z1RkQpPORZOcJnU,Kiahk: Hymns & Praises of the Advent Fast,14,2023-12-27T10:04:55Z
"Reay, Carry Minati",Bye Bye Pewdiepie,6cuFWqE7RI5QwfuecqPxFP,Bye Bye Pewdiepie,15,2023-12-27T10:04:55Z
"Mahmut Orhan, Colonel Bagshot",6 Days,5ilKR6ucV43TXQFLoLVpsb,ONE,53,2023-12-27T10:04:55Z
"Faydee, Leftside",Habibi Albi,60fFwimwllbxqq5kgME3zy,Habibi Albi,41,2023-12-27T10:04:55Z
"ZAYN, Sia, Brooks",Dusk Till Dawn (feat. Sia) - Brooks Remix,799ZJmqIOCy589IzlTZ0Wy,Dusk Till Dawn (The Remixes) (feat. Sia),45,2023-12-27T10:04:55Z
"Amitraj, Shreya Ghoshal","Rang Jarasa Ola - From ""Jhimma 2""",1N4KozO5ojcne75yzu5GmZ,Jhimma 2 (Original Motion Picture Soundtrack),18,2023-12-27T10:04:55Z
"Alvaro, JETFIRE",Guest List - Extended Mix,2xCos2zqSa7Jn1AwXr593t,Guest List (Extended Mix),25,2023-12-27T10:04:55Z
EDEN,drugs,3OXpdrHLT4IqM76RajgM6Q,i think you think too much of me,54,2023-12-27T10:04:55Z
"Wesavelli, prodbyjrose",Google Freestyle,22cgHepqMzCctyKvukpWvq,Google Freestyle,8,2023-12-27T10:04:46Z
Sero Produktion Beats,Habibi - Arabic Hip Hop Beat Mix,0ETlL7NOlkVgBsrkN3fSow,Oriental Rap Beats & New Trap Instrumentals,6,2023-12-27T10:04:46Z
"Sabina Dana, Dafi Derti",E kom pas,1hc6t6HRdHvqKo2etdTNJs,E kom pas,37,2023-12-27T10:04:46Z
ZAYN,Good Years,6CJLdpuz4utMTypcE8kUG3,Icarus Falls,56,2023-12-27T10:04:46Z
"Plame Okt, Cece",Plus de love - Remix,1L5gQQcV1Slzmf5LF10ABf,Plus de love (Remix),1,2023-12-27T10:04:46Z
"Badshah, Aastha Gill",Heartless (feat. Aastha Gill),7Leg0jYdxn3rRtQgwG6lyR,ONE (Original Never Ends),47,2023-12-27T10:04:46Z
Dj Manik,Nagin Dance - EDM Drop Mix,415at8Yib2pjPNBMU92neg,Nagin Dance,0,2023-12-27T10:04:46Z
"Maninder Buttar, Raftaar",Gall Goriye,4GKW7NpwsA1gUs77aVxeuN,Gall Goriye,24,2023-12-27T10:04:46Z
DJ AMXN,Dil Luteya,2syfKMO3UREuhX7OeRwmwT,Amxn Edits 003,16,2023-12-27T10:04:46Z
Dj Kass,Scooby Doo Pa Pa,21VdUxr9dpCC4A6pmqIryB,Scooby Doo Pa Pa,50,2023-12-27T10:04:46Z
Eminem,Venom - Remix,6kUaRtXf19fu5IQWjmwsEJ,"Last One Standing (feat. Polo G, Mozzy & Eminem) [From Venom: Let There Be Carnage]",52,2023-12-27T10:04:46Z
Genta Ismajli,Dy Dashni,2bRSY0GtswDCftAcEmXpzF,Dy Dashni,27,2023-12-27T10:04:46Z
Parijat,Most Beautiful Splendor,0vxUtBteWywQp7D6IopUnt,Buddha Garden,43,2023-12-27T10:04:46Z
Darshan Raval,Tera Zikr,0OfaueVeRebAfWsAHajj3z,Tera Zikr,60,2023-12-27T10:04:46Z
"Salish Matter, Nidal Wonder",THE TRUTH ABOUT THEIR FEELINGS,5RPRnhQJZIZutm5kK2Sj5d,THE TRUTH ABOUT THEIR FEELINGS,44,2023-12-27T10:04:46Z
PARTHOB,Tu Hi Haqeeqat (Slowed and Reverb),06QvfK2z7P9f3E94vvF9xW,Tu Hi Haqeeqat (Slowed and Reverb),0,2023-12-27T10:04:46Z
Krun,NADIR LATENT,1fmlw2OjV0UCMrK1U0Rn2a,NADIR LATENT,0,2023-12-27T10:04:46Z
DJ Kantik,Kul,2tE7RudE4JHwDP2TMU0jtS,Zooo,36,2023-12-27T10:04:46Z
Darshan Raval,Tera Zikr,1TVGIzxrXAmuhZnOn2vIC1,Hits Of Darshan Raval (Blue Family),63,2023-12-27T10:04:46Z
"B Genius, Edita Sopjani, Overlord",Seniorita,7bUtfnvCQOs0AIGhNJVP62,Seniorita,12,2023-12-27T10:04:46Z
Rob C,Google Translate,07Xio51dh4A3Eam115Ugkr,Google Translate,3,2023-12-27T10:04:46Z
"Neha Kakkar, Tony Kakkar",Oh Humsafar,7Kfuk1S0nmjzRiAnezoC6j,Oh Humsafar,50,2023-12-27T10:04:46Z
"Yıldız Usmonova, Yaşar Günaçgün",Seni Severdim,4wafsaGv4ofwEBmDyp4qsA,Dünya,58,2023-12-27T10:04:46Z
AxLi,Sailor Mars,38n8scVMRubWOn1rIN2hfr,Sailor Mars,23,2023-12-27T10:04:46Z
Karan Khan,Babo,02D3VQmQSocqhfnTOgegHS,Babo,0,2023-12-27T10:04:46Z
Crop Slime,Corner Dimension,2pPYk3cOeoE51GQ1MZAuD3,Corner Dimension,15,2023-12-27T10:04:46Z
VECO,Train to India,5PAIzH79InUzyj1TGT8whS,Train to India,1,2023-12-27T10:04:46Z
"B Karm Khazala, Elly Mangat",Diwali,2wCZmWmv4R2vWPsftHOP8H,Diwali,35,2023-12-27T10:04:46Z
The Indians,Indian Wedding,7IlFlYPta0tPDMmc1zAAYe,Showband Years - The Love Songs Collection,1,2023-12-27T10:04:46Z
Cassette,Google Naki Tumi,58cVD4Q1uCIzkrxUzeTiS7,Google Naki Tumi,1,2023-12-27T10:04:46Z
JJ Lawhorn,The Cost of a Good Hound,0kgcJm6uPQxhIb20Ac1oyD,The Cost of a Good Hound,10,2023-12-27T10:04:46Z
Sahir Ali Bagga,Mera Rab Waris (Original Score),58eUTPrW03OhTKNZlkYoCw,Mera Rab Waris (Original Score),16,2023-12-27T10:04:46Z
Patti Smith,Because the Night,77XlfkvXtMwppbEU5sku97,Easter,53,2023-12-27T10:04:46Z
"Bazzi, Camila Cabello",Beautiful (feat. Camila Cabello),4VUwkH455At9kENOfzTqmF,Beautiful (feat. Camila Cabello),70,2023-12-27T10:04:46Z
Alec Benjamin,Boy In The Bubble,60cYr5uuMoxvyuIx45rGEW,Narrated For You,66,2023-12-27T10:04:46Z
MaxRiven,The Riddle,68IIjZ8SgfIc0PVfF8vmd2,The Riddle,35,2023-12-27T10:04:46Z
Shakiralsalih music,موسيقى تركية - حزينة,39AUw7fyfjgYDLDgXSw8fn,موسيقى تركية - حزينة,7,2023-12-27T10:04:46Z
The Little Sunshine Kids,Ten Little Indians,0qwPaEisu7lsFeaenp8XAV,50 Silly Songs,29,2023-12-27T10:04:46Z
"Meda, Vjollca Haxhiu, Gold Ag",T'kam Fiksim - Remix,1nYxZi0Jv851Q5tdYIWRw7,T'kam Fiksim (Remix),8,2023-12-27T10:04:46Z
Nupel Beats,Best Killer - Epic Choir Hip Hop Beat Mix,3GLBgPGDhCgooiJ5VGOvGB,Hard Rap Instrumentals & Hip Hop Beats II,12,2023-12-27T10:04:33Z
Jmss,Birth,56M5JhKrw8IbOuWk5eu600,Birth,11,2023-12-27T10:04:33Z
VFM Style,Tik Tak,2OoL1cmc6Duww0Fb7aQNe6,Tik Tak,1,2023-12-27T10:04:33Z
DJ Kantik,Blue Dwarf 2,5cYIW1aV1eTrYB7TbfPYGJ,Kantikism,22,2023-12-27T10:04:33Z
Healing Oriental Spa Collection,Saz Instrumental,7FHPlOmkVcGRdU89Da6WJH,"Istanbul Dreams: Turkish Lounge Music - Hammam Spa, Belly Dance, Oriental Saz Instrumental",0,2023-12-27T10:04:33Z
Simge,Yankı,4y3QBJf9E8yDJCEFbRK8xk,Yankı,69,2023-12-27T10:04:33Z
Treppenhaus,Shisha,0OkLoH5JlZPjNbW1uAMpGS,Shisha,0,2023-12-27T10:04:33Z
Sertaç Dılda,Lê Yarê,03fA1noVzAohWK7pM2YJcc,Lê Yarê,11,2023-12-27T10:04:33Z
"Raftaar, Frisk",Awein Hai,07IBa26c0MwlpUhBrwCM9s,Awein Hai,29,2023-12-27T10:04:33Z
ZAYN,Rainberry,0wfpSAloBATpRUtSxL1fXw,Icarus Falls,48,2023-12-27T10:04:33Z
"ZAYN, Nicki Minaj",No Candle No Light (feat. Nicki Minaj),5tH8UbEHc3seBxOlnzvoAs,Icarus Falls,46,2023-12-27T10:04:33Z
Dino James,Unstoppable,6CYtjAHaY3lznJRMJCCPTC,Unstoppable,52,2023-12-27T10:04:33Z
VFM Style,Camaro,5NnFu4keKZnE0eUE8644Fd,Abu Dhabi,7,2023-12-27T10:04:33Z
"BEATS FREESTYLE, Instrumental Rap Hip Hop, Beats De Rap",Dark Trap Freestyle Rap Beat - Instrumental,7t8DLbj91pY2A8JmoW440k,Freestyle Beats (Freestyle Rap Beats Instrumentals),0,2023-12-27T10:04:33Z
"Javed-Mohsin, Arijit Singh, Shreya Ghoshal, Kunaal Vermaa, Prashant Ingole",Pal,79hQvdTHNBkq2fp2ZrM8b2,Jalebi (Original Motion Picture Soundtrack),66,2023-12-27T10:04:33Z
Satyajeet Jena,Bekhudee Mein Sanam,5s5jIs81Rc2SerkwBi9bL0,Bekhudee Mein Sanam,17,2023-12-27T10:04:33Z
Raftaar,Sheikh Chilli,6PKNPLFj5oE9eS7Og84993,Sheikh Chilli,44,2023-12-27T10:04:33Z
Brain Circles,Brain Wash Surgery,019VrJZ3w0d3YY1vhtIgHY,Brain Circles,0,2023-12-27T10:04:33Z
"Alan Walker, K-391, Sofia Carson, CORSAK",Different World (feat. CORSAK),4heFQCyiW0RUEX1Q1lb008,Different World,57,2023-12-27T10:04:33Z
"Alan Walker, Au/Ra, Tomine Harket",Darkside,6SRWhUJcD2YKahCwHavz3X,Different World,71,2023-12-27T10:04:33Z
Simge,Üzülmedin mi?,7s4j3L5z2qU6ferYLOmFz9,Ben Bazen,64,2023-12-27T10:04:33Z
pianist Band,موسيقى تركية جميلة,0kuOot6sZKBUgXOMLbRGp6,موسيقى تركية جميلة,32,2023-12-27T10:04:33Z
"Stahl, Caroline",Pushed Down (feat. Caroline),2QLiXcDHxYLAm3fLW6lHdP,Pushed Down (feat. Caroline),30,2023-12-27T10:04:33Z
Sahalé,Djiin,0bli7VUzmTpnpMT6UgcFB4,Sahalé’s Finest,1,2023-12-27T10:04:33Z
Muhammad Nawaz Bhutta,Duniya Ye Bewafa Hai,2b6phFgOHOLa2p0VRt62bK,Duniya Ye Bewafa Hai,0,2023-12-27T10:04:33Z
Shane Thompson,Three Minute Picture,0itbHPa3DUGq9MmRn1Ikhi,Three Minute Picture,11,2023-12-27T10:04:33Z
Halsey,Gasoline,2IO7yf562c1zLzpanal1DT,BADLANDS (Deluxe),69,2023-12-27T10:04:33Z
Joyner Lucas,I Love,30z4LVkScpeNhwHFIB8Ewa,I Love,53,2023-12-27T10:04:33Z
"Altaaf - Manny, Altaaf Sayyed",Tere Jism 2,2ZC8bbuOWC0WiIvr1E4RCa,Tere Jism 2,25,2023-12-27T10:04:33Z
Serhat Durmus,Gesi Bağları,21monEVgRlouZOarTXChkL,Gesi Bağları,38,2023-12-27T10:04:33Z
Arabic Beats,موسيقى هادئه حزينة,5hoEmXF8UbdSL7m78SI3cF,موسيقية هادئه Vol1,0,2023-12-27T10:04:33Z
"Dash Berlin, ATB",Apollo Road,4XiNFx46PzeUEN03noa6qK,"#musicislife #deluxe, Pt. 1",41,2023-12-27T10:04:33Z
Bien,True Love,4Lw6sGdMZYuSrOf3tW0OKq,Alusa Why Are You Topless?,9,2023-12-27T10:04:33Z
VFM Style,Abu Dhabi 2,5EiAUslLFo92v13l1fM86i,Ai Uruba,25,2023-12-27T10:04:33Z
VFM Style,Syria,4nQhRgosfwrzNgg66ZF0J3,V.F.M.style,12,2023-12-27T10:04:33Z
VFM Style,Sahar,3cNOT5PQVreqQbI5B0oC1L,V.F.M.style,18,2023-12-27T10:04:33Z
Bamboa Samba Club,In the end,0RA69JgsVUVDFlMrikEWys,Nesse Time Todo Mundo Joga,19,2023-12-27T10:04:33Z
"Type Beat Brasil, Instrumental Hip Hop Beats Gang, Instrumental Trap Beats Gang",Dark Trap Beat,5WEDGYghIljmXd0lzLVAfH,Hard Trap Beat,0,2023-12-27T10:04:33Z
Alec Benjamin,If We Have Each Other,7pT6WSg4PCt4mr5ZFyUfsF,Narrated For You,74,2023-12-27T10:04:33Z
Alec Benjamin,Let Me Down Slowly,2qxmye6gAegTMjLKEBoR3d,Narrated For You,83,2023-12-27T10:04:33Z
Alec Benjamin,If I Killed Someone For You,0WHi11uzahqpEtPGYCW6oQ,Narrated For You,69,2023-12-27T10:04:33Z
Nesyu Beats,Dedication 6 - Dark Trap Beat Mix,6iwabEJO8Yr0eXpvCTQeCN,Hard Trap Beats & Hip Hop Instrumentals - Rap Instrumentals,9,2023-12-27T10:04:33Z
"BEATS FREESTYLE, Instrumentaler Rap Hip Hop, Instrumental Trap Beats Gang",Japanese Trap Type Beat 2023 - Freestyle Beats Instrumental 2023,1tyrYcm32KSXMJIqUVRr90,Freestyle Beats 2023 (Freestyle Beats Instrumental 2023),7,2023-12-27T10:04:33Z
Edwin.,Bu Şehir Benim,5yGVeKfon9vGAV6DYFQwHG,Bu Şehir Benim,18,2023-12-27T10:04:33Z
Signo,Heath Ledger,1xUEN44ZQldBZh5zrtxa6Z,Siempre Adelante,2,2023-12-27T10:04:33Z
Story Production,لحن راب قوي,38muy9ZCnq51MXOoZ0gOnN,لحن راب قوي,0,2023-12-27T10:04:33Z
VFM Style,Doberman,0dH7QptgkgSG5Ws4haT8uA,Doberman,3,2023-12-27T10:04:33Z
Monu Serials Music,Vivaah Mantra,3sqEG9pKukQk56l5QsfY4K,Vivaah Mantra,6,2023-12-27T10:04:22Z
Eminem,Killshot,1jo3TwNGCXfNdB5uba3ZVv,Killshot,68,2023-12-27T10:04:22Z
Nusrat Fateh Ali Khan,Mast Nazron Se - Remix,3WXqdIknBVgbBPPneUUIl2,Best Remixes,18,2023-12-27T10:04:22Z
"6ix9ine, Bobby Shmurda",STOOPID (feat. Bobby Shmurda),52OczisW5YSWIAJiygxs1M,DUMMY BOY (Revised),51,2023-12-27T10:04:22Z
BoogFromThe7,Thanos,48a7zaQh4Q0bVepTI58tUt,Diversified,10,2023-12-27T10:04:22Z
NF,Remember This,5dMKsEQSlR2ITYpScl7UMd,Perception,62,2023-12-27T10:04:22Z
"Maroon 5, Cardi B",Girls Like You (feat. Cardi B) - Cardi B Version,7fa9MBXhVfQ8P8Df9OEbD8,Red Pill Blues (Deluxe),71,2023-12-27T10:04:22Z
Bonde R300,Oh Nanana,3ao5U0ksMLvgSoJqOpsgmv,Oh Nanana,53,2023-12-27T10:04:22Z
"Apashe, Wasiu",Majesty,08E0TIudwefGjA27W4zrnf,Requiem,58,2023-12-27T10:04:22Z
Rahat Fateh Ali Khan,Koi Chand Rakh (Original Motion Picture Soundtrack),0MChobVZ0qYegbgz2PB3Yi,Koi Chand Rakh (Original Motion Picture Soundtrack),33,2023-12-27T10:04:22Z
"CHISENGA, JU$",Dana White,3XOmFPL0vylW9jjmeiYrlw,Dana White,0,2023-12-27T10:04:22Z
Rahul Jain,Sach Keh Raha Hai,6nUxfTffgCx6nNAQYpDMWu,"Popular Covers - Saregama & Pehchan Music, Vol. 1",19,2023-12-27T10:04:22Z
"Eminem, Joyner Lucas",Lucky You (feat. Joyner Lucas),60SdxE8apGAxMiRrpbmLY0,Kamikaze,69,2023-12-27T10:04:22Z
Eminem,Fall,58QhkbaAkLFnn7JwAnAato,Kamikaze,59,2023-12-27T10:04:22Z
Nabeel Akbar,Tabah,5whZI3N1i6SHW3oNOQgrVk,Qaid,4,2023-12-27T10:04:22Z
Indila,Dernière danse,7z7C5yYK7coWcI7y0HV0jr,French Songs That Bang,33,2023-12-27T10:04:22Z
Atif Aslam,Khair Mangda,0znqNR5k7fy2DwLyf7DcFp,A Flying Jatt (Original Motion Picture Soundtrack),44,2023-12-27T10:04:22Z
"Alan Walker, Sophia Somajo",Diamond Heart,0nrWZWkJM62ftQJSI8fDc0,Different World,58,2023-12-27T10:04:22Z
Ariana Grande,breathin,4OafepJy2teCjYJbvFE60J,Sweetener,69,2023-12-27T10:04:22Z
"Acid Arab, A-WA",Gul l'Abi,5x6uHnSxo3txWs2MbGbZRQ,Musique De France,37,2023-12-27T10:04:22Z
Ananya Birla,Meant to Be,6VJzjLhHjttBQ5xUPSI2NY,Meant to Be,30,2023-12-27T10:04:22Z
Akcent,How Many Times,01KLBzRWXaq3CK8obCrZ3B,How Many Times,16,2023-12-27T10:04:22Z
ambient heart,joji type ambience,7AbT0CtPqfnmfPzVPYr5r6,dailysmoke ambience,0,2023-12-27T10:04:22Z
Raj Barman,Abhi Mujh Mein Kahin - Rewind Version,1lq7jyBQqpaL6nROI4SiJh,Abhi Mujh Mein Kahin (Rewind Version),30,2023-12-27T10:04:22Z
Ignesh Kumar,Camera Wali Maidam,4DxfujABFRujHy6k8ymGpe,Camera Wali Maidam,0,2023-12-27T10:04:22Z
Axel Johansson,The River,5sAcIjfZmNEgbseZ1Bpmom,The River,47,2023-12-27T10:04:22Z
DJ Digital Beatz,Killshot (Tribute Version Originally Performed By Eminem) [Explicit],4oRjH7pfIF6LgownTekvEl,Independent Mode Tributes Vol 5,7,2023-12-27T10:04:22Z
"TheFatRat, Laura Brehm",Monody (feat. Laura Brehm),3VvBPkc24zC7x05mgJTyGO,Monody (feat. Laura Brehm),11,2023-12-27T10:04:22Z
"TANA, Calli Stephus",ball pool,5w4NjLECG3EhcQy7gg5A7S,ball pool,0,2023-12-27T10:04:22Z
"The Chainsmokers, Kelsea Ballerini",This Feeling,4NBTZtAt1F13VvlSKe6KTl,Sick Boy,68,2023-12-27T10:04:22Z
"ESTi, Benicx",Marvel Battle Lines (Main Theme),1ucwMy8ERNthn29kARkTLN,Marvel Battle Lines (Original Soundtrack),0,2023-12-27T10:04:22Z
OneRepublic,Connection,3T4UodGkfZObJ43RtA5KFU,Connection,54,2023-12-27T10:04:22Z
"DJ Snake, Selena Gomez, Ozuna, Cardi B",Taki Taki,20uYAdCEoIkSZStIfPW1TB,Latin Rhythm - The Best Reggeaton Club Hits,50,2023-12-27T10:04:22Z
"Bri Tolani, Unknown Brain",Why Do I?,0EB9I85mW2YnjfZmvT8CAc,Why Do I?,54,2023-12-27T10:04:22Z
"Unknown Brain, Heather Sommer",Perfect 10,2MolFsdE7ydCQQgsmfvX6w,Perfect 10,50,2023-12-27T10:04:22Z
"Apashe, Panther",Battle Royale feat. Panther - VIP Mix,2sxRUOzDk6GGWi0rEfiwLE,Battle Royale,44,2023-12-27T10:04:22Z
The Script,Hall of Fame,0FB5ILDICqwK6xj7W1RP9u,#3 Deluxe Version,61,2023-12-27T10:04:22Z
NF,PAID MY DUES,6ziQdexOHyC2gkZ1iNoi1w,CLOUDS (THE MIXTAPE),58,2023-12-27T10:04:22Z
Serhat Durmus,Karma,7nCIoLLN4BMO8Q6851b8N8,Karma,31,2023-12-27T10:04:07Z
Eminem,When I'm Gone,4CDIEKHMb2MBgvgHBkhiJD,When I'm Gone,65,2023-12-27T10:04:07Z
Imagine Dragons,Shots,2h6HdN3oPr4JijIQV29hv1,Smoke + Mirrors (Deluxe),53,2023-12-27T10:04:07Z
PRIC€L€$$,BALL - Extended Version,59LdXRoAKmCNLPUhpFUmx3,BALL (Extended Version),0,2023-12-27T10:04:07Z
"Nicky Jam, J Balvin",X,5YUyW9opqNsMSEzzecZih1,Intimo,74,2023-12-27T10:04:07Z
"ZAYN, Timbaland",Too Much (feat. Timbaland),2bkNIMseHRfLidQqpXGsBx,Icarus Falls,47,2023-12-27T10:04:07Z
OTM,Ball Players,6cPVGtiv6Dwj2LObwfrLHx,Thank Us Later,7,2023-12-27T10:04:07Z
Yeat,WTF,4mqsffIsjada5FIbI6cuNJ,4L,43,2023-12-27T10:04:07Z
"Neha Kakkar, Dhvani Bhanushali, Ikka, Tanishk Bagchi","Dilbar (From ""Satyameva Jayate"")",4tjLYTXFqZhkUDga4bQ0yl,"Dilbar (From ""Satyameva Jayate"")",67,2023-12-27T10:04:07Z
epsilon.,Art of Silence (slowed & reverb),11UrtSnP60U3wM73F4uvp3,Art of Silence (slowed & reverb),0,2023-12-27T10:04:07Z
Hit The Button Karaoke,Side Effects (Originally Performed by the Chainsmokers Ft. Emily Warren) - Instrumental Version,5vycwrDZaXM1MiwKVqBVEo,"Karaoke Picks, Vol. 62",0,2023-12-27T10:04:07Z
"Serhat Durmus, Reyhan Altınbay",Senden Başka,6oIzGrMJMe9HIqweeP8QvR,Senden Başka,28,2023-12-27T10:04:07Z
"Adonis dares, Mr. Green, Teemo",Ball (Freestyle),0JWaOXCPzdAaQAxowMu4kB,Ball (Freestyle),0,2023-12-27T10:04:07Z
"Ozzy Osbourne, Elton John",Ordinary Man (feat. Elton John),7CR5qGZ2eJwYrFQ8UmHuaR,Ordinary Man,44,2023-12-27T10:04:07Z
"Laurent Wolf, Eric Carter, Stereoclip",No Stress - Stereoclip Remix,2mULLfBR8xQkgqhgY3LeGw,No Stress (Stereoclip Remix),32,2023-12-27T10:04:07Z
"Kygo, Imagine Dragons",Born To Be Yours,0kHyKhJMukHEPfeh8s7rdM,Born To Be Yours,66,2023-12-27T10:04:07Z
David Finck,The Christmas Waltz,1lz9Zt51FkorcpO9ImTF0v,The Christmas Waltz,55,2023-12-27T10:04:07Z
"Spitta of Badd Nooze, Clever Kev",Knuckle Head (feat. Clever Kev),2lIdWI7GNXCd8UNMnhNGkn,Menace II Society,1,2023-12-27T10:04:07Z
Hit The Button Karaoke,"Thunderclouds (Originally Performed by Lsd Ft. Sia, Diplo & Labrinth) - Instrumental Version",4Xh91zuGmghjZQafU3RGeQ,"Karaoke Picks, Vol. 60",2,2023-12-27T10:04:07Z
Future House Music,Ball Poolside,1ev2kkvdmejKUkoXse52AY,Deep House Mix,0,2023-12-27T10:04:07Z
DJ D MAN Xtreme,In My Feelings (Kiki Do You Love Me) Tribute to Drake (Explicit),1GDJ37P9ceKlV42J01H9yR,Trend and Viral Vol 8,5,2023-12-27T10:04:07Z
"Cardi B, Bad Bunny, J Balvin",I Like It,58q2HKrzhC3ozto2nDdN4z,Invasion of Privacy,74,2023-12-27T10:04:07Z
"Serhat Durmus, Sıla Koçyiğit",Yakamoz (feat. Sıla Koçyiğit),1ueibJ4bbR41POXUPtAkE7,Yakamoz (feat. Sıla Koçyiğit),32,2023-12-27T10:04:07Z
"Bizzey, Jozo, Kraantje Pappie",Traag,5fySAmiBZEILTlSwo8n4Wi,Traag,64,2023-12-27T10:04:07Z
"CADMIUM, Jon Becker",Melody,6zlw2AqqtIjmRFksb3cmN3,Melody,42,2023-12-27T10:04:07Z
White Window,pole dancer,2Qw5yFoLKx5avZptAlwbeT,pole dancer,0,2023-12-27T10:04:07Z
"Fleurie, Tommee Profitt",Hurts Like Hell,6A38hc0e0PqusTCQn0xkSc,Love and War,41,2023-12-27T10:04:07Z
Depeche Mode,People Are People,4WoKuMjwJXuy9IqX6AH5JE,Some Great Reward (Deluxe),60,2023-12-27T10:04:07Z
Mountkid,No Lullaby,0wPMEHtx0YW122tt1yzb9h,No Lullaby,29,2023-12-27T10:04:07Z
Beat Kollab & DCC,Pool Party,1NhImLAGibEJaC6JzoITeY,Pool Party,0,2023-12-27T10:04:07Z
Jaden,I'm Ready,4kTliHBy7w2SOMtm8qMmOW,Marvel’s Spider-Man: Miles Morales (Original Video Game Soundtrack),54,2023-12-27T10:04:07Z
Mac Moore,Take Shots,78ylmYFdwNVuXSSAY2UwWW,Silence Is Golden,0,2023-12-27T10:04:07Z
Eminem,The Way I Am,23wfXwnsPZYe5A1xXRHb3J,The Marshall Mathers LP,71,2023-12-27T10:04:07Z
"Serhat Durmus, Zerrin",Hislerim,32Mh7kOCWmNTZgre0cGvCV,Hislerim,65,2023-12-27T10:04:07Z
D.L. Cordero,Curves & Angles,2AccXmtjqtGxZSw7eUjqGh,Muse 4 The Dreamers,0,2023-12-27T10:04:07Z
Eminem,Beautiful,1HR2CTi0ytRJIcik1QKdOa,Relapse: Refill,67,2023-12-27T10:04:07Z
"BÖ, Ecem Telli",Susma,2RLl2fz76VVEdWAuu2Idvw,Susma,20,2023-12-27T10:04:07Z
"G-Eazy, Bebe Rexha","Me, Myself & I",40YcuQysJ0KlGQTeGUosTC,When It's Dark Out,78,2023-12-27T10:03:48Z
Black Hills Country Band,M'n Truck,6A5eOD5PKSDJCuSsjLBDj7,Black Hills Country Band,17,2023-12-27T10:03:48Z
STARSET,INFECTED,0gJPHCF06ON7FKzzNqB2hf,HORIZONS,50,2023-12-27T10:03:48Z
SHO MONTANA,DR PHIL,3lJkFRZNsLPfLa3hcx4yGx,DR PHIL,1,2023-12-27T10:03:48Z
NF,Intro III,6e56CkYWD3JO6ovFZBA8po,Perception,58,2023-12-27T10:03:48Z
Kar Vogue,Sangria Wine - Edit Instrumental Mix,4offkYnD3eCwEydBXIBWBk,Sangria Wine (Special Instrumental Versions [Tribute To Pharrell Williams x Camila Cabello]),0,2023-12-27T10:03:48Z
"Ilkay Sencan, Dynoro",Rockstar,4OgwXdylh75fHfwUzJTUqg,Rockstar,64,2023-12-27T10:03:48Z
One Direction,Perfect,3NLnwwAQbbFKcEcV8hDItk,Made In The A.M. (Deluxe Edition),80,2023-12-27T10:03:48Z
Indila,Mini World,6xJouIXcEu4BPRT4wGsf11,Mini World,48,2023-12-27T10:03:48Z
NF,WHY,7rjGZWlqqeEMDrAabwZQhr,WHY,51,2023-12-27T10:03:48Z
SolidSound Vybz,Dad Jokes,35tnMLNbVrfkq4Xyji6yo6,Cringe Land,0,2023-12-27T10:03:48Z
PRXSXNT FXTURE,TOKYO DRIFT,733RnlYLskyvWMhhzs70sy,TOKYO DRIFT,55,2023-12-27T10:03:48Z
Ed Sheeran,Perfect,4VUlZRi89vsrPC5Gh9bjxX,i love you,0,2023-12-27T10:03:48Z
D'Angelo,Playa Playa,6j0FBH06L1YlVkxBvE972P,Voodoo,41,2023-12-27T10:03:48Z
The Supremes,Stop! In The Name Of Love,52FlwUMMDnTK8TGkCag9Jd,More Hits By The Supremes,59,2023-12-27T10:03:48Z
"Serhat Durmus, BÖ",Kıyamet,3yLAAzWXT47D4WCju2WcZM,Kıyamet,19,2023-12-27T10:03:48Z
Najwa Farouk,Khalouni N3ich,2Q4sdMndAwVC2smdMSkETa,Khalouni N3ich,41,2023-12-27T10:03:48Z
Serhat Durmus,La Câlin,2nLeVfLE8t3hzHhXkZ6Ez2,La Câlin,60,2023-12-27T10:03:48Z
Into The Nightcore,Dusk Till Dawn,3rkswcSEL4IUUV11Uswmjz,"Into The Nightcore, Vol. 1",0,2023-12-27T10:03:48Z
NF,Face It,3DJtOEjnHQemekvG3IYUfq,Mansion,46,2023-12-27T10:03:48Z
Ed Sheeran,Galway Girl,0afhq8XCExXpqazXczTSve,÷ (Deluxe),75,2023-12-27T10:03:48Z
FG,Neshooni,0tQCohICGpwU0cRQkRmSJQ,"Arabic Trap, Pt. 2",26,2023-12-27T10:03:48Z
Shaggy,Boombastic,4fxF8ljwryMZX5c9EKrLFE,Boombastic,70,2023-12-27T10:03:48Z
Abshari Afghani,آهنگ زیبای مسافر میشوم زودتر میایوم مادر من,2WwTrgvZAHowSdpLaXoaCB,آهنگ های جدید شاد و مست دری فارسی و پشتو,0,2023-12-27T10:03:48Z
Bebe Rexha,I'm a Mess,04ZTP5KsCypmtCmQg5tH9R,Expectations,68,2023-12-27T10:03:48Z
Kid Cudi,Ignite The Love,7CY88rDZ8oKYAlmYoSyxwR,Entergalactic,50,2023-12-27T10:03:48Z
Mark Tha House,Sweet Dreams - Deep Gomez Remix,1TlhMRrgBqhL8b8eqJsbJA,Sweet Dreams (Deep Gomez Remix),1,2023-12-27T10:03:48Z
neko,All My Friends - Nightcore,4TgYfzwXQRkTWqY4cStepG,All My Friends (Nightcore),0,2023-12-27T10:03:48Z
"Serhat Durmus, Ecem Telli",Yalan,1NpNY2V9pyCZW2xPbkcQaM,Yalan,45,2023-12-27T10:03:48Z
DJ ANAS,ياليلي ياليلا,6PCgnMsvc7ayqqLXqKVWRU,ياليلي ياليلا,11,2023-12-27T10:03:48Z
Humpreyyy,Dating Ako,0twSjfBPrAJM2yO0AwCcpD,Dating Ako,5,2023-12-27T10:03:48Z
"Notorious Nick, Tre' Amani, Shina Mack",DO YOU FEEL PROUD ABOUT IT?,0CRCTWtWP8TavQKPCClbn1,MAN IN THE MIRRORS,3,2023-12-27T10:03:48Z
"Skan, Drama B, M.I.M.E, Krale, LBLVNC",No Glory - LBLVNC Remix,5ILZ8w6f4pw2A0d7Tfy1wv,No Glory (LBLVNC Remix),37,2023-12-27T10:03:48Z
The Acoustician,Bollywood,2Lg8xuYLXyMUW4pFf6YEOz,Gentle Waves,2,2023-12-27T10:03:48Z
"Clyde Carson, The Team",Slow Down,5l6xr4PINeDNGemLJp3gLu,Slow Down,47,2023-12-27T10:03:48Z
"TroyBoi, Diplo, Nina Sky",Afterhours feat. Diplo & Nina Sky,1gV0hgMNdpSWeW7ZjSUKnX,Afterhours feat. Diplo & Nina Sky,52,2023-12-27T10:03:48Z
"Alan Walker, Julie Bergan, K-391, SEUNGRI",Ignite,1jLsirPDkUS2g4gnkYua58,Ignite,68,2023-12-27T10:03:48Z
Colin Buchanan,Dad Jokes,2DxlSAPry4OzqVynWFFOCl,The TGIF Songs of Colin Buchanan,0,2023-12-27T10:03:48Z
Nissan Playa,Mistake,4ZdT64ojz5CDgUkhYtwBT1,Mistake,4,2023-12-27T10:03:48Z
Syrex,In The End (Nightcore),5MKR6OuVB0Qr6VNR2FnaKD,Nightcore Gaming Music Vol. 13,0,2023-12-27T10:03:48Z
NF,Oh Lord,1ISsiC4Fw6f96kZQegLGiJ,Therapy Session,58,2023-12-27T10:03:48Z
"NF, Andreas Moss",Lost In The Moment,3qEg6xYffvuvwpq4U6FRrK,Therapy Session,60,2023-12-27T10:03:48Z
BÖ,Unutursun,7HvBmLwtxNwdQX9rOfXyfH,Unutursun,34,2023-12-27T10:03:48Z
"Serhat Durmus, Zerrin",Yolu Yok (feat. Zerrin),6o9EqO0WhvfzvEQOIDtiWK,Yolu Yok (feat. Zerrin),36,2023-12-27T10:03:48Z
Brewog Audio,Kantik Shenia,7JX5qc1cnYgP9M9cDpr8Ak,Kantik Shenia,15,2023-12-27T10:03:38Z
"Mithoon, Arijit Singh",Tum Hi Ho,56zZ48jdyY2oDXHVnwg5Di,Aashiqui 2,74,2023-12-27T10:03:38Z
Diljit Dosanjh,Do You Know,1aHRhPwlNTNdMsDcYicxb6,Do You Know,59,2023-12-27T10:03:38Z
טל בן גיגי,BMW שחורה,3Xb3tTciAhYAK7FvvEzsf7,BMW שחורה,10,2023-12-27T10:03:38Z
N.W.A.,Gangsta Gangsta,1pOIpxfrQ8AszXZdKR3aH3,Straight Outta Compton,62,2023-12-27T10:03:38Z
Zack Knight,Galtiyan,7kBxROP6ImJZrWHvNPzYRw,Galtiyan,42,2023-12-27T10:03:38Z
ZAYN,Let Me,2cEmWBBlCfR9wWrY9JmTyt,Icarus Falls,63,2023-12-27T10:03:38Z
Chill House EDM Fest,Arabic Trance (EDM Festival Psytrance),2C16se8o5GtwlEbhgdtAYF,The Psy Genes - Music for Fashion Shows and Trance Fests,3,2023-12-27T10:03:38Z
"Doja Cat, Tyga",Juicy,7f5trao56t7sB7f14QDTmp,Hot Pink,66,2023-12-27T10:03:38Z
"Basshunter, DJ Mental Theos Bazzheadz",Now You're Gone (feat. DJ Mental Theo's Bazzheadz) - Video Edit,5Nr1ZcH9PGTiQdGl9HCCS1,Now You're Gone - The Album,64,2023-12-27T10:03:38Z
Chicken P,Southern California,1yhXmCmn6l4QppciTbHA8t,BussaBrick Vol.2 :BussOne 101,21,2023-12-27T10:03:38Z
Pump Up Workout,All of Me (128 BPM) - Birthday Treatment Remix,1ArfSB9dmKSgb6iJkiiXo0,Pump up Workout,5,2023-12-27T10:03:38Z
DJ Kantik,Wapmatix Violin,1dv6kg2GlvcuiJTOlYAmv4,Wapmatix Violin,25,2023-12-27T10:03:38Z
"Zack Knight, Jasmin Walia",Bom Diggy,7Dhy1R9NmD96wfr7VJEN37,Bom Diggy - Single,45,2023-12-27T10:03:38Z
DJ Fahri Yilmaz,Murder,74kFvBAYd0V0NdJA6vjmE3,Murder,12,2023-12-27T10:03:38Z
"Jubin Nautiyal, Prakriti Kakar, Tanishk Bagchi, Anand-Milind","Gazab Ka Hai Din (From ""Dil Juunglee"")",0lpDlWrV0Cw3eGGvPU6d3R,"Gazab Ka Hai Din (From ""Dil Juunglee"")",52,2023-12-27T10:03:38Z
Zulaykho Mahmadshoeva,Dukhtari Farkhori,4wUUBKVhWRK2Wmw2HEJT5Y,Best Songs,31,2023-12-27T10:03:38Z
"Mike Darole, RJ, Compton Av",HELLO (feat. RJ & Compton Av),7hDofiCkoTRUWpwrO6XfFk,HELLO (feat. RJ & Compton Av),17,2023-12-27T10:03:38Z
DJ Snake,Magenta Riddim,3dsyqPDiWYYilRZNBxgxHE,Carte Blanche,58,2023-12-27T10:03:38Z
Wizzy pro max,Don't Judge me,7DjgHuB2PD5w2ZqrVmDf1a,Don't Judge me,11,2023-12-27T10:03:38Z
Backstreet Boys,As Long as You Love Me,3UpS7kBnkVQYG13pDDFTC4,Backstreet's Back,76,2023-12-27T10:03:38Z
Jubin Nautiyal,Tera Junoon,4577EOB29oF9NP66g49jds,Machine,35,2023-12-27T10:03:38Z
"Anuradha Paudwal, Kumar Sanu",Tu Pyar Hai Kisi Aur Ka,5jib3JBR209gQizgISFbrH,Dil Hai Ke Manta Nahin,56,2023-12-27T10:03:38Z
"The Next Step, Igor Simoes-Correia",Make the Ground Shake,5kdphpjkScMu66GCOvrCLv,Songs from The Next Step: Season 3 Volume 1,19,2023-12-27T10:03:38Z
Nicky Jam,With You Tonight (Hasta El Amanecer),2GICtNjlmq5w1XIQ9s0D9y,Fénix,42,2023-12-27T10:03:38Z
KB,Hold Me Back,5C5FqRfbXF9oY4HSRYyqn3,Hold Me Back,52,2023-12-27T10:03:38Z
"Ankit Tiwari, Shruti Pathak",Soniye Dil Nayi,3Xcc5l56PFT7gOBPcT6bP8,Baaghi 2,32,2023-12-27T10:03:38Z
"Justin Bieber, BloodPop®, Julia Michaels",Friends (with BloodPop® & Julia Michaels) - Remix,6IHwjPf3H4PYkueAqiDmlB,Friends (with BloodPop® & Julia Michaels) [Remix],29,2023-12-27T10:03:38Z
Eminem,Lose Yourself,7MJQ9Nfxzh8LPZ9e9u68Fq,SHADYXV,69,2023-12-27T10:03:38Z
Farshid Amin,Baad Az Nastaran,3Nh6sBAHG9wCF3V2WghB8W,Tomorrow,0,2023-12-27T10:03:38Z
Farhan Gilani,Udd Chalein,4HWY9y0lDFxMsSyY0qMxex,Udd Chalein,1,2023-12-27T10:03:38Z
Souad Massi,Samira Meskina,0peEyu49O6G3gsZzItf0zj,Ô Houria,19,2023-12-27T10:03:38Z
"Zack Knight, Jasmin Walia",Bom Diggy Diggy,6qCNaRRr5xJALfNJvh0NAw,"Bom Diggy Diggy (From ""Sonu Ke Titu Ki Sweety"")",64,2023-12-27T10:03:38Z
"J Balvin, Willy William",Mi Gente,03aENfSuuy3VS0sbgH7u1D,Mi Gente,63,2023-12-27T10:03:38Z
Jonah Raine,Justin Bieber,3vo9Unuh0aNJ0BhZviGLLM,Justin Bieber,5,2023-12-27T10:03:38Z
MC Kevinho,Olha A Explosão,6Q4foUefrAyCt8VxJFML56,Olha A Explosão,72,2023-12-27T10:03:38Z
S4MUR0TT'S FL0W,"JOEY WHEELER RAP | ""Joey""",6YSclOlLaJDEzP2WqcFCtu,"JOEY WHEELER RAP | ""Joey""",0,2023-12-27T10:03:38Z
Passenger,Let Her Go - Acoustic,0SOgw04C2ps0lZsVov0vHN,All the Little Lights (Deluxe Version),52,2023-12-27T10:03:38Z
Jasmin Walia,Sahara,5Fo5rTkqxyy3Z1mXjvZcjf,Sahara,18,2023-12-27T10:03:38Z
"Lx Silent, Ybc Johnny",Consequences,0dCT8ZoWTLr3y02imGdEPz,Consequences,29,2023-12-27T10:03:38Z
"The Weeknd, Kendrick Lamar",Pray For Me,6huNf4dutXRjJyGn7f5BPS,The Highlights,75,2023-12-27T10:03:38Z
DJ Kantik,Miss Belalim Bubbling,3t8huVY8Ih596nlBCP7gTb,Miss Belalim Bubbling,42,2023-12-27T10:03:38Z
Leonard Cohen,Puppets,1n75ivYHU32BbZpA9TMT3o,Thanks for the Dance,28,2023-12-27T10:03:38Z
DJ ARIF DU,ANTI BACOD,7xwE4aGwCFQHotFKQRW2NU,ANTI BACOD,23,2023-12-27T10:03:38Z
Sad Music,Sad Music Background - Sad Songs,66jwu5aYun88OT6CIHM307,Sad Music,7,2023-12-27T10:03:38Z
Ramin Djawadi,Light of the Seven,6iLzFJhs4ATwJn7P1utZIJ,Game of Thrones (Music from the HBO® Series - Season 6),56,2023-12-27T10:03:38Z
File type x,Key - Original Mix,5BGkURrwzJVWbpUAWX7WmJ,Atardecer,0,2023-12-27T10:03:24Z
Anand Raj Anand,Bhula Diya,5wpk3ocrVta7GmaJNJRsy2,Dus Kahaniyaan (Original Motion Picture Soundtrack),23,2023-12-27T10:03:24Z
"Logic, Marshmello",Everyday,6zOhgKfbMiQWToE6K13s2s,Everyday,47,2023-12-27T10:03:24Z
"Bollywood, Bollywood Music, Bollywood Wedding",Bollywood Action,3TNEZLCzUpdC7ciuWD2BKt,Bollywood Beat,2,2023-12-27T10:03:24Z
NF,Outcast,0we7ShV1o6cPTFjxOADPbC,Perception,54,2023-12-27T10:03:24Z
NF,Green Lights,0MvqSYPr5Wi62JB7VWvqwz,Perception,52,2023-12-27T10:03:24Z
NF,You're Special,4dfy1Pij4jFFefoamgnoOF,Perception,53,2023-12-27T10:03:24Z
NF,Outro,7uax1a1G4cg1GgokfakTnN,Perception,49,2023-12-27T10:03:24Z
Khumariyaan,Tamasha,6i9UIaF2lh1DCHxFoYjHtP,Tamasha,27,2023-12-27T10:03:24Z
Ahzee,King - Radio Edit,1QC7vpmKZW0Nb3I16f9jND,King (Radio Edit),32,2023-12-27T10:03:24Z
Khumariyaan,Tamasha Nfk,4qwikhXrge37QyscFPJqRc,Tamasha Nfk,14,2023-12-27T10:03:24Z
Miami Music,Key Biscayne,4gk7Lm1LmGdDqsWnLZ2guc,Key Biscayne,0,2023-12-27T10:03:24Z
NF,Just Being Me,44vMHn5aDNEkUdQmonvHp3,NF,42,2023-12-27T10:03:24Z
"Sean Paul, Dua Lipa, Sam Feldt",No Lie - Sam Feldt Remix,1nRA1PmMNZMv4BMV4Je8uK,No Lie (Remixes),44,2023-12-27T10:03:24Z
C418,Key,7K7E7LKK51PezScgsvVg9Y,Minecraft - Volume Alpha,68,2023-12-27T10:03:24Z
NEFFEX,Never Back Down,2MSf8i55bF8bLh1jshmixQ,Never Back Down,38,2023-12-27T10:03:24Z
"Ahzee, Masta OGBIGBABE",Go Gyal - Radio Edit,6tq6Z1nGaLmrZnqylgZ6M0,Go Gyal (Radio Edit),49,2023-12-27T10:03:24Z
"NF, Fleurie",Mansion,3nKRYKbGxhzv4BbwlLOcWU,Mansion,60,2023-12-27T10:03:24Z
NF,All I Have,4mnoPyJHlmMYPJsib5tfn0,Mansion,55,2023-12-27T10:03:24Z
NF,Wake Up,2yRm4iT3ohO5WOay4l2H0q,Mansion,54,2023-12-27T10:03:24Z
NF,Notepad,2QpFbRlnBo2TRhy5FyldSD,Mansion,48,2023-12-27T10:03:24Z
NF,Paralyzed,5DHQKZCOZhGNTbYBCekWx0,Mansion,66,2023-12-27T10:03:24Z
Five,Drive,6DLrG4lM9J41EaM6RcxaOT,Time,13,2023-12-27T10:03:24Z
"Akcent, Reea",Stole My Heart,3Sljf5zAskObj43PD4xoZz,Stole My Heart,28,2023-12-27T10:03:24Z
"Amar Jalal, Yohani, Neeraj Shridhar, Kanika Kapoor, Vishal Mishra, Vishal-Shekhar, Nakash Aziz, IP Singh, Jubin Nautiyal, Mellow D",Dj Yogii New Year Mashup 2022,5GOVF5ge0ZfTj6BCFEIZ24,Dj Yogii New Year Mashup 2022,17,2023-12-27T10:03:24Z
Allem Iversom,Habits,1e1fn4FvGSuJ7wzYURDKxa,Lazy Sunday,44,2023-12-27T10:03:24Z
"French Montana, Swae Lee",Unforgettable,3B54sVLJ402zGa6Xm4YGNe,Jungle Rules,84,2023-12-27T10:03:24Z
"Futuristic, NF",Epiphany (feat. NF),7whWjytFNIYch6MAnIWZTS,Blessings,46,2023-12-27T10:03:24Z
Connan Mockasin,You Can Do Anything,4M7b1lHUK4vb0QzkGw2bCn,Jassbusters,22,2023-12-27T10:03:24Z
"Sean Paul, David Guetta, Becky G",Mad Love,4dSoDnmR9opAQ8KxUc9SbC,Mad Love The Prequel,61,2023-12-27T10:03:24Z
Starlito,Let Me Hit That,03vqOcmt305bUZnTqVazki,Free At Last,3,2023-12-27T10:03:24Z
"MC Fioti, Future, J Balvin, Stefflon Don, Juan Magán",Bum Bum Tam Tam,40UKYTvGHVBlKOgL471MYT,Bum Bum Tam Tam,26,2023-12-27T10:03:24Z
Żwirek,Turn It Up,0PIgLaZ70bbTiNq2DCkGvG,Turn It Up,18,2023-12-27T10:03:24Z
FN$,GRINDIN,5Q7RWYOaIdGjFcEDd0C78b,12th Year,0,2023-12-27T10:03:24Z
Study Time Music,Key,3yRmb0JTXt1UrprD2C5P8X,Key,0,2023-12-27T10:03:24Z
Hanine El Alam,Arabia,3CjSRUUmNAyBUsz1ZpBuh5,Arabia,29,2023-12-27T10:03:24Z
Two Door Cinema Club,Undercover Martyn,6GQLX6Z28fYwDNCrhaKzYF,Tourist History,59,2023-12-27T10:03:24Z
"Kosi, Ero JWP",No Name,6h9FvbHsqQyrsd9UINU37g,Black Book,13,2023-12-27T10:03:24Z
NF,I Just Wanna Know,141K1xJ176S0U6PPkc4Nee,Therapy Session,50,2023-12-27T10:03:24Z
"NF, Marty",Grindin',3m6HMeFX6GIlGPMBcLEN6t,Therapy Session,57,2023-12-27T10:03:24Z
NF,Statement,3cNmoc8vvy0T0m65PLdNEU,Therapy Session,46,2023-12-27T10:03:24Z
Hi-Rez,How to Order Mcdonalds Like a Boss,3H8SAObNOAOlu5cYVORX6y,How to Order Mcdonalds Like a Boss,20,2023-12-27T10:03:24Z
Underwatertone,Key (From “Minecraft”) - Cello Version,65EIvJqXAYxHTtvQUxbwTG,Key (From “Minecraft”) [Cello Version],9,2023-12-27T10:03:00Z
"Shiraz Uppal, Rafaqat Ali Khan",Tu Kuja Man Kuja,10FMebRh92qPZdO7wLtcJL,Coke Studio: Season 9,44,2023-12-27T10:03:00Z
Alfons,Ganjaman,6RwUhWOoRECbpM9FBh13Z2,Ganjaman,8,2023-12-27T10:03:00Z
Mehar Vaani,Casually,3P2IXobu1ye8znM3UhBvtr,Casually,0,2023-12-27T10:03:00Z
Zeth Beatz,Videos,3vRuC7P6XL4oHwMkVRBQH3,Videos,0,2023-12-27T10:03:00Z
"Ed Sheeran, Andrea Bocelli",Perfect Symphony (Ed Sheeran & Andrea Bocelli),3zl7j5ua8mF4JDYuxrfo01,Perfect Symphony (Ed Sheeran & Andrea Bocelli),64,2023-12-27T10:03:00Z
Jolé,Pictures of You,6V07PuGBSy1QzmsdtkHC99,Still,43,2023-12-27T10:03:00Z
Geek Music,Interstellar- Main Theme,5tE3p4vIwoqUZLkKF2PNeB,Interstellar- Main Theme,59,2023-12-27T10:03:00Z
"Dj Kass, Pitbull",Scooby Doo Pa Pa - Remix,7I9vSbMyUIp79hK6FOGaCy,Scooby Doo Pa Pa (Remix),25,2023-12-27T10:03:00Z
"Adrian Gaxha, Floriani",Ngjyra E Kuqe,6FS9CCIrFAO7h9nOf6E2GY,Adrian Gaxha,33,2023-12-27T10:03:00Z
"G-Eazy, Halsey",Him & I,2lNdc3jjPV4aWEfKH0gvH2,The Beautiful & Damned (Deluxe Edition),64,2023-12-27T10:03:00Z
"G-Eazy, A$AP Rocky, Cardi B",No Limit (feat. A$AP Rocky & Cardi B),0uY9lkqLD0IQ5s4IeMPVES,The Beautiful & Damned (Deluxe Edition),40,2023-12-27T10:03:00Z
slowservice,problem,7JuRBaYYPN4CCtV7G8kTki,problem,44,2023-12-27T10:03:00Z
NF,Warm Up,7Gr8gb3hqKr4zEbFlrVYPQ,Warm Up,56,2023-12-27T10:03:00Z
Mozzik,Cocaina,3NRLudACPiHLPGF2F14eHH,Best Of,46,2023-12-27T10:03:00Z
JM Gardner,Chapter 1.5 - Travel words and phrases in Japanese,6mcfPlN8xe8gAmj10gvAAD,"Travel words and phrases in Japanese (""Listen, Repeat, Speak"" language learning course)",0,2023-12-27T10:03:00Z
Soen,Illusion,2WHiTbvlqwM1zTCS7qRpPE,IMPERIAL,42,2023-12-27T10:03:00Z
NF,NO NAME,7hdw5gAGMyyn9z0XgfTv1j,NO NAME,56,2023-12-27T10:03:00Z
Majelis Rasulullah Saw,Asyroqot Anwar Nabiina,6rm3b4fjHM4ZVQtRASLRhu,Gerbang Harapan,8,2023-12-27T10:03:00Z
Arijit Singh,Sun Le Zara,2wp8nSGhp28pChnBTPRhY2,Best Of Jeet Gannguli,6,2023-12-27T10:03:00Z
Prodigy,The Mac Is Back Intro,4KVjCJUOPWMtIZo8jxhfir,Return Of The Mac,11,2023-12-27T10:03:00Z
Smooth Jazz All Stars,Havana,2OC1CJytmYhRUuymxeWAOs,Smooth Jazz All Stars Perform Camila Cabello,5,2023-12-27T10:03:00Z
Florian Beqiri,E Di Qe Don,0AlxH5K7QtDqod2cV2FVYd,E Di Qe Don,23,2023-12-27T10:03:00Z
"Taylor Swift, Ed Sheeran, Future",End Game,3P07N06D2JAAkESIpiOvT4,Songs With Friends: Duets & More,10,2023-12-27T10:03:00Z
Mozhdah,Oba Der Tarowrom,0T1NOfzb6tQ85rtyUDiYnn,Oba Der Tarowrom,23,2023-12-27T10:03:00Z
Big Shaq,Man's Not Hot,6X5OFBbrsHRsyO1zP7udgr,Man's Not Hot,56,2023-12-27T10:03:00Z
"Selena Gomez, Marshmello",Wolves,0tBbt8CrmxbjRP0pueQkyU,Wolves,75,2023-12-27T10:03:00Z
Prince Ea,Can We Auto-Correct Humanity?,3BqhcHfvg0s2g5OLe0FSci,Can We Auto-Correct Humanity?,8,2023-12-27T10:03:00Z
Jore & Zpoppa,Batman,1n7DbkBvsRam5AYurBOZlU,Batman,20,2023-12-27T10:03:00Z
Mordechai Shapiro,Get Back Up Again,1fA8FziwucvHrtHfP9RHm4,Achas,27,2023-12-27T10:03:00Z
Taylor Swift,...Ready For It?,2yLa0QULdQr0qAIvVwN6B5,reputation,78,2023-12-27T10:03:00Z
American Tunes,White House,6YirGolhmktAtBWEjPmvw5,White House,3,2023-12-27T10:03:00Z
The Chainsmokers,Sick Boy,58kZ9spgxmlEznXGu6FPdQ,Sick Boy,62,2023-12-27T10:03:00Z
Vegans in Leather,I Hate You,2mZUcQt1z5ccklDcgLbZs1,Hard Rocks,0,2023-12-27T10:03:00Z
"Sabiani, Marseli & Shkendije Mujaj",Show,1g5bzVzTP9a4TblLP5srPa,Show,34,2023-12-27T10:03:00Z
NF,Therapy Session,6WKk8l8EXiwPBYlmSlhZWx,Therapy Session,59,2023-12-27T10:03:00Z
NF,How Could You Leave Us,10bt2wAkFgCWRCEOyAyWT9,Therapy Session,60,2023-12-27T10:03:00Z
NF,Real,0ZFayEwoO5qqYjsOi8YDjO,Therapy Session,55,2023-12-27T10:03:00Z
"SOJA, Trevor Young",Things You Can't Control,389BGaLv0BIG8hcIY1a0im,Beauty In The Silence,47,2023-12-27T10:03:00Z
Karaoke Freaks,Love (Originally by Kendrick Lamar and Zacari) - Instrumental Version,3IArzy9hyRSZfuvEHTtbdu,Love (Originally by Kendrick Lamar and Zacari) [Instrumental Version],2,2023-12-27T10:03:00Z
Dj TZepesh,Saxophone,7BhI0laZ9a3UFFxtUakycR,Dance Hits 2018,0,2023-12-27T10:03:00Z
"DJ Snake, Justin Bieber",Let Me Love You,0lYBSQXN6rCTvUZvg9S0lU,Encore,83,2023-12-27T10:02:49Z
Pentatonix,"Mary, Did You Know?",4z8sz6E4YyFuEkv5o7IJni,That's Christmas To Me (Deluxe Edition),74,2023-12-27T10:02:49Z
"G-Eazy, Chris Brown, Tory Lanez",Drifting (feat. Chris Brown & Tory Lanez),5sv4LTz8qayQYnXlzaxg2x,When It's Dark Out,53,2023-12-27T10:02:49Z
Charly Black,Gyal You a Party Animal,6bOLRTULQUiXeVnxOIPZVA,Gyal You a Party Animal,68,2023-12-27T10:02:49Z
CNCO,Quisiera,4iPV0gcc8keTFl6qxqP73M,Primera Cita,52,2023-12-27T10:02:49Z
O.T. Genasis,CoCo,2JI71GHwq2LN8mtq3iCLYo,CoCo,58,2023-12-27T10:02:49Z
Jordan Smith,Halo - The Voice Performance,7DThz7qoNx3WWQJgEipP7W,The Complete Season 9 Collection (The Voice Performance),29,2023-12-27T10:02:49Z
Jordan Smith,Mary Did You Know - The Voice Performance,0Mfbc7b4veAMEiWOffph5q,The Complete Season 9 Collection (The Voice Performance),37,2023-12-27T10:02:49Z
Chris Cornell,When Bad Does Good,00SzIFHBVTpRonBTHnHuok,Chris Cornell (Deluxe Edition),41,2023-12-27T10:02:49Z
Alan Walker,The Spectre,2DGa7iaidT5s0qnINlwMjJ,The Spectre,70,2023-12-27T10:02:49Z
"Maroon 5, SZA",What Lovers Do (feat. SZA),0GxQ1A5L9xnMOytbP6eKBG,Red Pill Blues (Deluxe),71,2023-12-27T10:02:49Z
"Jason Derulo, 2 Chainz",Talk Dirty (feat. 2 Chainz),5l3CML2OnzfNs5RfVgbcLt,Tattoos,69,2023-12-27T10:02:49Z
Will Paquin,Chandelier,1cwqP7Tyxu5z8XDYoPkNte,Chandelier,74,2023-12-27T10:02:49Z
Hit The Button Karaoke,Havana (Originally Performed by Camila Cabello Ft. Young Thug) - Instrumental Version,0cSrrnYbI0DPaTHZQObpB8,"Karaoke Picks, Vol. 42",10,2023-12-27T10:02:49Z
"Vanze, Bibiane Z, Parker Polhill, Reunify",Angel,3O6N4LqBCcjdXWiH0dwQMF,Angel,29,2023-12-27T10:02:49Z
Danny Elfman,The Batman Theme,50csT5Qb2qOF7lHdDQ1Sbx,Batman (Original Motion Picture Score),52,2023-12-27T10:02:49Z
"The Chainsmokers, Daya",Don't Let Me Down,0w75KG0DuLDi6tdHmEMovD,Collage EP,48,2023-12-27T10:02:49Z
GAMES STATION,PARTY,0fwJYePubXvuR9Bshc6b4O,N64,0,2023-12-27T10:02:49Z
George Michael,Careless Whisper,4jDmJ51x1o9NZB5Nxxc7gY,Ladies And Gentlemen... The Best Of George Michael,44,2023-12-27T10:02:49Z
"Hailee Steinfeld, Alesso, Florida Georgia Line, WATT","Let Me Go (with Alesso, Florida Georgia Line & watt)",5Gu0PDLN4YJeW75PpBSg9p,"Let Me Go (with Alesso, Florida Georgia Line & watt)",70,2023-12-27T10:02:49Z
Linkin Park,Numb,2nLtzopw4rPReszdYBJU6h,Meteora,86,2023-12-27T10:02:49Z
Redfoo,New Thang,4PVm8e67skz8B8wiJP2kwk,New Thang,56,2023-12-27T10:02:49Z
"Nick Jonas, Tove Lo",Close,3lSDIJ2abCrOdDJ6pshUap,Last Year Was Complicated,66,2023-12-27T10:02:49Z
"J Balvin, Pharrell Williams, BIA, Sky Rompiendo",Safari,456xBIOmLRoLzCvCzZrWge,Energía,70,2023-12-27T10:02:49Z
"Stanley, Kasaurwala Mohit",Gangster,42XC0yrsVt3VcYIouMZOjv,Gangster,30,2023-12-27T10:02:49Z
"CNCO, Little Mix",Reggaetón Lento (Remix),5YH1A3YttSay4lgAR75tk3,Glory Days (Expanded Edition),54,2023-12-27T10:02:49Z
"Luis Fonsi, Daddy Yankee",Despacito,6habFhsOp2NvshLv26DqMb,VIDA,78,2023-12-27T10:02:49Z
Slim Gleesh,Liam Neeson,5PxcMYUNmyNoFmERRpWUB2,Liam Neeson,1,2023-12-27T10:02:49Z
ZAYN,PILLOWTALK,0PDUDa38GO8lMxLCRc4lL1,Mind Of Mine (Deluxe Edition),79,2023-12-27T10:02:49Z
Adele,Someone Like You,3bNv3VuUOKgrf5hu3YcuRo,21,80,2023-12-27T10:02:49Z
Denzel Curry,Ultimate,6R0GRYk2vs2XuBVemYK5YZ,Ultimate,59,2023-12-27T10:02:49Z
Leo Rojas,El Condor Pasa,14JOxJDf2bKZqZfNgovhv8,Spirit Of The Hawk,53,2023-12-27T10:02:49Z
Leo Rojas,Der einsame Hirte,1EmjCusN2lTtcRc7iu06pk,Spirit Of The Hawk,50,2023-12-27T10:02:49Z
"CNCO, Little Mix",Reggaetón Lento (Remix),5BP9H8zx6VG5JLkDvoc5us,Between Us (Deluxe Version),30,2023-12-27T10:02:49Z
O-Shen,The Rock,1Sy64LpVEoUu4nkSTDyiCb,The Rock,6,2023-12-27T10:02:49Z
Dusty Vinylz,Coffee Shop Vibes,001hg6wlzcUg3XHEZsorqN,Midnight Café Chills,0,2023-12-27T10:02:49Z
Pentatonix,Problem (Ariana Grande Cover),5wHUvSe3ALlFfp8VsWmvIA,PTX,33,2023-12-27T10:02:49Z
"Mankind Music Academy, Ty Grizz, Happy Accident",Cunnilingus,67qQpIc9zzI0d4vw6N6U5F,Tough Love Too,0,2023-12-27T10:02:49Z
Niall Horan,Too Much To Ask,39jXnbACjiaiTwwhsr5sY5,Flicker (Deluxe),63,2023-12-27T10:02:49Z
AC/DC,Black Ice,3Axmw41lmMoXih3NJYzbXb,Black Ice,52,2023-12-27T10:02:49Z
Jordan Smith,Stand In The Light,7BrvQkvxl4owj4E6UKL5O3,Something Beautiful,36,2023-12-27T10:02:49Z
Dua Lipa,New Rules,2ekn2ttSfGqwhhate0LSR0,Dua Lipa (Deluxe),79,2023-12-27T10:00:31Z
G-Eazy,You Got Me,4ztaHDRJVuQe61KVCIpgqw,When It's Dark Out,44,2023-12-27T10:00:31Z
South Park Mexican,Real Gangsta,57h1yck2rm5Dtk5SZODzWt,When Devils Strike,49,2023-12-27T10:00:31Z
"ZAYN, Sia",Dusk Till Dawn (feat. Sia) - Radio Edit,3e7sxremeOE3wTySiOhGiP,Icarus Falls,80,2023-12-27T10:00:31Z
Man Ma'am,Preacher Man,00ITLI86HAsPCYKjnhVJVo,Preacher Man,0,2023-12-27T10:00:31Z
Fly Project,Get Wet,6lFcR5mNernjOxah3xAXqO,Get Wet,34,2023-12-27T10:00:31Z
"SAYGRACE, G-Eazy",You Don't Own Me (feat. G-Eazy),6KI1ZpZWYAJLvmVhCJz65G,FMA,71,2023-12-27T10:00:31Z
sammy rash,best friends,2ZQLEuaDw9rxJ5u5YR0KEw,best friends,48,2023-12-27T10:00:31Z
"Kris Kross Amsterdam, Conor Maynard, Ty Dolla $ign",Are You Sure? (feat. Ty Dolla $ign),0fH86zQcE2CmATQju6WpXv,Are You Sure? (feat. Ty Dolla $ign),38,2023-12-27T10:00:31Z
"Ed Sheeran, Danish National Symphony Orchestra, Christian Schumann","Hands of Gold (From ""Game of Thrones"")",1jrDr3VeNXdljqNfRbYtcP,Fantasymphony,29,2023-12-27T10:00:31Z
Connie Francis,Stupid Cupid,0KM3fzzUBVW0vW7RmFh28v,The Collection,53,2023-12-27T10:00:31Z
Kumar Rishi,Best Hindi Poetry (Jhooth),1XtK4pQUBuORuUiiZOQ4fn,Best Hindi Poetry (Jhooth),0,2023-12-27T10:00:31Z
Bandzlotn,Jake Logan Paul,3kDfOJTVREZsMEJjIm5sre,Lost Ep Tied In,8,2023-12-27T10:00:31Z
Karan Khan,Aatrang,4eytidpoZowiBDT1HQbEBV,Aatrang,28,2023-12-27T10:00:31Z
Taylor Swift,Look What You Made Me Do,1P17dC1amhFzptugyAO7Il,reputation,78,2023-12-27T10:00:31Z
No Method,Let Me Go,12UuHoc1ZI6rWVCM7gwUsi,Let Me Go,23,2023-12-27T10:00:31Z
G-Eazy,Been On,4jURQLDdnZp6l3PsvxJaZk,These Things Happen,48,2023-12-27T10:00:31Z
GOAT,Grenade,7v3BgTzIcSLtZYwBIWI6ip,Grenade,31,2023-12-27T10:00:31Z
"Justin Bieber, BloodPop®",Friends (with BloodPop®),7iNIg7XDEaYECfWD5dJ9Va,Friends (with BloodPop®),67,2023-12-27T10:00:31Z
KEKU,Brutal,0DwIBSFz0nOaleDrIqn9OK,Brutal,12,2023-12-27T10:00:31Z
Jan Meyer,Liza,7iWH2PL9hPFHXUV8Gm1sjB,Liza,1,2023-12-27T10:00:26Z
"Coldplay, Big Sean",Miracles (Someone Special),6uJwPeBGb3swi85TSr9iIz,Kaleidoscope EP,56,2023-12-27T10:00:26Z
"Ricegum, Alissa Violet",Its Every Night Sis,15Uxmx6D6hW0gY5kc7bpqU,Its Every Night Sis,38,2023-12-27T10:00:26Z
"Comedy Club Cover, Алексей Воробьёв feat. Зураб Матуа, Андрей Аверин, Дмитрий Сорокин",Сумасшедшая,73SkZPHVEaapQ2r2oaBvP6,Сумасшедшая,0,2023-12-27T10:00:26Z
"Becky G, Bad Bunny",Mayores,2AY1UAimvTqjJC8vDJsOyy,MALA SANTA,72,2023-12-27T10:00:26Z
Jon McLaughlin,So Close,62zGTnDqfpR6HShiU2brsS,Enchanted,31,2023-12-27T10:00:26Z
"Mahmut Orhan, Sena Şener",Feel (feat. Sena Sener) - Radio Edit,7Is0OPWVcN8DdZpcNuClcy,Feel (feat. Sena Sener) [Radio Edit],60,2023-12-27T10:00:26Z
Leanna Crawford,Photoshop,2TzDvcvICUWLDzio9LHMOo,Leanna Crawford - EP,33,2023-12-27T10:00:26Z
"ANTH, Conor Maynard",How It Go (feat. Conor Maynard),6FDdomjIahKplAVUlo8VNh,How It Go (feat. Conor Maynard),33,2023-12-27T10:00:26Z
Suki Waterhouse,Coolest Place in the World,54rOvFIQHqhv0sf71A4NpJ,Coolest Place in the World,44,2023-12-27T10:00:26Z
"Major Lazer, Anitta, Pabllo Vittar",Sua Cara,5D2m0GT5EDngcqD7YdkF7w,Major Lazer Essentials,43,2023-12-27T10:00:26Z
Lindsey Stirling,Crystallize,2qlo9lm8HSqy7T2dxiOZY6,Lindsey Stirling,50,2023-12-27T10:00:26Z
Lindsey Stirling,Elements,72igP3pWkB1FIcs3KjwXvV,Lindsey Stirling,39,2023-12-27T10:00:26Z
Saf. K,Tanha,3UqDFIROt2peU33tq4z3vi,Tanha,1,2023-12-27T10:00:26Z
Sad Instrumental Piano Music Zone,Very Sad Piano Music,1Z7nmSASoHL5JdsS38fxDT,"Very Sad Piano Music: Emotional and Sentimental Song for Cry, Sad Piano and Love Song",5,2023-12-27T10:00:26Z
Karaoke Freaks,Help Me Help You (Originally by Logan Paul and Why Don't We) - Instrumental Version,5WSVCmg2WaMmBWZBSrZKnE,Help Me Help You (Originally by Logan Paul and Why Don't We) [Instrumental Version],0,2023-12-27T10:00:26Z
"LB, Petrov",GTA,5RFodsXTGF5Lyz0jLb0Osr,GTA,8,2023-12-27T10:00:26Z
"Clean Bandit, Anne-Marie, Sean Paul",Rockabye,4Ed0yjbAZDmwuYnVoYXzDB,New Year’s Eve: 100 Uplifting Songs,49,2023-12-27T10:00:26Z
"Ramin Djawadi, Serj Tankian",The Rains of Castamere,0CHvs1UmxA90B2apIpbWCC,Game Of Thrones: Season 8 (Music from the HBO Series),55,2023-12-27T10:00:26Z
VioDance,Game Of Thrones - Violin Version,58mpEjmZqVXzx451ffAd0U,Game Of Thrones (Violin Version),27,2023-12-27T10:00:26Z
Tina Guo,"The Rains of Castamere (From ""Game of Thrones"")",21YZSpWCHR6jCAyVCO8oi9,Hollywood's Greatest Themes,46,2023-12-27T10:00:26Z
"J Balvin, Bad Bunny",Si Tu Novio Te Deja Sola,2joKSGkqac0LIwYG9Ghrwq,Si Tu Novio Te Deja Sola,73,2023-12-27T10:00:26Z
"Selena Gomez, Gucci Mane",Fetish (feat. Gucci Mane),4lnAN2S1fcI0SjxEbksZVr,Fetish (feat. Gucci Mane),74,2023-12-27T10:00:26Z
Enca,A Po T’pelqen,6hSjQ039M4SraYDHJgT258,A Po T’pelqen,34,2023-12-27T10:00:26Z
"Lakhi Ghuman, Mxrci",Future,3OcXLTBpiRvMISG61gj4sN,Future,34,2023-12-27T10:00:26Z
Jesse Brown 89,Aladeen Madafaka - Original,4NwWgjTURSo6ebycKjzh5K,Aladeen Madafaka (Original),35,2023-12-27T10:00:26Z
"Chris Jedi, J Balvin, Ozuna, Arcángel",Ahora Dice,5lhcHMDQpNwhM62lSOrvLf,Ahora Dice,72,2023-12-27T10:00:26Z
"Lindsey Stirling, Lzzy Hale",Shatter Me,3nSglalUiJYQfUsnzvI5Px,Shatter Me,6,2023-12-27T10:00:26Z
Linkin Park,Talking to Myself,7nAfXgeHfDO50upcOjJOaq,One More Light,60,2023-12-27T10:00:26Z
Michael Hunter,Soviet Connection — The Theme from Grand Theft Auto IV,5AAXvrvpClghVZIvk5wPqf,Grand Theft Auto IV — The Theme Song Collection,53,2023-12-27T10:00:26Z
FRAN¢,Heisenberg (Say My Name),0tFOK2dSnMy9mLF4T89EEL,Heisenberg (Say My Name),0,2023-12-27T10:00:26Z
Daybreack Light,Reacting,5fEzl0xMBNnowA2FQGo0XV,"Sing, Speak, Express",0,2023-12-27T10:00:26Z
"Lindsey Stirling, Kurt Hugo Schneider",It Ain't Me (feat. Kurt Hugo Schneider),3zRYtnr6MfnnTW1Po99dlH,It Ain't Me (feat. Kurt Hugo Schneider),40,2023-12-27T10:00:26Z
"KSI, Turkish Dcypha, P Money",Lamborghini,3OYYNXFY6tCSEt6eCbTrfl,Lamborghini,43,2023-12-27T10:00:26Z
Why Don't We,Something Different,1De8FIr9KBPm5owb0tmRKv,Something Different,44,2023-12-27T10:00:26Z
"Aqua, Tiësto",Barbie Girl - Tiësto Remix,4zPVMv84MMHehLNZYIS1Zv,Barbie Girl (Tiësto Remix),59,2023-12-27T10:00:26Z
"Rae Sremmurd, Madsonik",Black Beatles - Madsonik Remix,2nP8ocGldyxuc7L4v2NWfN,Black Beatles (Madsonik Remix),34,2023-12-27T10:00:26Z
Cleopatra Stratan,La Betleem Colo'N Jos,627VWafzIhHDoNgxlR86IN,Colinde Magice,12,2023-12-27T10:00:26Z
YOFI,Take a Seat,2rFIRAqaCx6uEVXY3aJb37,MOTEK,2,2023-12-27T10:00:26Z
Taylor Davis,Sadness and Sorrow (Naruto),4U2v1vLfpfNjOEXVuY1aHd,Gaming Fantasy,46,2023-12-27T10:00:26Z
Era Istrefi,Bonbon,79Nnbjlw4ulw59lkHUZm9N,Bonbon EP,58,2023-12-27T10:00:26Z
Imagine Dragons,Radioactive,62yJjFtgkhUrXktIoSjgP2,Night Visions,78,2023-12-27T10:00:26Z
"DNCE, Nicki Minaj",Kissing Strangers,1NkwZ9TnIs8js6G0M6M7RU,Kissing Strangers,55,2023-12-27T10:00:26Z
Johnny,Hands In The Cookie Jar,6svxEkiYg1hd3NfOwpNt79,Hands In The Cookie Jar,0,2023-12-27T10:00:26Z
Robinia Farn,Couple - Radio Edit,4UbSgPvdXmEoByvsbisH9K,Laguna,4,2023-12-27T10:00:26Z
Sam Smith,I'm Not The Only One,7795WJLVKJoAyVoOtCWqXN,In The Lonely Hour,82,2023-12-27T10:00:19Z
"Fifth Harmony, Kid Ink",Worth It (feat. Kid Ink),41Fflg7qHiVOD6dEPvsCzO,Reflection (Deluxe),74,2023-12-27T10:00:19Z
"David Guetta, Justin Bieber",2U (feat. Justin Bieber),3A7qX2QjDlPnazUsRk5y0M,2U (feat. Justin Bieber),62,2023-12-27T10:00:19Z
Blur,Girls & Boys,5CeL9C3bsoe4yzYS1Qz8cw,Blur: The Best Of,68,2023-12-27T10:00:19Z
Ed Sheeran,Toughest - Bonus Track,0C1dOJr5ae2tJSUGxMXTcC,- (Deluxe),45,2023-12-27T10:00:19Z
"Jason Derulo, Nicki Minaj, Ty Dolla $ign",Swalla (feat. Nicki Minaj & Ty Dolla $ign),6kex4EBAj0WHXDKZMEJaaF,Swalla (feat. Nicki Minaj & Ty Dolla $ign),68,2023-12-27T10:00:19Z
Jeff Golub,On The Beach,6X0XzLsQZHLfOeoWUjRAye,Do It Again,40,2023-12-27T10:00:19Z
Fetty Wap,Trap Queen,2d8JP84HNLKhmd6IYOoupQ,Fetty Wap (Deluxe),73,2023-12-27T10:00:19Z
"gnash, Olivia O'Brien","i hate u, i love u (feat. Olivia O'Brien)",043IFBhrqL9c1huP60EJmt,"I Hate You, I Love You",1,2023-12-27T10:00:19Z
Imagine Dragons,Walking The Wire,1y3bE5i57eUm3hfLAc7h08,Evolve,67,2023-12-27T10:00:19Z
"Stereoliez, Gravity, Ceri",STEEZE,6vJusQEXXzgRLCSCwExwk7,STEEZE - EP,1,2023-12-27T10:00:19Z
Music Together,Ridin’ in the Car,4JlHYmxAyD4QYm9glnZrFG,Music Together Family Favorites,37,2023-12-27T10:00:19Z
Shawn Mendes,There's Nothing Holdin' Me Back,7JJmb5XwzOO8jgpou264Ml,Illuminate (Deluxe),84,2023-12-27T10:00:19Z
Adam Lang,Locked Away,2XSCXW31rOKM6MsNrGJTKi,Would You Still Love Me the Same (Will You Tell Me Honestly),47,2023-12-27T10:00:19Z
"DJ Khaled, Justin Bieber, Quavo, Chance the Rapper, Lil Wayne","I'm the One (feat. Justin Bieber, Quavo, Chance the Rapper & Lil Wayne)",3DXncPQOG4VBw3QHh3S817,Grateful,69,2023-12-27T10:00:19Z
ABC Kids,The Tale of Little Red Riding Hood,2AeLRcRiOiiMraEOI6aylJ,"Storybook Favourites - A Collection of Stories, Fairytales and Nursery Rhymes",2,2023-12-27T10:00:19Z
"Liam Payne, Quavo",Strip That Down,4Ro98RCK90oHqqSZUnTFq5,Strip That Down,66,2023-12-27T10:00:19Z
Kendrick Lamar,HUMBLE.,7KXjTSCq5nL1LoYtL7XAwS,DAMN.,82,2023-12-27T10:00:19Z
Morteza Pashaei,Negarane Mani,7nhvpK1icXlw3qB1Q4ZIYU,Negarane Mani,20,2023-12-27T10:00:19Z
Justin Bieber,Be Alright - Acoustic Version,7omCJ8LK58BHemymKeNwww,Believe Acoustic,43,2023-12-27T10:00:19Z
"Osmani Garcia ""La Voz"", Pitbull, Sensato",El Taxi,1qpbJ8GiPc706AfGqZAIei,El Taxi,60,2023-12-27T10:00:19Z
"Ed Sheeran, Stormzy",Shape of You - Stormzy Remix,2NHSYwGkAvPHzCinY0KwXo,Shape of You (Stormzy Remix),51,2023-12-27T10:00:19Z
"Justin Bieber, Oliver Twizt",Boyfriend - Oliver Twizt Radio,2nTJJrDp2R8fLQXsO8Gnl8,Boyfriend (Remixes),16,2023-12-27T10:00:19Z
"Flo Rida, Sage The Gemini, Lookas",GDFR (feat. Sage the Gemini & Lookas),26rdOwwjC2UnweK3xeS58u,My House,70,2023-12-27T10:00:19Z
Justin Bieber,Love Yourself,0rAvQhYw8KXzeWH5bCaP41,Dreamy Day,0,2023-12-27T10:00:19Z
"Paul Anka, Odia Coates",(You're) Having My Baby,5PuAFxKmqG72uKyoo11zpQ,Anka,48,2023-12-27T10:00:19Z
"Red Bull Batalla, Skone, Aczino",Aczino Vs Skone - Round 2 - Live,6ZuyWbfSzGO9yNjfvzOQWA,Red Bull Batalla 5 Vidas,26,2023-12-27T10:00:19Z
Justin Bieber,I'll Show You,0SNIAtRCPVVLoGEPcuHSIc,Purpose (Deluxe),60,2023-12-27T10:00:19Z
Justin Bieber,What Do You Mean?,4B0JvthVoAAuygILe3n4Bs,Purpose (Deluxe),80,2023-12-27T10:00:19Z
"Poo Bear, Justin Bieber, Jay Electronica",Hard 2 Face Reality,0sPJELXHyWpFgkxlzvvRFI,Hard 2 Face Reality,67,2023-12-27T10:00:19Z
Malie Donn,Courthouse,0F5ZGIc4oVvTfweUzlHbd0,Ant's Nest Riddim,3,2023-12-27T10:00:19Z
"Jack Ü, Skrillex, Diplo, Justin Bieber",Where Are Ü Now (with Justin Bieber),66hayvUbTotekKU3H4ta1f,Skrillex and Diplo present Jack Ü,72,2023-12-27T10:00:19Z
Lim Ha Young,Millennial Love,27GMAjtG98uSfKKnFVdwUS,Search: WWW (Original Television Soundtrack),20,2023-12-27T10:00:19Z
"Eminem, Dr. Dre, Snoop Dogg, Xzibit, Nate Dogg",Bitch Please II,7lgvU7WnwcNZ8dbGUz8yhP,The Marshall Mathers LP,70,2023-12-27T10:00:19Z
"Atmosphere, Slug, Ant",Bad Bad Daddy,4WDvshvLQI4TTkjCnbIOmi,The Family Sign,14,2023-12-27T10:00:19Z
"Justin Bieber, Big Sean",As Long As You Love Me,0pwYLVXVknPSGUQb39cePC,Believe (Deluxe Edition),64,2023-12-27T10:00:19Z
Justin Bieber,Be Alright,0nxvFG50rGXkiGQqOO2MHr,Believe (Deluxe Edition),49,2023-12-27T10:00:19Z
"Kendrick Lamar, MC Eiht",m.A.A.d city,3qX1dqmDdmMvvfMVfsx4Bh,"good kid, m.A.A.d city (Deluxe)",64,2023-12-27T10:00:19Z
Ed Sheeran,Shape of You,1aEvktJbnLjs5yLOJvwJy1,Melhores Hits Internacionais de Todos os Tempos,0,2023-12-27T10:00:19Z
"The Holiday Place, The Be Good Tanyas",Rudy,48ynxqj2tsE9qfuOZSjdHl,Mellow Christmas Acoustic,31,2023-12-27T10:00:19Z
Marshmello,Alone,3MEYFivt6bilQ9q9mFWZ4g,Alone,69,2023-12-27T10:00:19Z
Fall Out Boy,Young And Menace,6XEPmHllDGDaO4w84Xjtgi,MANIA,45,2023-12-27T10:00:02Z
"Kygo, Selena Gomez, Tiësto",It Ain't Me - Tiësto's AFTR:HRS Remix,6PnfLB5Z1DtXFMqhNn6wDY,It Ain't Me (Tiësto's AFTR:HRS Remix),43,2023-12-27T10:00:02Z
New Tribute Kings,Deadpool Rap (Film Mix) (Originally Performed By Teamheadkick),65Y4oNqhIaOi3rCJ0m1X17,"It's the Hits! 2016, Vol. 4",0,2023-12-27T10:00:02Z
"Charlie Puth, Meghan Trainor, Boehm",Marvin Gaye (feat. Meghan Trainor) - Boehm Remix,35Ys6m2aXKVOAMD5SlP2W2,Marvin Gaye (feat. Meghan Trainor) [Remixes],15,2023-12-27T10:00:02Z
Fearless Motivation,Best Version of Yourself (Motivational Speech),48BhqxZnXRLD0zaBH0zbqB,Born Ready (Motivational Speeches Gym & Workout),7,2023-12-27T10:00:02Z
Charlie Puth,Attention,5cF0dROlMOK5uNZtivgu50,Voicenotes,80,2023-12-27T10:00:02Z
"Mike WiLL Made-It, Miley Cyrus, Wiz Khalifa, Juicy J",23,4if4AqzRQgEtTF1xXddmoc,23,40,2023-12-27T10:00:02Z
"Godson, Anybxdy",DIEGO,1E0mygo1XUYoQcVNlpMoLX,L’ÉTOILE NOIRE,16,2023-12-27T10:00:02Z
"ZAYN, PARTYNEXTDOOR",Still Got Time (feat. PARTYNEXTDOOR),75xAS5ctghhPaL7BJi34hi,Icarus Falls,47,2023-12-27T10:00:02Z
Harry Styles,Sign of the Times,5Ohxk2dO5COHF1krpoPigN,Harry Styles,81,2023-12-27T10:00:02Z
YTB,Cartel Talk,1HIim0e7Wy3GaEGmy3kyKW,Cartel Talk,19,2023-12-27T10:00:02Z
Furkan Soysal,Partymix,2CAHGsG5OLRe4MeyuFrfNa,Nova,15,2023-12-27T10:00:02Z
Julia Michaels,Issues,7vu0JkJh0ldukEYbTVcqd0,Nervous System,71,2023-12-27T10:00:02Z
Rag'n'Bone Man,Human,58zsLZPvfflaiIbNWoA22O,Human (Deluxe),79,2023-12-27T10:00:02Z
"BMSD619, bloodstone the street preacher",DIEGO,4uHNUth2okg06am0VEYRhd,DIEGO,4,2023-12-27T10:00:02Z
Coldplay,Paradise,6nek1Nin9q48AVZcWs9e9D,Mylo Xyloto,81,2023-12-27T10:00:02Z
Rihanna,Where Have You Been,5WQQIDU3HRaMyPkob8mpFb,Talk That Talk,72,2023-12-27T10:00:02Z
Black Eyed Peas,Let's Get It Started - Spike Mix,4hfIVhq0F0zFUcrbecsYmo,Elephunk,71,2023-12-27T10:00:02Z
Green Day,Nice Guys Finish Last,0EonrvTzzNScmk7QT4L3dw,Nimrod,53,2023-12-27T10:00:02Z
Zhdana Simashkevich,Fail,1XRjmtNZwxDEr5mpKWsPgt,Fail,0,2023-12-27T10:00:02Z
"Starley, Ryan Riback",Call on Me - Ryan Riback Remix,14uKsvPJ0quzQvdB6f7Dur,Call on Me (Remixes),51,2023-12-27T10:00:02Z
BTS,Fire - Japanese Ver.,37T5IYyhKNow16Rf2eohTt,Youth,36,2023-12-27T10:00:02Z
Bird,Side Bitches,3iporZxV4Cc4U1xATD8sxF,Side Bitches,15,2023-12-27T10:00:02Z
Mark Smalls,Couples Therapy,1GCTVfVe0KTVHQAbB8AGji,Don't Tell Comedy Presents: Mark Smalls,1,2023-12-27T10:00:02Z
One Direction,Night Changes,5O2P9iiztwhomNh8xkR9lJ,FOUR (Deluxe),87,2023-12-27T10:00:02Z
DVRST,I'M SORRY,0K3JJbRm9y70tesc73U6bn,I'M SORRY,46,2023-12-27T10:00:02Z
Saint Levant,FaceTime,2eKZvfQGKWrpASz67UCvTo,FaceTime,52,2023-12-27T10:00:02Z
Zarcort,Suicide Squad,7r9cMqcE2TdceR5MsA8Zt9,Rap Play Vol. 5,21,2023-12-27T10:00:02Z
"Mickey Singh, Waseem Stark",Bad Girl,71h0NJQXawu6sYYRDU2DMK,Mickstape,34,2023-12-27T10:00:02Z
"Charlie Puth, Selena Gomez",We Don't Talk Anymore (feat. Selena Gomez),06KyNuuMOX1ROXRhj787tj,Nine Track Mind,76,2023-12-27T10:00:02Z
Bear McCreary,Theme from the Walking Dead,2cji350vUbvxQ9QwyL5Nkp,The Walking Dead (Original Television Soundtrack),43,2023-12-27T10:00:02Z
"Motiversity, Marcus Taylor",Lone Wolf (Motivational Speech),45xJKAKlu5nDuU6g7dhPg2,Rise of the Underdog (Motivational Speeches),2,2023-12-27T10:00:02Z
NIKSEJ,Diego,6Uyj5m5ZdS59qg1NwOYcEt,Diego,0,2023-12-27T10:00:02Z
Steve Miller Band,Jet Airliner,2zI3bUYn2pcF27of6i2oqK,Greatest Hits 1974-78,62,2023-12-27T10:00:02Z
Miley Cyrus,Malibu,1UZOjK1BwmwWU14Erba9CZ,Younger Now,69,2023-12-27T10:00:02Z
Dave Porter,Breaking Bad Main Title Theme (Extended),2hsLpiKNkWpd4e9QuVdhar,Breaking Bad: Original Score from the Television Series,46,2023-12-27T10:00:02Z
"Hamilton Leithauser, Rostam",A 1000 Times,7dfQNWgVxikbrdvEmsfPMA,I Had a Dream That You Were Mine,28,2023-12-27T10:00:02Z
Fearless Motivation,So What (Motivational Speech),1I3gmUmd5pAHs6DXtfEAEc,So What (Motivational Speech),23,2023-12-27T10:00:02Z
Rudy Mancuso,Circle of Love,7gUsOCsarjDimkNanPciNx,Circle of Love,20,2023-12-27T10:00:02Z
Beyoncé,Formation,6g0Orsxv6glTJCt4cHsRsQ,Lemonade,66,2023-12-27T10:00:02Z
T-Pain,Best Love Song,4CHLYbx8NB1LUn5WqT0SzV,Revolver (Expanded Edition),63,2023-12-27T10:00:02Z
"Major Lazer, PARTYNEXTDOOR, Nicki Minaj",Run Up,7yLqa0LloZ3RdiOyC1iMyx,Run Up (Remixes),0,2023-12-27T09:59:50Z
Hussain Aljassmi,وتبقى لي,3KOxycw0IufIt5fARl3WXj,من القلب,34,2023-12-27T09:59:50Z
Ellie Goulding,On My Mind,5a7NdkF09AfD0H607eiOkX,Delirium (Deluxe),64,2023-12-27T09:59:50Z
1 800 PAIN,LEGO,5iY1FjXaB3gAjyfv68KpxB,BEST HOUSE ON A BAD BLOCK,29,2023-12-27T09:59:50Z
bbygirl,3d - sped up,27l8b8vA2HsUOzd6UQEV6W,3d (sped up),29,2023-12-27T09:59:50Z
Dj Otto,Navidad Tribal,33YwUfJ6MYmYVB8fDWkOfy,"Tribal Remix, Vol. 3",33,2023-12-27T09:59:50Z
Sharleen Ka,I Don't Wanna Live Forever (Fifty Shades Darker) - Reprise Electro Zayn & Taylor Swift,7KYNSvFpTOcP2AzxVioRUL,The Futur Is Only Female - EP (Continental Charts 2017),10,2023-12-27T09:59:50Z
Flame Boy,douchebag,3snGZngoSIjkkDixAaVxES,Flames Of Love,0,2023-12-27T09:59:50Z
Ajmw,Thoughts,0JGZ4hsAsWRLZFGTPH0FPL,No Thoughts I,28,2023-12-27T09:59:50Z
OneRepublic,Good Life,6OtCIsQZ64Vs1EbzztvAv4,Waking Up,70,2023-12-27T09:59:50Z
"Yasser Desai, Palash Muchhal",Tu Jo Kahe,5rjg75j03Y8lfZnR3kDTxx,Tu Jo Kahe,36,2023-12-27T09:59:50Z
Justin Hurwitz,Mia & Sebastian’s Theme,1Vk4yRsz0iBzDiZEoFMQyv,La La Land (Original Motion Picture Soundtrack),68,2023-12-27T09:59:50Z
Teriyaki Boyz,Tokyo Drift (Callmearco Remix),26kcJRHsCABz6lHttO4eqK,Tokyo Drift (Callmearco Remix),46,2023-12-27T09:59:50Z
Alan Walker,Faded (Interlude),02Jk9LuQmKe6YYFfcRdXpY,Different World,41,2023-12-27T09:59:50Z
"Roop Kumar Rathod, Shreya Ghoshal, Richard Clayderman",Yeh Dhuan Dhuan,77Xz9WYMqXw7xFb44CyTEf,Tumsa Nahin Dekha - A Love Story (Original Motion Picture Soundtrack),23,2023-12-27T09:59:50Z
"VODOLEY, TELEC",First Time Drunk with You,0A5dOBDsw3O58bC8LpKaXK,M,1,2023-12-27T09:59:50Z
"mgk, Camila Cabello",Bad Things (with Camila Cabello),1PSBzsahR2AKwLJgx8ehBj,bloom,69,2023-12-27T09:59:50Z
instrumetalbeat,cinematic sound,1LStX31mKCl8vYKIvTfxel,Lofi Album,0,2023-12-27T09:59:50Z
Omegalas,The Dating Game Theme,4bxM5JIl4i95p53iyeQY15,#1 Game Show TV Theme Songs (Classic Game Shows),16,2023-12-27T09:59:50Z
Calvin Harris,Summer,6YUTL4dYpB9xZO5qExPf05,Motion,79,2023-12-27T09:59:50Z
The Chainsmokers,Young,1KeZgPUr54C8iz3FjqzVoz,Memories...Do Not Open,54,2023-12-27T09:59:50Z
Hail Mary Mallon,Picture Day,2xLzGRD6IyNFcbmQtVQYkS,Bestiary (Bonus Track Version),25,2023-12-27T09:59:50Z
"ThaKidd GQ, Mello Will",The Rock,71Kyb4rUMKLF8FmzKLG0iK,Smackdown vs Raw 2,1,2023-12-27T09:59:50Z
"Calvin Harris, Disciples, Unorthodox",How Deep Is Your Love - Disciples & Unorthodox Remix,4VX4Ydw5dcSwcYwHjUqNOR,How Deep Is Your Love (Remixes),46,2023-12-27T09:59:50Z
Kendrick Lamar,DNA.,6HZILIRieu8S0iqY8kIKhj,DAMN.,77,2023-12-27T09:59:50Z
Chizzy,Photoshop,54n58GqUNiuA1Ixf5YvgaS,2k Chizzy Deluxe Edition,0,2023-12-27T09:59:50Z
"Kishan Raj, Suman Gupta",Photoshop Filter,6M62YxOLZyWKnB72RNAUgn,Photoshop Filter,0,2023-12-27T09:59:50Z
"Tim Berg, Avicii",Bromance - Avicii's Radio Edit,0xHQuV3c496RjG7ocxBINZ,Bromance (Remixes),52,2023-12-27T09:59:50Z
Pink Floyd,Hey You,7F02x6EKYIQV3VcTaTm7oN,The Wall,65,2023-12-27T09:59:50Z
Sing Street,To Find You,75WOBjhzpCPLxo8MqXyJf1,Sing Street (Original Motion Picture Soundtrack),40,2023-12-27T09:59:50Z
Sing Street,Drive It Like You Stole It,4rMN8vnOmVvQSMkXp6OLfv,Sing Street (Original Motion Picture Soundtrack),44,2023-12-27T09:59:50Z
"Nick Glennie-Smith, Harry Gregson-Williams, Hans Zimmer",Hummell Gets The Rockets,5yo1YetRkOcJy6Eu14dbB4,The Rock,40,2023-12-27T09:59:50Z
"Kiiara, Felix Snow",Whippin (feat. Felix Snow),3QWjljChcOMkRDYSzF33Qr,Whippin (feat. Felix Snow),41,2023-12-27T09:59:50Z
Damon Albarn,Photographs (You Are Taking Now),3YKzOayX42YJwpaVlpG5H0,Everyday Robots,25,2023-12-27T09:59:50Z
Party Tyme,Go Now (made popular by Adam Levine) [backing version],0w3huoNJiO02th0cIEWCkk,Pop Male Hits 18 - Party Tyme (Backing Versions),2,2023-12-27T09:59:50Z
"Salim Sekhawas, Shilpa Bidawat",Chhora Gav Ka,7cgo5ILDrhpVUR20rzkCEf,Chhora Gav Ka,19,2023-12-27T09:59:50Z
Idleboi,Your Body Language Speaks to Me in Lofi,3NS4ioxvU89IKOh7NyAuWL,Your Body Language Speaks to Me in Lofi,39,2023-12-27T09:59:50Z
"Snoop Lion, Collie Buddz",Smoke the Weed (feat. Collie Buddz),37xmYCdS1pNz8TRFoaKvrR,Reincarnated (Deluxe Version),50,2023-12-27T09:59:50Z
"Sean Paul, Migos",Body,3PGubBdFfQSHAHsXb068eG,Mad Love The Prequel,37,2023-12-27T09:59:50Z
"Subway Shamans, Rising Dust",Lucy - Rising Dust Remix,0fFtBx784ixMRZ3Y5vtAEm,Shofar,28,2023-12-27T09:59:50Z
"Buckethead and Travis Dickerson, Buckethead",The Chicken Or the Egg (feat. Buckethead),4hM6UMz5BwK48fsveIEXkg,Chicken Noodles 2,8,2023-12-27T09:59:50Z
Suldaan Seeraar,Somali Weeye,51TsRA2xuAjgoF0V0kq5g1,Somali Weeye,0,2023-12-27T09:59:50Z
Rio Romeo,Gay Jokes,30PybCpEYrdNPVUKeoh1KN,Obnoxious Liberal: The Musical,0,2023-12-27T09:59:50Z
José González,This Is How We Walk on the Moon,6kl4OzCsV77Sr5FuTZwwkv,This Is How We Walk on the Moon,22,2023-12-27T09:59:50Z
Lil Uzi Vert,XO Tour Llif3,7GX5flRQZVHRAGd6B4TmDO,Luv Is Rage 2,79,2023-12-27T09:59:50Z
Ylvis,The Fox (What Does the Fox Say?),5HOpkTTVcmZHnthgyxrIL8,The Fox (What Does the Fox Say?),62,2023-12-27T09:59:50Z
Hussain Aljassmi,Boushret Kheir,6DPqxlITNTjIMzcWHCUwCZ,Masri,58,2023-12-27T09:59:50Z
echonoid,Asian Girl,4d28G1CY6UbPXSs3pPpbyj,Asian Girl,20,2023-12-27T09:59:50Z
Ed Sheeran,Lego House,5ubHAQtKuFfiG4FXfLP804,+,68,2023-12-27T09:59:38Z
Ed Sheeran,Give Me Love,0SuG9kyzGRpDqrCWtgD6Lq,+,67,2023-12-27T09:59:38Z
Shawn Mendes,Stitches,6U2d14qJNVo3NXdQI92eW1,Best Hits 2023,0,2023-12-27T09:59:38Z
Personal Subliminal Messages Programs,Avoid Eating Junk Food - Relaxing Rain,4KelQLuSRrHDysC21f1gqi,Avoid Eating Junk Food - Subliminal Messages,15,2023-12-27T09:59:38Z
DMX,Where The Hood At,6RUpJeXT6U4SPEafnr9Wr7,Grand Champ,66,2023-12-27T09:59:38Z
Pav Dharia,Na Ja,32LKwbmh6yVsWoRRF8DIvf,Na Ja,67,2023-12-27T09:59:38Z
Ed Sheeran,The A Team,1VdZ0vKfR5jneCmWIUAMxK,+,70,2023-12-27T09:59:38Z
"The Chainsmokers, Halsey",Closer,7BKLCZ1jbUBVqRi2FVlTVw,Closer,84,2023-12-27T09:59:38Z
"Slim Thug, Z-Ro",Gangsta,1VfjcoqpW6Ty19YexT6oVP,Tha Thug Show (Deluxe Edition),32,2023-12-27T09:59:38Z
"Gary Jules, Michael Andrews",Mad World,3JOVTQ5h8HGFnDdp4VT3MP,Trading Snakeoil for Wolftickets,65,2023-12-27T09:59:38Z
"Kid Ink, Tyga, Wale, YG, Rich Homie Quan",Ride Out,3fSA7loqJ3ulnVJtJrEiYn,Furious 7: Original Motion Picture Soundtrack (Deluxe),44,2023-12-27T09:59:38Z
"Pitbull, J Balvin, Camila Cabello",Hey Ma (with Pitbull & J Balvin feat. Camila Cabello),6DRGwsUFQrNerxRexK7KMB,Hey Ma (with Pitbull & J Balvin feat. Camila Cabello),62,2023-12-27T09:59:38Z
Saad Lamjarred,Ana Machi Sahel,376PkxFT7rjFxPhKVADSgc,Ana Machi Sahel,39,2023-12-27T09:59:38Z
Sleeping Phoenix,Pokemon Centre,4rwCQSnmYOVPRO1SSWHDFJ,Pokemon Memoirs: Kanto Edition,17,2023-12-27T09:59:38Z
Marian Hill,Down,0ZQfn5nh2TnVE6Q0AT8eXr,ACT ONE (The Complete Collection),54,2023-12-27T09:59:38Z
"Fetty Wap, Monty",No Days Off (feat. Monty),3wr2fJ91iGjZlrcDLJ6bYp,Fetty Wap (Deluxe),39,2023-12-27T09:59:38Z
"B., juQ",Unknown,2Puk7yEc5yyoDQFUDp5C19,Ohhh! B.,5,2023-12-27T09:59:38Z
Christina Perri,a thousand years,6z5Yh7kOKeLjqIsNdokIpU,The Twilight Saga: Breaking Dawn - Part 1 (Original Motion Picture Soundtrack),63,2023-12-27T09:59:38Z
OneRepublic,Let's Hurt Tonight,05sCp83gcMm1iecYydKJS3,Oh My My,55,2023-12-27T09:59:38Z
Ed Sheeran,Save Myself,6TIU9Ehmi6dMzZK73Ym4yj,÷ (Deluxe),56,2023-12-27T09:59:38Z
BabaNarsieSA,Facts,0zTfR5RF7RFbRHEGlhY5Tc,Facts,0,2023-12-27T09:59:38Z
"G-Eazy, Carnage, THIRTY RACK",Guala (feat. THIRTYRACK),0gENjASIsFnZQI8ZLcFX8R,Step Brothers,44,2023-12-27T09:59:38Z
"Sami Yusuf, Outlandish",Try Not To Cry,2wsnjaEjtKif3fUTz8oLD4,My Ummah,23,2023-12-27T09:59:38Z
"Milo Manheim, Meg Donnelly, Kylee Russell, Carla Jeffery, Chandler Kinney, Pearce Joza, Baby Ariel, ZOMBIES – Cast, Disney",Flesh & Bone,72SvoAUIQnaPJIzEspcgW6,ZOMBIES 2 (Original TV Movie Soundtrack),56,2023-12-27T09:59:38Z
Fun Kids English,How Many Fingers? (Counting),3rejpNX95pXwvnystt7jKK,Kids Songs to Learn English,22,2023-12-27T09:59:38Z
The Chainsmokers,The One,0wfbD5rAksdXUzRvMfM3x5,Memories...Do Not Open,52,2023-12-27T09:59:38Z
"The Chainsmokers, Coldplay",Something Just Like This,6RUKPb4LETWmmr3iAEQktW,Memories...Do Not Open,86,2023-12-27T09:59:38Z
"Clean Bandit, Zara Larsson",Symphony (feat. Zara Larsson),1x5sYLZiu9r5E43kMlt9f8,Symphony (feat. Zara Larsson),74,2023-12-27T09:59:38Z
Maren Morris,I Wish I Was,0CqvhN7ChNjQf4tHp5rKTv,HERO (Deluxe Edition),41,2023-12-27T09:59:38Z
Compil Rai jdid,Saad lamjarred - Balak سعد لمجرد بلاك,3Qc1x2O5dY6NIvYkCQSlAi,Saad lamjarred - Balak سعد لمجرد بلاك,0,2023-12-27T09:59:38Z
Doctor Action,Reaction,0SGRGeL8532m6aeqVJftxT,Reaction,6,2023-12-27T09:59:38Z
Jamila,بلاش بلاش,0HCPSd4xNAu3MnXyXGHwzg,بلاش بلاش,37,2023-12-27T09:59:38Z
Shayne Ward,No Promises,2GdGb6bdMYoq7EHkmWvb5D,Shayne Ward (Expanded Edition),54,2023-12-27T09:59:38Z
BrunuhVille,The Wolf and the Moon,6YRhsMo2xLndRkDduSGELA,Aurora,40,2023-12-27T09:59:38Z
ANGEL ANN JULIAN,Stop Rapping,5Jm4z7mguzKy7TY1swLXf9,AJ the MC,0,2023-12-27T09:59:38Z
Saad Lamjarred,Salina,7vXGxIBaBxmE6CuGQjmTya,Wala Alik,42,2023-12-27T09:59:38Z
Saad Lamjarred,Mal Hbibi,04O2lYPszboATcwFyjF80O,Wala Alik,53,2023-12-27T09:59:38Z
Boris Karloff,Halloween Pranks,1otaZaMde96qVct1wA5flt,Radio Shows For Halloween,0,2023-12-27T09:59:38Z
Hippie Sabotage,Drifter,1DehtVbbTjUQjxGaXd5PnH,Drifter,52,2023-12-27T09:59:38Z
"Chris Brown, Tyga, Kevin McCall",Deuces (feat. Tyga & Kevin McCall),6wN4nT2qy3MQc098yL3Eu9,F.A.M.E. (Expanded Edition),68,2023-12-27T09:59:38Z
Ernie,Straight A's,0BEoBA5xvUpDgWE0a05YHV,Ernie's Journey,0,2023-12-27T09:59:38Z
"Saad Lamjarred, Calema",Enty Hayaty,2FCV8dhMiAl3fNifmx1Q3m,Enty Hayaty,48,2023-12-27T09:59:38Z
Teddy Swims,Simple Things,3qTnncgYlMT0k0Z0prgUgD,Simple Things (Piano Version),63,2023-12-27T09:59:38Z
"BRadical, Yung Titan",Super Nice,7Kh51eM6uZYw1jtXvyRIUe,You Say That I'm Gangster,0,2023-12-27T09:59:38Z
CygnosiC,Mad Desire,0u0DemcAVoj0JlESkex7IY,Fire and Forget (Extended Edition),37,2023-12-27T09:59:38Z
Guitar Dreamers,Unbelievable - Instrumental,2OLp5zorGt2Ued6Lzyeyq1,90's Acoustic Rock (Instrumental),0,2023-12-27T09:59:28Z
P!nk,"Just Like Fire (From the Original Motion Picture ""Alice Through The Looking Glass"")",7K5dzhGda2vRTaAWYI3hrb,"Just Like Fire (From the Original Motion Picture ""Alice Through The Looking Glass"")",65,2023-12-27T09:59:28Z
Kiiara,Feels,6cdEo2qPBf5qQxju4Aos8U,lil kiiwi,39,2023-12-27T09:59:28Z
"Beyoncé, Shakira",Beautiful Liar,2HWWNoWEEEECwZhAiLg7ib,B'Day Deluxe Edition,67,2023-12-27T09:59:28Z
Brinson,That Time I Won an Award,6AsokHdmsgoYEbj2OjYS5B,Reversing Tomorrow,0,2023-12-27T09:59:28Z
"Armaan Malik, Shruti Pathak, Gourov-Roshin, Anand Raj Anand",Kehta Hai Pal Pal,2t34R5GIi95a9JI1tATTFg,Kehta Hai Pal Pal,45,2023-12-27T09:59:28Z
Imagine Dragons,Believer,3gzgKtnlHC1ZJXopj7dnyH,Jahresrückblick 2023,0,2023-12-27T09:59:28Z
"Mike Posner, Seeb",I Took A Pill In Ibiza - Seeb Remix,4dDUMKiV6aIGD8R1h8Av2y,Energizing Mix,0,2023-12-27T09:59:28Z
"The Chainsmokers, XYLØ",Setting Fires,2PC9Tl8SWVO2yhDDtJcrAi,Collage EP,48,2023-12-27T09:59:28Z
"Britney Spears, Tinashe, Bad Royale",Slumber Party (feat. Tinashe) - Bad Royale Remix,5YnaJGboZPrCvUTcYJ2dKe,Slumber Party feat. Tinashe (Remix EP) (feat. Tinashe),21,2023-12-27T09:59:28Z
Kehlani,Gangsta,5Ahrtf9pZ1WalaVRCvml7a,Gangsta R'n'B,25,2023-12-27T09:59:28Z
The Weeknd,Reminder,37F0uwRSrdzkBiuj0D5UHI,Starboy,80,2023-12-27T09:59:28Z
Furkan Soysal,Thirsty,30J8Qa07oAXIugyOZSQaCW,Bounce,6,2023-12-27T09:59:28Z
Bradley Dorothy,The Mechanical Doll,6XeoyhbC3bOtgsM7i1ZS7S,It Will Never End,18,2023-12-27T09:59:28Z
"Iamsu!, P-Lo",What U Bout,5Fkno9WbSOc21swIk8XS0P,"Sincerely Yours, IAMSU!",20,2023-12-27T09:59:28Z
T.O.P.,DOOM DADA - KR Ver. (BIGBANG WORLD TOUR 2015〜2016 [MADE] IN JAPAN),0Hu1J80861SzvzIUi0FAYU,BIGBANG WORLD TOUR 2015〜2016 [MADE] IN JAPAN,34,2023-12-27T09:59:28Z
Ankit Tiwari,Mujko Tere Ishq Mai Bhigade,6nLiyreijkv0DaywKgFwPP,Jeena Isi Ka Naam Hai (Original Motion Picture Soundtrack),2,2023-12-27T09:59:28Z
"Lil Wayne, Wiz Khalifa, Imagine Dragons, X Ambassadors, Logic, Ty Dolla $ign","Sucker for Pain (with Wiz Khalifa, Imagine Dragons, Logic & Ty Dolla $ign feat. X Ambassadors)",7GkRHYWICZkbMOWSI2eC9W,Suicide Squad: The Album (Collector's Edition),41,2023-12-27T09:59:28Z
"INNA, J Balvin",Cola Song (feat. J Balvin),2ZAOEPkOeZTGsjGHWyCThc,Cola Song (feat. J Balvin),60,2023-12-27T09:59:28Z
Round2Crew,Booty Had Me Like (Woah),2NL6VOXd7ngObm99LUZk2I,Woah,36,2023-12-27T09:59:28Z
Ed Sheeran,Perfect,0tgVpDi06FyKpA1z0VMD4v,÷ (Deluxe),85,2023-12-27T09:59:28Z
Ed Sheeran,What Do I Know?,2pJZ1v8HezrAoZ0Fhzby92,÷ (Deluxe),62,2023-12-27T09:59:28Z
"Skrillex, Rick Ross",Purple Lamborghini (with Rick Ross),6JyuJFedEvPmdWQW0PkbGJ,Purple Lamborghini (with Rick Ross),62,2023-12-27T09:59:28Z
"Post Malone, Quavo, Future",Congratulations - Remix,2YK01AIIWuywG24gsbuizE,Congratulations (Remix),44,2023-12-27T09:59:28Z
"Eminem, Rihanna",The Monster,48RrDBpOSSl1aLVCalGl5C,The Marshall Mathers LP2,78,2023-12-27T09:59:28Z
Eminem,Not Afraid,7Ie9W94M7OjPoZVV216Xus,Recovery,77,2023-12-27T09:59:28Z
Bruno Mars,24K Magic,6b8Be6ljOzmkOmFslEb23P,24K Magic,80,2023-12-27T09:59:28Z
Bruno Mars,That's What I Like,0KKkJNfGyhkQ5aFogxQAPU,24K Magic,89,2023-12-27T09:59:28Z
J Alvarez,La Pregunta,5GChYjT0HJVDtJMjcfhYmS,Otro Nivel de Música,60,2023-12-27T09:59:28Z
DJ Davisy,Top Songs in Naija (June 2023 Edition) - Part 1,2dOtXiPomU1Hi0APGAYMoS,Top Songs in Naija (June 2023 Edition) - Mixtape,7,2023-12-27T09:59:28Z
"Enrique Iglesias, Wisin",DUELE EL CORAZON (feat. Wisin),6YZdkObH88npeKrrkb8Ggf,DUELE EL CORAZON (feat. Wisin),65,2023-12-27T09:59:28Z
"Martin Garrix, Dua Lipa, Brooks",Scared To Be Lonely - Brooks Remix,389MC596K4IN35zaHAyuYz,Scared To Be Lonely Remixes Vol. 1,43,2023-12-27T09:59:28Z
Iselin Solheim,Giants,09jybxglqJuHs8W86JDK7K,Giants,17,2023-12-27T09:59:28Z
"Tech N9ne, 2 Chainz, B.o.B",Hood Go Crazy,0kIHfcHGFGm5xb0dSlKEdp,Special Effects,56,2023-12-27T09:59:28Z
29filez,Justin Bieber,1kPvHSELV7n8PqkIsdl5gq,Justin Bieber,0,2023-12-27T09:59:28Z
"Pham, Yung Fusion",Movements,3gZUflBBfgS3QiTSTg0hk0,Movements - Single,17,2023-12-27T09:59:28Z
Calum Scott,Rhythm Inside,1fhXgq3KLDWfcXO5coCJr6,Only Human (Deluxe),42,2023-12-27T09:59:28Z
"Shakira, Maluma",Chantaje (feat. Maluma),6mICuAdrwEjh6Y6lroV2Kg,El Dorado,76,2023-12-27T09:59:28Z
"Taylor Swift, Chris Stapleton",I Bet You Think About Me (feat. Chris Stapleton) (Taylor’s Version) (From The Vault),4CkgMiMqZ5JzW9iYXSTMTL,Red (Taylor's Version),68,2023-12-27T09:59:28Z
Urban Masala,Tum Hi Ho (Lofi Cover),5EpiXR7tnRbprqXpYWZul6,Tum Hi Ho (Lofi Cover),0,2023-12-27T09:59:28Z
Zubeen Garg,Jeena Isi Ka Naam Hai,7CjqU8oOifUAvQFBfTfpCQ,Jeena Isi Ka Naam Hai,2,2023-12-27T09:59:28Z
AFROVENATOR,How Dirty Is Your Mind?,23DoGEWoQLzbgZEISn9MJp,Time of Shadows,0,2023-12-27T09:59:28Z
"Anuradha Paudwal, Kumar Sanu",Dheere Dheere Se Meri Zindagi Mein Aana,3xGwSN1dDdpN2s8oP8DRrC,Aashiqui,56,2023-12-27T09:59:28Z
"DJ Snake, Jeremih, Young Thug, Swizz Beatz",The Half,69bDRy5MeWQl1lNeEJQIBE,Encore,45,2023-12-27T09:59:18Z
"Emrah Karaduman, Aleyna Tilki",Cevapsız Çınlama,2W6XpjOKbmZ1NNVNtwBr5b,Cevapsız Çınlama,53,2023-12-27T09:59:18Z
"Roomie Video Music, pewdiepie",Brofist,3bpJ1xKE3ydrA9n4eXf1AT,Brofist,31,2023-12-27T09:59:18Z
Palak Muchhal,Kaun Tujhe,5T2ZZiBMDGh3TZDUbxg4rV,M.S.Dhoni - The Untold Story,64,2023-12-27T09:59:18Z
Gülşen,Bangır Bangır,5igX540gDMuLEUKzUEbopa,Türkçe 30 Hit Şarkı,19,2023-12-27T09:59:18Z
"Dawin, Silentó",Dessert - Remix,2mqDi8BzmNw54qrVHduyiu,Dessert,51,2023-12-27T09:59:18Z
Zara Larsson,Uncover,3DQisSEr1TLp9H0BEeKiQS,Uncover,39,2023-12-27T09:59:18Z
"Ricky Martin, Maluma",Vente Pa' Ca (feat. Maluma),7DM4BPaS7uofFul3ywMe46,Vente Pa' Ca (feat. Maluma),70,2023-12-27T09:59:18Z
"Jacksepticeye, The Gregory Brothers",All the Way (I Believe In Steve),4vmERH5UYG1FLcR2sTBcjY,All the Way (I Believe In Steve),47,2023-12-27T09:59:18Z
Ariana Grande,Into You,76FZM38RC8XaAjJ77CVTNe,Dangerous Woman,78,2023-12-27T09:59:18Z
"Rahat Fateh Ali Khan, Momina Mustehsan",Afreen Afreen (Coke Studio Season 9),7pBcon5GqvUfn58HRfF8wv,Afreen Afreen (Coke Studio Season 9),50,2023-12-27T09:59:18Z
Ciara,Dance Like We're Making Love,3biFdxByHgUhTbp2dG89zK,Jackie (Deluxe),47,2023-12-27T09:59:18Z
"Fart Fest, Funny Sounds Collective",ASMR try not to laugh farts sounds,7l74bCIO9tAg7BFA54RDoZ,* fart sound effects reverb *,9,2023-12-27T09:59:18Z
Kiiara,Gold,6ZSO7kPn8IMJFymyticbJO,low kii savage,58,2023-12-27T09:59:18Z
Limitsarehelpless,Gasolina,0jXTIZV1M5Af4eBbZqOAyS,Gasolina,4,2023-12-27T09:59:18Z
Furkan Soysal,Lizard,4MOs9QlEDMhQlLeSxVeNDq,Ethno City,19,2023-12-27T09:59:18Z
Furkan Soysal,Oriental in Style,5SO6EB5L6El2ZQzFPJAmqQ,Ethno City,22,2023-12-27T09:59:18Z
"Furkan Soysal, Can Demir",Squeeze,2LZzQs4bY2Zys9h4RH7ODL,Ethno City,12,2023-12-27T09:59:18Z
Ed Sheeran,Castle on the Hill,6PCUP3dWmTjcTtXY02oFdT,÷ (Deluxe),76,2023-12-27T09:59:18Z
Ed Sheeran,Shape of You,7qiZfU4dY1lWllzX7mPBI3,÷ (Deluxe),86,2023-12-27T09:59:18Z
"Masayuki Suzuki, 鈴木愛理",DADDY ! DADDY ! DO !,4xeWELPxBZKhhCrUr84jmp,ALL TIME ROCK 'N' ROLL,60,2023-12-27T09:59:18Z
Bebe Rexha,I Got You,2jB9QaPJyVdz2Q0Va8rrnU,Expectations,57,2023-12-27T09:59:18Z
"Alan Walker, David Whistle",Routine,19TSNGmvdTtlxYn4YqYUMf,Routine,46,2023-12-27T09:59:18Z
"Luis Fonsi, Daddy Yankee, Justin Bieber",Despacito - Remix,1vnnXMrBeEWiRg3YCMCjQq,VIDA,68,2023-12-27T09:59:18Z
John Toso,Key Pressure,4aOy92vcoGOpGe9OFeAKyF,FOREGROUND MUSIC SELECTION 2020,0,2023-12-27T09:59:18Z
Baauer,Harlem Shake,01XFgRZfZI7oBagNf1Loml,Harlem Shake,53,2023-12-27T09:59:18Z
Melanie Martinez,Carousel,5nHTLEJ10zaqdnKqLriah4,Cry Baby (Deluxe Edition),63,2023-12-27T09:59:18Z
"Jay Sean, Sean Paul",Make My Love Go (feat. Sean Paul),5mMRgTxoeBjEAZdBjPGvaC,Make My Love Go (feat. Sean Paul),44,2023-12-27T09:59:18Z
"G-Eazy, Bebe Rexha, Viceroy","Me, Myself & I - Viceroy Remix",03b5lgBLIacMCsfZUZH7tw,Laidback Beats,28,2023-12-27T09:59:18Z
Zara Larsson,Lush Life,1rIKgCH4H52lrvDcz50hS8,So Good,80,2023-12-27T09:59:18Z
Zara Larsson,Ain't My Fault,0ADG9OgdVTL7fgREP75BrZ,So Good,66,2023-12-27T09:59:18Z
"KSHMR, Marnik",Bazaar (Official Sunburn Goa 2015 Anthem) - Extended Mix,63SFUVjeb0aWWFiXHZQvl8,Bazaar (Official Sunburn Goa 2015 Anthem),14,2023-12-27T09:59:18Z
Conan Gray,Movies,6FH6fmlh9DbvssuEQyQEVd,Superache,58,2023-12-27T09:59:18Z
Żwirek,Yalla - Instrumental,71QHtcYMA0jHEncXNUTJZz,Yalla (Instrumental),22,2023-12-27T09:59:18Z
Furkan Soysal,Back to Real,41pFbJlWXzUA2fuQvXdSp8,Babylon,29,2023-12-27T09:59:18Z
Furkan Soysal,Citta,3RkYTCIdg5EIjEMEjX0nlq,Babylon,23,2023-12-27T09:59:18Z
Furkan Soysal,Hands Up,195gLk8vZUim1baruAAtvH,Babylon,26,2023-12-27T09:59:18Z
Furkan Soysal,Midnight,39glKF2ZnHRuGNTliMgpDW,Babylon,21,2023-12-27T09:59:18Z
Furkan Soysal,Racing,37HD6feJ89XXRkuVe5mlTP,Babylon,14,2023-12-27T09:59:18Z
Furkan Soysal,Shake,0IIzsVOBUulYWn2x947AY5,Babylon,15,2023-12-27T09:59:18Z
"Rae Sremmurd, Nicki Minaj, Young Thug",Throw Sum Mo,5uqphUYsR45kPYplrYSAQh,SremmLife,61,2023-12-27T09:59:18Z
"Belfa, Kayli Marie",Late Night Thoughts,3Mdm8dwQRAr9AbgULsi1uB,Late Night Thoughts,36,2023-12-27T09:59:18Z
"Harrdy Sandhu, Jaani",Backbone,4t77OsiudWy4timV32lPa2,Backbone,61,2023-12-27T09:59:18Z
Kendrick Lamar,Cartoon,31Yebmn7gDvxc0yjRV8M5t,"Mo Thugs Records Presents: West Coast Bangers, Vol. 2",0,2023-12-27T09:59:18Z
Tluy Mluy,You'll laugh,50UU57NCj4iY2iYgw4ylsf,Words of encouragement,2,2023-12-27T09:59:18Z
Skrillex,First of the Year (Equinox),5i7fZq3chLyCHo3VeB6goD,More Monsters and Sprites EP,61,2023-12-27T09:59:18Z
"Black Gryph0n, Baasik",Insane - Acoustic,4r4ps6d9ELk7tcSM3AkdUk,Insane (Acoustic),41,2023-12-27T09:59:10Z
"AFROJACK, Martin Garrix",Turn Up The Speakers,51wkApQ7le2JWcFGLz84mr,Turn Up The Speakers,39,2023-12-27T09:59:10Z
"Martin Garrix, Bebe Rexha, DallasK",In the Name of Love - DallasK Remix,55y30bh2ZUtzOXjWLxn7XT,In The Name Of Love Remixes,48,2023-12-27T09:59:10Z
Elektronomia,Limitless,0rw2up89gUnQRD8mUXjrm1,Limitless,50,2023-12-27T09:59:10Z
Shawn Mendes,Treat You Better,3QGsuHI8jO1Rx4JWLUh9jd,Illuminate,83,2023-12-27T09:59:10Z
"MAKJ, Timmy Trumpet, Andrew W.K.",Party Till We Die (feat. Andrew W.K.),5AEs83CYoPApEjYEJGbTuJ,Party Till We Die (feat. Andrew W.K.),59,2023-12-27T09:59:10Z
"Marshmello, Anne-Marie",FRIENDS - Acoustic,7cWAu4fGyUN2XAET9fuvxR,FRIENDS (Acoustic),40,2023-12-27T09:59:10Z
"Mithoon, Altamash Faridi, Tulsi Kumar","Wajah Tum Ho (From ""Wajah Tum Ho"")",68YA9ILXUNSb62yD7HcEAC,First Love Songs,4,2023-12-27T09:59:10Z
James Arthur,Say You Won't Let Go,0p6RzKrGeXzyYYd2RZPKd8,Back from the Edge,53,2023-12-27T09:59:10Z
Munfaid Pathraliya,Aamir Ki Jaan,2ICXjNGc2CiVQiYAG0fomg,Aamir Ki Jaan,0,2023-12-27T09:59:10Z
Twenty One Pilots,Stressed Out - MTV Unplugged Live,1sPl3C6vlbHWnO0rCXxXQe,MTV Unplugged (Live),43,2023-12-27T09:59:10Z
Faydee,Maria,7ymOFuWFnJjCzw48tehdLu,Maria,33,2023-12-27T09:59:10Z
Jaeger,Until Dawn,2UEEeAIOYENn97SeSzhw2n,Until Dawn,36,2023-12-27T09:59:10Z
"Cheat Codes, Dante Klein, Crossnaders, Lost Stories",Let Me Hold You (Turn Me On) - Lost Stories & Crossnaders Remix Edit,5x6txT1bx3Heb1cPBZV5wA,Let Me Hold You (Turn Me On) [The Remixes],18,2023-12-27T09:59:10Z
The Chainsmokers,#SELFIE,1HOlb9rdNOmy9b1Fakicjo,#SELFIE,60,2023-12-27T09:59:10Z
"Bravo 1-2, IVOXYGEN",Genesis - Slowed,0IKc0xOUToF1PanrCgDUs1,Genesis (Slowed),43,2023-12-27T09:59:10Z
Matter and Energy,Mass,7s8Zle1Yeov61gFkZmvB4P,Equilibrium,21,2023-12-27T09:59:10Z
Aero Chord,Surface,63bR379dNknfAws2hBBsq7,Surface,51,2023-12-27T09:59:10Z
Ian Wong,Game of Thrones Theme - Piano Version,3ewgVu5dbOhBgNhd9pZlwo,Game of Thrones Theme (Piano Version),39,2023-12-27T09:59:10Z
"R3HAB, VINAI",How We Party,6Yis2VwVcABCNVEutLgAf7,How We Party,49,2023-12-27T09:59:10Z
Millind Gaba,"Aise Na Dekh (From ""Aise Na Dekh"")",0wFqjpRycqbCtKs7734DlU,Hits Of Millind Gaba,2,2023-12-27T09:59:10Z
Martin Garrix,Animals,0A9mHc7oYUoCECqByV8cQR,Animals,68,2023-12-27T09:59:10Z
Alan Walker,Alone,0JiVRyTJcJnmlwCZ854K4p,Alone,59,2023-12-27T09:59:10Z
J Balvin,Bobo,5kdTuoKeqdnblCop75wMuX,Energía,65,2023-12-27T09:59:10Z
"DVBBS, Borgeous",Tsunami - Original Mix,5cO52t3E8A5BST1IYGewbl,Tsunami,38,2023-12-27T09:59:10Z
"Cartoon, Jéja, Coleman Trapp",Why We Lose,2wmQfaHp4zbqQkbf5nu5SF,Why We Lose,62,2023-12-27T09:59:10Z
Alan Walker,Sing Me to Sleep,2Fjz5ZC5BvFdCqcnTZ3ilH,Sing Me to Sleep,58,2023-12-27T09:59:10Z
"Tiësto, DallasK",Show Me,5dpHUPhXfwtEG1yQO1xGXH,"Club Life, Vol. 4 - New York City",32,2023-12-27T09:59:10Z
"J Balvin, Farruko",6 AM,3uvypVUsiIr1B0BccIcsEh,La Familia,68,2023-12-27T09:59:10Z
J Balvin,Tranquila,2biG396b4oY4gHJJRtjUIo,La Familia,56,2023-12-27T09:59:10Z
"Dastic, CADE",Let Me Love You (feat. CADE),6FsE5dDerdwQxxC9fsjL8A,Let Me Love You (feat. CADE),23,2023-12-27T09:59:10Z
"gnash, Olivia O'Brien, Deepend","i hate u, i love u (feat. olivia o'brien) - Deepend Remix",06o6dZ9ekqfEvQNRePKoZg,"i hate u, i love u (feat. olivia o'brien) [Deepend Remix]",36,2023-12-27T09:59:10Z
"Zay Hilfigerrr, Zayion McCall",Juju On That Beat,69YY68QbEf9o1LILdwzepA,Urban Soundz Vol. 13,46,2023-12-27T09:59:10Z
The Script,Nothing,3cdhgO3vgHyOIADMXokd2t,Science & Faith,58,2023-12-27T09:59:10Z
"Blasterjaxx, Marnik",Heart Starts to Beat,385h9lN4b8sw2qmxpAvTAQ,Heart Starts to Beat,28,2023-12-27T09:59:10Z
Garbage,You Look so Fine (2018 Remaster),0HoWeek1ZDH1QKKxmpzSmr,Version 2.0 (20th Anniversary Deluxe Edition),36,2023-12-27T09:59:10Z
Kerry Atkinson,Rowan Taylor,4mz4DtPaBjQsCfYlmNsko6,Rowan Taylor,0,2023-12-27T09:59:10Z
Ann-Margret,Slowly,48dQN3bgcqgLLgpPfhhdkh,On the Way Up,26,2023-12-27T09:59:10Z
"Marshmello, Omar LinX",Keep It Mello (feat. Omar LinX),0Q3SC6kEhxYagDP3bFe5K9,Joytime,55,2023-12-27T09:59:10Z
"Rae Sremmurd, Gucci Mane",Black Beatles,6JhOJlwdAyeRgnKRxOcNed,HIP HOP 50 - Iconic Hits,1,2023-12-27T09:59:10Z
Shrey Singhal,Jahaan Tum Ho,5lHouRxZwVZ6g0rov8gMYT,Jahaan Tum Ho,54,2023-12-27T09:59:10Z
"Borgore, Sikdope",Unicorn Zombie Apocalypse,160CEXCpMmd6KDNcYBu80u,Unicorn Zombie Apocalypse,51,2023-12-27T09:59:10Z
Presence,Text You Back,66OgLLSL9JMGKDkz9rsSk0,Text You Back,40,2023-12-27T09:59:03Z
"Momina Mustehsan, Asim Azhar",Tera Woh Pyar (Nawazishein Karam),2RV4QunRX0CTs2JR1uUbMj,Coke Studio: Season 9,56,2023-12-27T09:59:03Z
"Desiigner, Kingsavage",Zombie Walk,6LLx4ryHkTWxwX9SRBWCOd,New English,32,2023-12-27T09:59:03Z
WORKOUT,Memories Back Then,3t0zw4h4SZiXazgTns4ybz,The Workout Music,0,2023-12-27T09:59:03Z
"The Chainsmokers, Phoebe Ryan",All We Know,2rizacJSyD9S1IQUxUxnsK,All We Know,66,2023-12-27T09:59:03Z
Broederliefde,Mi No Lob,3j8K6U3xzXjrhNojLanVFz,Hard Work Pays Off 2,53,2023-12-27T09:59:03Z
Ramil Ganjoo,Ye Zindagi,76WGQlitFCuX9m4IsChzsq,Ye Zindagi,27,2023-12-27T09:59:03Z
"Nusrat Fateh Ali Khan, A1Melodymaster",Mere Rashke Qamar,3ZaTTeOT3K820yThVN6zHi,Reformed,48,2023-12-27T09:59:03Z
"Zack Knight, Dayne S",Love Controller,5RjkHAuyAuupOGFR6a2srw,Love Controller,34,2023-12-27T09:59:03Z
"Akcent, Lidia Buble",Serai,4VPu52L15bp1R6zfSwlz0U,Love the Show,22,2023-12-27T09:59:03Z
Otto Fitting,Back in Shape,2Af7zSs8r8g7daEcsFFPR2,Go Running After Vacation - Top Workout Songs to Get Back in Shape Soon After Overeating,0,2023-12-27T09:59:03Z
"Lefty Gunplay, Kiing Khash, Benjirow",GTA,0YcwDJ9uwmesBrucHrL8GC,GTA,24,2023-12-27T09:59:03Z
Lestari Sound,Try Not to Laugh Challenge,7Gt2hc87UkF3yCQj7Tmes6,Try Not to Laugh Challenge,0,2023-12-27T09:59:03Z
"Andrew Money, Andalay919",Lock & Key,2k2mmfMr8r8OymVm8xoSp0,Multiverse,0,2023-12-27T09:59:03Z
Chokeslam,Hillbilly,2thR56erhiFKAkUUBc1gpf,ChokeSlamBand (Smoking Hits) [Reloaded],0,2023-12-27T09:59:03Z
cuzz.y,Expectations,6tFxovMLrxfL0LhsQMzOwD,Between u.n.i,0,2023-12-27T09:59:03Z
Bobby Bird/Option Minus Two,Acid and Reason Test - testing my new studio setup,7LipFDLTGRIEi2IMCemGmZ,Acid and Reason Test (testing my new studio setup),0,2023-12-27T09:59:03Z
"ALTAAF, CHANDRA, SURYA",In Labon Pe Zikr Tera,48rh93rJ3w7xgEiSZ0Qd5E,ISHQ FOREVER,0,2023-12-27T09:59:03Z
Iron Inspired Muscle MIndset,Beast Workout Flow,6NywRP1MPYuDfhNKVVF8Qn,Workout Flow,0,2023-12-27T09:59:03Z
Brandi Carlile,The Joke,18k8IlS52uxRWObykDUZFG,"By the Way, I Forgive You",54,2023-12-27T09:59:03Z
OneRepublic,Future Looks Good,2JATE4qxTuVgKEKe12sqLp,Oh My My,45,2023-12-27T09:59:03Z
Selena Gomez,Same Old Love,6ZANrVuAMp2rpjhfbOuJly,Revival (Deluxe),68,2023-12-27T09:59:03Z
J Balvin,Ay Vamos,41tdlGv89pRnrtUryppPEk,Clásicos del Reguetón,38,2023-12-27T09:59:03Z
Workout Music,The Best (Workout Mix),7sXsqTesOlqXkUTNt3ri3h,100 Greatest Hits! Workout – Throwback,2,2023-12-27T09:59:03Z
"Drose, FeezyG",Hood Legends,1NW1afVPcynOxKKp3GT2Eu,LTD Vol.2 (Deluxe),8,2023-12-27T09:59:03Z
Justin Bieber,Love Yourself,0X7Iv8L1Bd7PmZdPrM1eWG,Rainy Day Chill,42,2023-12-27T09:59:03Z
Himesh Reshammiya,Menu Kehn De,5mBjrPlVSWGAH8aiq3HqST,Aap Se Mausiiquii,17,2023-12-27T09:59:03Z
The Weeknd,Hardest To Love,6kWxIqQDsKFYCJGbU4AjCX,After Hours,63,2023-12-27T09:59:03Z
FLO,Cardboard Box,2rf9i0Enr8cw1JRME8Rsvq,Cardboard Box,56,2023-12-27T09:59:03Z
"Major Lazer, Ariana Grande",All My Love,1hfaeLP0VoQ9Cb6y401NGh,The Hunger Games: Mockingjay Pt. 1 (Original Motion Picture Soundtrack),47,2023-12-27T09:59:03Z
Genevieve Somers,Love Yourself,7uGKKakgMQNoNupY0JDWcK,Love Yourself,39,2023-12-27T09:59:03Z
"Sevn Alias, Jairzinho, Jason Futuristic, BKO",Gass,4XmTCDUZe1UZC0svX49i7N,Gate 16,47,2023-12-27T09:59:03Z
"Dyna, F1rstman, Lil Kleine, Bollebof",Round & Round (feat. Lil' Kleine & Bollebof),0lpnWfzDleKf53eWURreSD,Round & Round (feat. Lil' Kleine & Bollebof),46,2023-12-27T09:59:03Z
NOES,Like A Boss,2w3E0I0vpPJsLah019b00Q,Like A Boss,2,2023-12-27T09:59:03Z
Narkicta Isabella,Racing - Radio Edit,6AEv3Kntk24gmBa2UCmowh,Racing,6,2023-12-27T09:59:03Z
Pratik Lofi,Tere Bin (Reverbed),5lMpcPAtHHckKtGFwTtITO,Tere Bin (Reverbed),0,2023-12-27T09:59:03Z
Joyous Holiday Players,Simple Gifts,0DFQDxjrdKcSfwVXNiJEwe,Soft Christmas Music: Relaxation Music for the Holidays,23,2023-12-27T09:59:03Z
HMLTD,Saddest Worm Ever,5Dup0Es2btcCwvVn3WAySz,The Worm,16,2023-12-27T09:59:03Z
ADHD,Simple,5uVlkxvhGhry9Bw7y938Wd,Simple,12,2023-12-27T09:59:03Z
Neil Sedaka,Breaking Up Is Hard to Do,7utoClKnLShFg6u6dZ20gp,Collections,45,2023-12-27T09:59:03Z
JKRS,It's a Fine Day,4y4g8oUhA6SODQzbKY7GVp,It's a Fine Day,58,2023-11-04T06:54:59Z
Dua Lipa,Break My Heart,4PULMUg3AwudcRCzvVmgXT,Future Nostalgia (The Moonlight Edition),60,2023-11-02T09:21:21Z
The Weeknd,Blinding Lights,0VjIjW4GlUZAMYd2vXMi3b,After Hours,87,2023-02-09T06:41:52Z
"ROSALÍA, The Weeknd",LA FAMA,6Y46tOTRhkBamosyuWa6YX,MOTOMAMI,71,2023-02-06T09:32:21Z
"Metro Boomin, The Weeknd, 21 Savage",Creepin' (with The Weeknd & 21 Savage),2dHHgzDwk4BJdRwy9uXhTO,HEROES & VILLAINS,81,2023-02-06T08:30:59Z
"Neha Kakkar, Farhan Sabri, Dj Chetas, Nusrat Fateh Ali Khan",Bol Kaffara Kya Hoga - Dj Chetas,7r7PJJSvVPCAQK4h0vc7xT,Bol Kaffara Kya Hoga - Dj Chetas,50,2023-02-02T14:19:49Z
"Atif Aslam, Velo Sound Station",Kadi Te Has Bol,10ds7gidDqEORLayc77ABS,Velo Sound Station EP 1,50,2023-02-01T21:14:19Z
Salar Shamas,Ayyy Teray Bin,4efRDnS1CMIMrFtOn98mjm,Ayyy Teray Bin,29,2023-02-01T11:01:57Z
Young Galib,Midnight,0LRpRvKNcnkpY499Iu3PWL,Midnight,21,2023-01-31T10:05:15Z
Young Galib,All Night,4a0XdNlHNJSfzeUOifyHwd,All Night,35,2023-01-31T07:47:57Z
bülow,Sweet Little Lies,6ZahaGPhyiXTi1pLEtGM6e,Sweet Little Lies,49,2023-01-29T21:44:28Z
JVKE,golden hour,5odlY52u43F5BjByhxg7wg,this is what ____ feels like (Vol. 1-4),76,2023-01-28T10:52:41Z
"RAYE, 070 Shake",Escapism.,5Z2MiIZ5I3jJvvmeWMLbOQ,Escapism. / The Thrill Is Gone.,23,2023-01-28T09:07:37Z
"Raj Ratan, Baran Haider",Bol do na x Tinka Tinka,444eX7bpsf1AFWvq7SUmdk,Bol do na x Tinka Tinka,22,2023-01-27T12:15:48Z
Sabrina Carpenter,Looking at Me,59tskctgqUmjCWAwhzYAFm,Singular Act II,76,2023-01-24T12:03:23Z
"DallasK, Nicky Romero, XYLØ",Sometimes,4Ld9Wvjpj1IOAIbnNy07AP,Sometimes,35,2023-01-24T10:19:45Z
"Bali, Aastha Gill",Balma (feat. Aastha Gill),1afsdE2fV1sq37wvPHH0EU,Balma (feat. Aastha Gill),29,2023-01-23T14:54:21Z
"Bali, Fotty Seven",No Mercy,6fZxZf9m01EPeBDjCEdtKm,No Mercy,32,2023-01-23T14:51:40Z
"The Weeknd, Ariana Grande",Save Your Tears (Remix) (with Ariana Grande) - Bonus Track,1oFAF1hdPOickyHgbuRjyX,After Hours (Deluxe),79,2023-01-23T09:28:37Z
Arjun Kanungo,Tang Mujhko,4mjX6eCoT4aXfDwNj4eDSh,Tang Mujhko,55,2023-01-22T12:41:08Z
"Karma, Deep Kalsi",Kaala Bazaar,5DJia1sJdMNNuisvYzW0R8,Made You Proud,30,2023-01-22T12:39:45Z
JalRaj,Tera Nasha / Tere Naino Mein (Medley),4Xn9zwLFuRYUL22dE3RGvJ,Tera Nasha / Tere Naino Mein (Medley),39,2023-01-22T12:34:15Z
Bali,Bass,0pdFx9OpCOgGsbzwOIqfTN,Bass,31,2023-01-22T12:21:15Z
Kad1r,Sparta - Remix,2FVfKPkM2HRoVn47xHdrdK,Sparta,0,2023-01-19T11:59:12Z
"Justin Bieber, Don Toliver",Honest (feat. Don Toliver),2KdKh9vHbKW0tZLqtpxxI0,Honest,61,2023-01-19T10:21:06Z
"MC Altaf, DRJ Sohail",Humble Rap (Freeverse),0g7inkm8v5f8pyGHrMnrnR,Humble Rap (Freeverse),29,2023-01-18T10:42:27Z
"Yashraj, Katoptris",DLL,2zxiZUIG0FVOMADFYt8zY6,DLL,0,2023-01-18T10:35:52Z
Vilen,Off,6Hp2DLVDAHlLsh5y7pyrAg,Off,0,2023-01-18T09:33:47Z
Qaayel,Rehab,6KTUZvdP6A5nvBDHyLTumC,Kyle,31,2023-01-17T10:41:07Z
"Anys, 8ird",Shooting Stars,5q6wDUDOLEjBUKzpuZUP2o,Shooting Stars,34,2023-01-17T10:37:44Z
Ily,A Ya Lil,1nRjVOFLduo55lFamOinIy,A Ya Lil,0,2023-01-17T10:11:53Z
NORDO,Ya Denya,16whsA6oQEJDzjKWa4hept,Ya Denya,0,2023-01-16T11:11:38Z
Rajaa Belmir,Jro7i - Li Kanet Omri,3bZvwCGEHeoLXEyrbFjGUm,Jro7i - Li Kanet Omri,34,2023-01-16T10:33:58Z
"Anys, Stormy",Si tu savais,2XoeD3lix5eVNEa40ZFtHW,Si tu savais,51,2023-01-16T10:27:31Z
"Klass-A, Kouz1",Ayay,44DBAjWwzFlUY2361xh6BW,R&B KINGZ,37,2023-01-16T10:16:09Z
"DYSTINCT, Bryan Mg",Ghazali (feat. Bryan Mg),5IJRqarA4QIc2qAw74mYo9,Ghazali (feat. Bryan Mg),55,2023-01-16T09:24:58Z
Inderr,Thug Love,4PcAtUp7eQWkmxkam4bVWz,Thug Love,0,2023-01-15T13:25:39Z
"Javed-Mohsin, Darshan Raval","Kabhii Tumhhe (From ""Shershaah"")",6R6BpMBFQrF7n2uEOxYmss,"Kabhii Tumhhe (From ""Shershaah"")",62,2023-01-13T10:05:11Z
MC STAN,Khajwe Vichaar,1ef3B6EQ35lBEJ23ZVsth1,Khajwe Vichaar,35,2023-01-13T08:03:40Z
MC Altaf,Soch,38F8BE500Tybqd3jrzp5Av,Soch,41,2023-01-13T07:57:49Z
"Young Galib, Thoratt, MEMAX, Minta",Hood Me Toh Aa,7e9u0IMrVtnRBWavz3D7oa,Hood Me Toh Aa,42,2023-01-13T07:01:39Z
"Vishal-Shekhar, Arijit Singh, Sukriti Kakar, Vishal Dadlani, Shekhar Ravjiani, Kumaar",Jhoome Jo Pathaan,6FAYpZ4jve8vpvTwUvjK6H,Pathaan,64,2023-01-09T19:44:23Z
"Vishal-Shekhar, Shilpa Rao, Caralisa Monteiro, Vishal Dadlani, Shekhar Ravjiani, Kumaar","Besharam Rang (From ""Pathaan"")",0CtZpaOhtzvLV3FfcsVpQo,"Besharam Rang (From ""Pathaan"")",68,2023-01-09T19:41:00Z
,,5uaIbU3oHHcSOK6WFNK5nj,,0,2023-01-08T10:06:11Z
DIVINE,Satya,1xSCr5uIndaHKFdO4s2V6B,Punya Paap,57,2023-01-08T10:03:22Z
DIVINE,Kaam 25 - Sacred Games,6Kynli1iHBqJRWUCohcV9h,Kaam 25 (Sacred Games),59,2023-01-08T10:00:40Z
Karma,Baba Yaga,2cwJR8sDPrcqK8tv7kuBIc,Baba Yaga,33,2023-01-07T10:16:25Z
ANNA ASTI,По барам,4zOLAk87gHl97sbqmntbJG,Феникс,15,2023-01-05T20:47:31Z
DIVINE,Gunehgar,4S7yPbt2aW7N3pthEpcP7S,Gunehgar,44,2023-01-05T19:06:16Z
Beach Weather,"Sex, Drugs, Etc.",7DbdUf8aHSYoliSjO6LZv6,Chit Chat,73,2023-01-05T10:43:21Z
Eminem,Mockingbird,561jH07mF1jHuk7KlaeF0s,Encore (Deluxe Version),85,2023-01-05T10:29:20Z
Stromae,Santé,3vXnuFnC5RhPGwsFi0ORcI,Santé,53,2023-01-03T13:00:56Z
Ava Max,My Way,3gJ6t0HKTMto4Aq3sXJVk2,My Way,52,2023-01-02T10:59:32Z
"Zack Knight, Nora Fatehi",Dirty Little Secret,0C4KChnQFHNgtjbppUFooH,Dirty Little Secret,51,2023-01-02T08:38:10Z
"SlowTune, Francisco Salazar",Copines Slowed - Remix,4lgaIeKuQb0yJQSjmhp24h,Copines Slowed (Remix),0,2022-12-27T21:02:07Z
Nej,Paro,6zvHwijlnwqjS6d46yAffi,Paro,59,2022-12-27T20:57:10Z
Harry Styles,As It Was,4LRPiXqCikLlN15c3yImP7,As It Was,28,2022-12-27T09:07:58Z
Rae Sremmurd,No Type,4scpF6J5uMBvoh6sFB7EL1,SremmLife,67,2022-12-26T11:39:30Z
Maria Hiya,Smoke,3ZMi7tdKql5iOWgqDRq1YR,Smoke,29,2022-12-26T11:21:19Z
Bayanni,Ta Ta Ta,3rmqNsOiGqqvFNTmGlzl4R,Bayanni,64,2022-12-26T11:16:16Z
"Mc Delux, DJ Guih Da ZO",Se Voce Nao Quer Passa a Vez,7snnTlaWaN39nfN1PhUaT8,Se Voce Nao Quer Passa a Vez,70,2022-12-26T11:15:16Z
Serena,Safari,6IklmB1n2kIu4TvJDLb4Ss,Safari,0,2022-12-26T11:10:01Z
JONY,Пустота,6A7SQ4DJXVPuEbdSCflIDV,Пустота,48,2022-12-26T11:07:43Z
JONY,Ты пари,6M4kHsLmDRUkNt1bz6LLW3,Небесные розы,44,2022-12-26T11:06:40Z
"JONY, The Limba",Босс,3kxqYEJ96YrLS8rs0BMBn0,Босс,44,2022-12-26T11:04:19Z
"JONY, HammAli","Наверно, ты меня не помнишь",51BlxnwGHpVayyjgssVXCi,"Наверно, ты меня не помнишь",44,2022-12-26T11:03:29Z
JONY,Лали,3QzFjPXMsYA0g0ebtbLX9q,Список твоих мыслей,57,2022-12-26T11:01:49Z
JONY,Love Your Voice,4hyVrAsoKKjxAvQjPRt0ai,Список твоих мыслей,64,2022-12-26T10:52:43Z
Ava Max,Take You To Hell,0TxOB9JSgYXjPVR6uWAyfM,Heaven & Hell,57,2022-12-26T08:15:40Z
"Monali Thakur, Earl Edgar, Pritam",Zara Zara Touch Me - Remix,4pyfUfyuiZxMIfLb0p1lnC,Race (Original Motion Picture Soundtrack),28,2022-12-23T21:02:15Z
Tones And I,Bad Child,1qCmZnC1FUpNgOydIzqIPC,Bad Child/Can't Be Happy All The Time,56,2022-12-23T09:49:01Z
"Lilianna Wilde, Jawster",Grind Me Down (Jawster Remix),5be34Nrfi4K5WupW5XEYCW,Grind Me Down (Jawster Remix),50,2022-12-23T09:05:53Z
Daya,Insomnia,7hzlzoOwCZ4D3Ow5YZK4kj,Insomnia,56,2022-12-23T08:47:48Z
Cher Lloyd,None Of My Business,2SPEg45ZaUFJCg9GwNmRvw,None Of My Business,56,2022-12-21T10:55:44Z
Cloudy June,Unthinkable,6iwlMxEy7gcavuLFwWm9B6,Unthinkable,45,2022-12-21T10:01:36Z
"Parah Dice, Holy Molly",Everybody's Scared,58WVilSugrjanFOTpVtq8d,Everybody's Scared,29,2022-12-21T09:52:10Z
Hasan Raheem,Aarzu,5pBRSczAiFZEtrIwH1LqAo,Aarzu,48,2022-12-21T07:54:22Z
Camila Cabello,Cry for Me,1Ff71LUQO0KBk5Slu3K6Vu,Romance,48,2022-12-20T11:36:23Z
DIVINE,3:59 AM,2gNMXJDKRmKWuevBGjN8wo,Punya Paap,62,2022-12-19T20:46:30Z
bülow,Lines,5sHecmVKk5pCXO1JApAkt7,Damaged Vol. 1,36,2022-12-19T13:22:05Z
"Mickey Valen, Emily Vaughn",My Mind,3sdkzakkv8LtkjDkrsrvLC,My Mind,46,2022-12-19T10:59:59Z
Charlotte Lawrence,Joke's On You,2D0FX6WiP1GKGL3yCdXxs7,Joke's On You,59,2022-12-19T10:30:37Z
Katy Perry,Harleys In Hawaii,3B4etxytImrRKQgV3XHjnR,Smile,70,2022-12-19T10:25:28Z
"Sleepy Chows, Antomage, Bromage",Step By Step,5I0g6XeCs2OnI1oOCvkTge,Step By Step,36,2022-12-19T10:17:24Z
Jades Goudreault,nuh uh,2tigH2DP65aAzAlyAFNoRZ,Motel 6 (Bonus Track),51,2022-12-19T09:55:39Z
Lady Gaga,Bloody Mary,53jnnqFSRGMDB9ADrNriCA,Born This Way (International Special Edition Version),74,2022-12-18T13:47:54Z
bülow,Revolver,3alJBylWqwz6zFDhzT9xO3,Revolver,39,2022-12-16T10:59:42Z
XO TEAM,Reason,0hDBEvnqzHNwo76x4zhK4D,Reason,49,2022-12-16T09:08:46Z
CORPSE,Cabin Fever,5cCpq6EJqI8dgz8FwE7gk3,Cabin Fever,48,2022-12-14T11:08:31Z
Doja Cat,Streets,60ynsPSSKe6O3sfwRnIBRf,Hot Pink,81,2022-12-14T10:55:50Z
Cloudy June,FU In My Head,5ZSV1Y3Cq2HkGOYOwxpClP,FU In My Head,57,2022-12-14T10:50:21Z
"Bebe Rexha, Travis Barker",Break My Heart Myself (feat. Travis Barker),3UjGudrhckjEQjKHLR3p5G,Better Mistakes,49,2022-12-14T10:43:34Z
bülow,Own Me,2CnscesDhDpF7LpURtgBEv,The Contender,43,2022-12-14T09:49:39Z
Ellise,Feeling Something Bad...,21g4aYFcpoD2P30eBmNZc3,Chaotic,31,2022-12-14T09:36:21Z
"CORPSE, Night Lovell",HOT DEMON B!TCHES NEAR U ! ! !,7v4pPS4A7NgY7bxFA3Etv3,HOT DEMON B!TCHES NEAR U ! ! !,66,2022-12-14T09:33:55Z
EMELINE,STRUT,749rod7GCmj0OVdumGfzVq,STRUT,61,2022-12-14T09:29:04Z
Ashnikko,Daisy,2g1KggY9PKvsoEAOaiz4xx,DEMIDEVIL,67,2022-12-13T11:31:03Z
XYLØ,yes & no,6UVZo6UKUZC1J2KPP3IIwQ,yes & no,54,2022-12-13T09:49:10Z
Charlie Puth,I Warned Myself,3707IBa4HnS3zDDoWfeUBl,I Warned Myself,49,2022-12-13T09:41:11Z
Rosa Linn,SNAP,76OGwb5RA9h4FxQPT33ekc,SNAP,39,2022-12-11T23:16:57Z
"Lata Mangeshkar, Heartlock",Mera Dil Ye Pukare - Tu Aaja - Heartlock Mix,6bJmYR0sjTZNJxwdw52ern,Mera Dil Ye Pukare - Tu Aaja (Heartlock Mix),37,2022-12-11T23:10:09Z
Balti,Ena,2EgLc1ac8D2PRIoOc0MWhA,Ena,0,2022-12-07T11:11:22Z
"Tagne, 7liwa",Laisse Tomber,5VpkGOSBwYh0ikxPxmR2ld,Laisse Tomber,29,2022-12-06T11:50:41Z
Saad Lamjarred,Ya Ayouni,5mayCpikqyQIDXWscGgNXf,Ya Ayouni,34,2022-12-06T11:44:30Z
Bouchra Elm,Cover,1FP5IlYsokRn0Qt2bqCBXK,Cover,0,2022-12-06T11:39:29Z
Big Bo,Beautiful,33kN7MSsfmxCG4HT2vn7j8,Beautiful,35,2022-12-06T11:32:32Z
Balqees,Sabra,0iqRTNFvfLZUjdkIBaJkVS,Sabra,0,2022-12-06T11:29:25Z
"Don Bigg, Reda Taliani",L'Étranger,4oaNLwmI55IVTiJUaO6zIc,٤in (Act 1),0,2022-12-06T11:24:23Z
"Anthony Keyrouz, CHAAMA",Akhedni Maak,1Z08bNXzoSDyzyIp8Sf3Pj,Akhedni Maak,0,2022-12-06T11:22:07Z
"Balti, Melly",Wino El Hob,1a2bhHy2PRVTnD5UePaM4N,Wino El Hob,0,2022-12-05T12:20:44Z
"Eljoee, CHAAMA",Lala Mama,41G8Erys8j0Ijux3HAJ9mp,Lala Mama,6,2022-12-05T12:13:04Z
Saad Lamjarred,El Hala',75erM0i0rM96ydo1ujzn7g,El Hala',40,2022-12-05T12:02:54Z
Balti,Allo - الو,1mYKk7dWVDcfn8lTJ6CKJV,Allo (الو),12,2022-12-05T10:36:55Z
Ali Loka,Mehtar,0HOuIvqIhg8gmLSmh8tbOD,Mehtar,24,2022-12-05T10:30:53Z
"YEAH HUSS!, Snor",SUPER NANA,5lNiW5yNPQnjWe9CHAMhoe,SUPER NANA,28,2022-12-04T11:48:11Z
Snor,De9a De9a,73jpPysVoCCErgJk4g91R4,De9a De9a,13,2022-12-04T11:45:06Z
Snor,Dawk Lya,5OInx13SpghEifbS5bQmwq,Dawk Lya,1,2022-12-04T11:39:38Z
Mons,Iori 4,2947MtC8aKk9mwbw4bjC6A,Iori 4,40,2022-12-02T22:20:24Z
Mons,Lovini,7f783hK2ilf4bwfayaNvdB,Lovini,52,2022-12-02T22:15:38Z
Salim Tarabay,Afkarik,1ebIGIiewKtLSjLf6n76KX,Afkarik,40,2022-12-02T21:56:02Z
L7or,حس بيا,2YTco398182eSCcjCsq6JR,حس بيا,20,2022-12-01T21:24:14Z
Mouh Milano,Balek,6y6ogtH99BJiEiBlEIY77A,Balek,43,2022-12-01T07:08:23Z
Snor,HKAYA,4pDkVdsJffy3QFvpnmNyVn,HKAYA,0,2022-11-30T11:42:55Z
Tagne,Nadi Canadi,14WP9aPMpre8L1u0RcRO5Q,Nadi Canadi,49,2022-11-30T07:54:45Z
ElGrandeToto,Gueule tapée,6h8Q07MtQBabHOjObg1a57,Gueule tapée,52,2022-11-29T20:06:47Z
"ElGrandeToto, Ayra Starr",Comforter (feat. Ayra Starr),2Vr7Qvt5a9f6W9m6ifke4K,Comforter (feat. Ayra Starr),53,2022-11-29T20:05:44Z
Snor,Dawk Lya,1o3HZiLGDq1pp4OXjcQTo5,Dawk Lya,0,2022-11-29T20:05:39Z
"VIBIE, Sachin-Jigar, Shreya Ghoshal, Tochi Raina, Bollywood Lofi",Saibo - Lofi Flip,1E16f7KcZmuXuhlenRwA2m,Saibo (Lofi Flip),60,2022-11-25T09:13:33Z
Darshan Raval,Hawa Banke,1L3Nsi7YXtBxTdnbqektia,Hawa Banke,68,2022-11-25T07:53:35Z
Shilpa Rao,Tose Naina Lage,08VaT4YSUtlmsXlRO0NOga,Tose Naina Lage - Single,31,2022-11-24T10:45:23Z
,,7h24KIgBhiyzbYnxsGzevk,,0,2022-11-24T09:58:48Z
"Arijit Singh, Tanishk Bagchi","Thodi Jagah (From ""Marjaavaan"")",3f0wz6zcA7XkQiGm0qNF5r,"Thodi Jagah (From ""Marjaavaan"")",70,2022-11-24T09:51:26Z
"Vishal-Shekhar, Nandini Srikar, Arijit Singh",Duaa,606dT4oMKQc9uDUv7ADy97,Shanghai,59,2022-11-24T09:50:23Z
"Asim Azhar, Zenab Fatimah Sultan","Ghalat Fehmi - From ""Superstar""",5mnvugwfFYnJm9zuyGkgqF,"Ghalat Fehmi (From ""Superstar"")",1,2022-11-24T08:43:50Z
"Connor Price, Bens",Spinnin,5OzgCc3gQsqchX95k1C1Qa,Spinnin,57,2022-11-21T22:22:39Z
"Connor Price, Killa",Violet,3zb9k8UUuKz5tYmKJvNqQA,Violet,57,2022-11-21T22:20:30Z
"Young Stunners, Talha Anjum, Talhah Yunus",Why Not Meri Jaan,2sKGFDYcN7mJ4S7xQHjCBr,Why Not Meri Jaan,50,2022-11-19T09:27:02Z
Reynmen,Leila,1RqNAiL2toZ59HTjQbFLfM,RnBesk,53,2022-11-19T09:26:07Z
"Hopsin, Dax",You Should've Known,6FV7RivrHzOwu6SkLRRYmY,You Should've Known,55,2022-11-19T09:25:36Z
Tory Lanez,Broke In A Minute,4xqIYGwwZTEem9U8A42SPF,The New Toronto 3,73,2022-11-19T09:24:00Z
"Eminem, Juice WRLD",Godzilla (feat. Juice WRLD),7FIWs0pqAYbP91WWM0vlTQ,Music To Be Murdered By,83,2022-11-19T08:43:52Z
Tyga,Lift Me Up,7bH9S0IHoM5kznWf1432zZ,Lift Me Up,60,2022-11-19T08:37:10Z
"Pritam, Arijit Singh, Shashwat Singh","Haan Main Galat (From ""Love Aaj Kal"")",068HSvCf5MbQfhV4qqaelg,"Haan Main Galat (From ""Love Aaj Kal"")",55,2022-11-18T21:28:44Z
"Eminem, Royce Da 5'9"", White Gold","You Gon’ Learn (feat. Royce Da 5'9"" & White Gold)",0GQ5bFTVFFKpwNPc7KwQnB,Music To Be Murdered By,57,2022-11-18T10:48:09Z
King,Champagne Talk,7sp9SYjIBBniAJ7xa1nkZh,Champagne Talk,37,2022-11-16T11:17:39Z
"Anirudh Ravichander, Jonita Gandhi","Arabic Kuthu - Halamithi Habibo (From ""Beast"")",6yvxu91deFKt3X1QoV6qMv,"Arabic Kuthu - Halamithi Habibo (From ""Beast"")",65,2022-11-16T10:02:05Z
Azaan Sami Khan,Ik Lamha,70MVLulHguwdhGo7100hsU,Ik Lamha,3,2022-11-14T09:33:50Z
Sidhu Moose Wala,295,5W7DOVGQLTigu09afW7QMT,Moosetape,69,2022-11-14T09:10:16Z
Aryan Katoch,Nite Ride,0FQmFmdntIDiz6OQGwVedt,Nite Ride,0,2022-11-14T08:32:03Z
"OH, HAYIR!",Unholy,5e8BNwI9dBotrt2MaiYEMQ,Unholy,26,2022-11-12T10:14:36Z
SYM,Un-HOLY x ISSAQ MERA,6ZaAwu0zYKVb9b4QEKYYcJ,Un-HOLY x ISSAQ MERA,0,2022-11-12T09:51:51Z
"Krmoni, Beutos, BassBears",Unholy,6dGOBiuCE89NypjojbnRQs,Unholy,36,2022-11-12T09:28:39Z
"Lord Arkh, SlowerBoyQWERTY",One Kiss X Stereo Love - Remix,7hIicDNlLv09izo81qIVEr,One Kiss X Stereo Love (Remix),0,2022-11-11T11:16:49Z
"VIBIE, Darshan Raval, Javed-Mohsin, Bollywood Lofi",Kabhii Tumhhe - Lofi Flip,1Bd027R0spghop0PUwgjyN,Kabhii Tumhhe (Lofi Flip),52,2022-11-11T11:10:17Z
"Slow Vibe, The Beatz",Pasoori - Slow and Reverb - Lofi,1g7Qre8QnvMmw4Ij8s1dcH,Pasoori - Slow and Reverb,0,2022-11-11T10:28:18Z
Prashant Katheriya,Mujhko De Tu Mit Jaane,0vEhCGaLEDhRAzYFP8B5yv,Monsoon Love,0,2022-11-11T10:25:32Z
Prashant Katheriya,Tum Kyu Chale Aate Ho - Unplugged,0Vyfls6p6S6dQPxQgegh8c,Tum Kyu Chale Aate Ho (Unplugged),0,2022-11-11T08:04:02Z
Prashant Katheriya,Tum Chhupa Na Sakogi,06YVd30bpfbyLnfNp4Lsnf,Devine Nostalgia (Unplugged),0,2022-11-11T07:59:57Z
Aahil World,Aaja Ve Mahiya - Slowed and Reverb,6xHiHi5ezwW4ohWbFV4Ohh,Aaja Ve Mahiya (Slowed and Reverb),0,2022-11-07T14:20:32Z
"Jeetu Sharma, Abhilipsa Panda",Har Har Shambhu Shiv Mahadeva,0aA3jlllhKSEiXTmGPGSWz,Har Har Shambhu Shiv Mahadeva,62,2022-11-07T09:41:40Z
DJ Timeless,First Class Dooba,3IpOlLBLQFn3A70CUinmEm,First Class Dooba,22,2022-11-07T09:31:47Z
"DHARIA, Solven",Tara Rita - Solven Remix,3xVvm76lNBgbUp6X8xLi2K,Tara Rita (Solven Remix),34,2022-11-07T09:14:33Z
ZOH,Trippystan,39PmNHf8HzUmhxrql2J6Rf,Trippystan,39,2022-11-07T09:08:25Z
"daddy's girl, creamy, 11:11 Music Group","hola como tale tale vu (slowed + reverb) - 1, 2, 3",6YF9SC1X19KOoldD3pxmiJ,"hola como tale tale vu (slowed + reverb) - 1, 2, 3",20,2022-11-06T23:07:03Z
Souvik,Tigini X No Love,5fYuiDS6dl0Tfe3VD25K9E,Tigini X No Love,0,2022-11-06T23:06:50Z
"accelerate, creamy, 11:11 Music Group",paro (sped up),5hNvYx150LWy3UWRmsWD32,paro (sped up),0,2022-11-06T23:04:04Z
"Chani Nattan, Inderpal Moga",Daku,3wz2vWhYnnBoFmgMkqtzLy,Daku,68,2022-11-01T20:40:43Z
"CryJaxx, Drama B",Popstar,0njo9ZlJryQzqo6LGkxJk4,Popstar,37,2022-11-01T20:40:14Z
"Yohani, Jubin Nautiyal, Tanishk Bagchi, Rashmi Virag, Surya Ragunaathan","Manike (From ""Thank God"")",0zlGnseLGzRIBA0TJcb3Bo,"Manike (From ""Thank God"")",63,2022-11-01T20:40:00Z
"Celina Sharma, Emiway Bantai",Jhootha,1IOPDC8MVzSncKYyNaqEUS,Jhootha,33,2022-11-01T20:38:05Z
King,OOPS,20EQiQQYSyuifv6YMj64qP,Champagne Talk,57,2022-11-01T20:36:11Z
Trajbo,Keep Trying,37IPyA36opAlFxyXJ19uSv,Keep Trying,34,2022-11-01T20:34:10Z
Bemax,Bussin,6ekmbMTgKn69HxruTkmXMu,Bussin,53,2022-11-01T20:33:00Z
"oof.joty, farhxn1080p",Piya More Get Into It,3ETXheveDFAj6H9nUBP3dr,Piya More Get Into It,0,2022-11-01T20:31:20Z
Ramindu,Uyire Uyrie X Da Souf,37EYuujjBYpXkksfbpElyX,Uyire Uyrie X Da Souf,24,2022-11-01T20:30:19Z
"Dr Zeus, Snoop Dogg, Zora Randhawa, Nargis Fakhri","Woofer (feat. Snoop Dogg, Zora Randhawa & Nargis Fakhri)",3cvMKd8PNsfNyyXtxWil9o,Global Injection,51,2022-11-01T20:28:17Z
"Chamath Sangeeth, Yohani, Satheeshan",Manike Mage Hithe,5JO2usoem1CW1pLL1kLj9E,Manike Mage Hithe,51,2022-11-01T20:27:42Z
Tesher,Young Shahrukh,42C9YmmOF7PkiHWpulxzcq,Young Shahrukh,55,2022-11-01T20:26:17Z
"Dhvani Bhanushali, Ash King",Mera Yaar,64jOyhiu4UPPnkSbG0t489,Mera Yaar,48,2022-11-01T20:20:48Z
"Run The Jewels, El-P, Killer Mike",holy calamafuck,6tfrMstZ8tw7nZJ6HP0PyW,RTJ4,0,2022-10-28T22:18:18Z
"Fred again.., Swedish House Mafia, Future",Turn On The Lights again.. (feat. Future),6gdDu39yYqPcaTgCwYEW8i,Turn On The Lights again.. (feat. Future),62,2022-10-23T21:05:46Z
Chloe x Halle,Hazy,5JJORhW9qSHTBdtXcQREEa,Ungodly Hour (Chrome Edition),33,2022-10-16T09:45:38Z
Chris Brown,Under The Influence (Body Language),71mHO4fFmS2Xu5XxZbcRND,Under The Influence,55,2022-10-07T13:26:57Z
"Vishal Dadlani, Sonakshi Sinha",Rajj Rajj Ke (Female Version),0yfc5V5w7SKA1VkA2Wl36c,Akira,18,2022-10-01T11:46:24Z
,,3OZr3vo7SmYpn5XqeQEAOM,,0,2022-10-01T11:41:43Z
,,79MHQXymz8cGX8OOAjXn7J,,0,2022-10-01T11:38:52Z
King,Tu Aake Dekhle,0yCWDaAgOtg6TKlNCg9rwA,The Carnival,2,2022-10-01T11:28:33Z
MJ5,Ziddi,0YAJRgcb91Er9TYAh4IBSb,Ziddi,22,2022-10-01T11:22:43Z
"Raghav, Iceberg Slimm",Can't Get Enough (feat. Iceberg Slimm),48hJUROArdc4DBuVVpxMx8,Storyteller,41,2022-10-01T11:19:15Z
Chris Brown,Under The Influence,5IgjP7X4th6nMNDh4akUHb,Indigo (Extended),83,2022-09-28T16:06:37Z
Camila Cabello,No Doubt,5FLzLuPyBEppywIJprqwDz,Familia,42,2022-09-28T10:00:42Z
Mac Miller,Objects in the Mirror,64gyqTtDDel7B2NoEkOa0A,Watching Movies with the Sound Off (Deluxe Edition),1,2022-09-28T07:04:03Z
Tyga,Sheikh Talk,34617Qo6OTu44BEEg2f9uG,Sheikh Talk,50,2022-09-14T11:50:23Z
Bilawal Sayed Official,Chi Tul Umer Mashoom We,0NCMMtc1mv29txNl2EwGZG,Chi Tul Umer Mashoom We,19,2022-09-11T16:05:28Z
Salem Sandhu,Hanju,4Zp6LSD1iLN3wgVZpkaZLR,Hanju,27,2022-09-11T15:51:40Z
"Iggy Azalea, Alice Chater",Lola,6hkr5ZGVOt3Z2BNGE6yqpB,Lola,51,2022-09-10T09:54:17Z
"Alec Benjamin, Alessia Cara",Let Me Down Slowly (feat. Alessia Cara),1roCmBlcpV7LzsmB7pmCyt,Let Me Down Slowly (feat. Alessia Cara),63,2022-09-09T13:54:53Z
"Yashraj, Dropped Out, Talwiinder",Dhundhala,6PSGzXHJaQogb2G8m8gGZZ,Dhundhala,0,2022-09-05T14:37:28Z
"Ty Dolla $ign, FKA twigs, Skrillex, Kanye West","Ego Death (feat. Kanye West, FKA twigs & Skrillex)",3Q5cLvkKsHJvYltf8k7HkO,Featuring Ty Dolla $ign,58,2022-09-04T08:31:38Z
"Bebe Rexha, Doja Cat","Baby, I'm Jealous (feat. Doja Cat)",5r0cOO77xkM5jjHk67Z2Lt,Better Mistakes,59,2022-08-28T14:27:21Z
Nabeel Shaukat Ali,Bewajah,0div6Bf8qZlryVh0XorLSM,Coke Studio Season 8,0,2022-08-27T17:40:29Z
Kaifi Khalil,Dilbar Dila Bide,0zuacmSNzs9OxZbgwYU9nZ,Dilbar Dila Bide,23,2022-08-27T16:06:26Z
Kaifi Khalil,Kahani Suno 2.0,4VsP4Dm8gsibRxB5I2hEkw,Kahani Suno 2.0,71,2022-08-27T16:00:57Z
"Abdul Hannan, Rovalio",Bikhra,0OdztoASgKBBNcAgtErk0X,Bikhra,67,2022-08-27T15:47:43Z
Maroon 5,Lost,18XlJEroUwFo0tLZxscgXE,JORDI (Deluxe),61,2022-08-27T15:10:23Z
Latto,Big Energy,5lHxARJJrZc3ss4ZVmGWfz,Big Energy,52,2022-08-27T15:06:45Z
MOTHICA,Can You Feel My Heart (Mothica Version),4PoTKtefWp8pGfiORslXxF,Can You Feel My Heart (Mothica Version),0,2022-08-27T10:34:22Z
Sunny Khan Durrani,La Haasil,76Ft5Sj31Z6cl4cN3VJYY3,La Haasil,2,2022-08-26T13:33:10Z
King,Ektarfa,70wFZWY6cKFxp3Qcq8uxH4,Ektarfa,59,2022-08-24T13:41:46Z
"Lupe Fiasco, Nayirah",AUTOBOTO,3G9CA8tztFAwHCwE004dI3,DRILL MUSIC IN ZION,34,2022-08-22T13:21:18Z
Maninder Buttar,Sakhiyaan,3sqRODOZ1Z6hR4F2tnFAlg,Sakhiyaan,68,2022-08-11T20:33:10Z
Aditya A,Chaand Baaliyan,0snQrp1VaY5Pj1YIHRJpRJ,Chaand Baaliyan,69,2022-08-11T20:23:08Z
,,5nsET7aVWXu017lsQjRFCV,,0,2022-08-11T20:18:49Z
"B Praak, Jaani","Mann Bharryaa 2.0 (From ""Shershaah"")",3jf5303mzzJ96O8xFTcEn4,"Mann Bharryaa 2.0 (From ""Shershaah"")",67,2022-08-11T20:08:28Z
"Asha Bhosle, Mohammed Rafi","O Haseena Zulfonwale Jane Jahan (From ""Teesri Manzil"")",1JHNf1BPNDQEVZehemIDay,Memoirically - Mohammed Rafi,36,2022-08-07T11:47:05Z
"Mano, Swarnalatha",Muqabala Muqabala,0iG83qZ0ftWr43VggRYkp3,Hum Se Hai Muqabala - Kadalan (Original Motion Picture Soundtrack),55,2022-08-07T11:41:39Z
"Udit Narayan, Kavita Krishnamurthy",Kali Nagin Ke Jaisi,6ZtVLU3ljjaMdcSRXuqc7r,Mann (Original Motion Picture Soundtrack),41,2022-08-07T11:28:20Z
,,4PwTeFfKqmR3XIeXXUBDOf,,0,2022-08-07T11:17:54Z
"Rochak Kohli, Arijit Singh",Tera Yaar Hoon Main,4ZTx87kAgEwlPMzoojFZWg,Sonu Ke Titu Ki Sweety,64,2022-08-07T11:15:06Z
"Tanishk Bagchi, Zahrah S Khan, Dev Negi","Kusu Kusu (From ""Satyameva Jayate 2"")",6G699QfN1BWYWXfiblH51F,"Kusu Kusu (From ""Satyameva Jayate 2"")",58,2022-08-07T11:14:03Z
"Haricharan, Shreya Ghoshal",Tere Rang,4uLG79ROWYEXx1kJvDVbWI,Atrangi Re,42,2022-08-07T11:09:40Z
Siddharth Basrur,Paani Ka Raasta,1JXQz4BBsnsX4MvTQcmLf8,Raman Raghav 2.0,12,2022-08-07T10:59:43Z
Nayantara Bhatkal,Behooda,63fSkUx4GxFm5tWZpbZWjb,Raman Raghav 2.0,19,2022-08-07T10:56:13Z
"OAFF, Savera, Lothika, Kausar Munir","Doobey (From ""Gehraiyaan"")",7MBqVOzb8C3f0FXr2LBLiq,"Doobey (From ""Gehraiyaan"")",55,2022-08-07T10:40:59Z
Ali Zafar,Jhoom - R&B Mix,6zAvNLJkdyRApUHnlJjKfO,Jhoom,57,2022-08-07T10:36:54Z
Diljit Dosanjh,Lover,0XwRlvv3KlOu4HWlOH34XG,MoonChild Era,69,2022-08-07T09:11:25Z
"Karan Aujla, KR$NA, Mehar Vaani",Ykwim,6qS40yL7kXVoChI8SSCQIQ,Ykwim,67,2022-08-07T09:08:20Z
Harrdy Sandhu,Bijlee Bijlee,1iZLpuGMr4tn1F5bZu32Kb,Bijlee Bijlee,67,2022-08-07T09:05:46Z
"AP Dhillon, Amari",Ma Belle,3D0pmiK3zyF9PudyJ8mkor,Ma Belle,61,2022-08-07T09:03:33Z
"AP Dhillon, Gurinder Gill",DESIRES,5pcmtf1lwrMqmAWWm248fY,HIDDEN GEMS,58,2022-08-07T08:54:44Z
"Raja Kumari, Shah Rule",THE DON,3KDaxC6gpTu4Ey6DL5YMBQ,HBIC,27,2022-08-07T08:47:18Z
"Diljit Dosanjh, Tory Lanez, Ikky",Chauffeur,2L1OXzqVPpVxotHfLglUcB,Chauffeur,54,2022-08-07T08:47:13Z
Harnoor,Waalian,4hOsYVSWKWP71u3yQbcqZB,Waalian,1,2022-08-07T08:41:24Z
"Sohan Rahman, Tanim Arafi",Kya Mujhe Pyaar Hai - Lofi,27kPoO1e0xAb1uMiKsV2bg,Kya Mujhe Pyaar Hai - Lofi,0,2022-08-06T15:22:24Z
Shubh,NO LOVE,5B4YQN1FCuADJ0o4phAtwC,NO LOVE,0,2022-08-06T15:19:31Z
Sharda Sinha,Taar Bijli,2mMW4YtrF03h5h4NaXCDsS,Gangs Of Wasseypur - 2,32,2022-08-06T15:01:53Z
,,0ZHILXmUaVSLEOCWxPQ1ga,,0,2022-08-06T14:38:04Z
KAROL G,"Ay, DiOs Mío!",7x4ASXYEKfQBCewcZhK776,"Ay, DiOs Mío!",61,2022-07-21T16:28:45Z
"Sech, Daddy Yankee, J Balvin, ROSALÍA, Farruko",Relación - Remix,35UUpTmrcFXNIVIN26ujXl,Relación (Remix),65,2022-07-15T14:32:19Z
"Surf Mesa, Emilee",ily (i love you baby) (feat. Emilee),62aP9fBQKYKxi7PDXwcUAS,ily (i love you baby) (feat. Emilee),72,2022-07-15T14:32:04Z
"Jawsh 685, Jason Derulo",Savage Love (Laxed - Siren Beat),1xQ6trAsedVPCdbtDAmk0c,Savage Love (Laxed - Siren Beat),69,2022-07-15T14:31:52Z
"SAINt JHN, Imanbek",Roses - Imanbek Remix,2Wo6QQD1KMDWeFkkjLqwx5,Roses (Imanbek Remix),5,2022-07-15T14:30:02Z
Doja Cat,Boss Bitch,78qd8dvwea0Gosb6Fe6j3k,Boss Bitch,75,2022-07-15T14:29:17Z
Trevor Daniel,Falling,4TnjEaWOeW0eKTKIEvJyCa,Falling,3,2022-07-15T14:26:16Z
Doja Cat,Candy,1VJwtWR6z7SpZRwipI12be,Amala,79,2022-07-15T14:25:25Z
Tones And I,Dance Monkey,2XU0oxnq2qxCpomAAuJY8K,Dance Monkey (Stripped Back) / Dance Monkey,72,2022-07-15T14:23:35Z
"Y2K, bbno$",Lalala,51Fjme0JiitpyXKuyQiCDo,Lalala,69,2022-07-15T14:18:07Z
Blanco Brown,The Git Up,2KKijf6Ett4kmVNJze2roh,Honeysuckle & Lightning Bugs,4,2022-07-15T14:16:19Z
Regard,Ride It,2tnVG71enUj33Ic2nFN6kZ,Ride It,79,2022-07-15T14:13:40Z
BLACKPINK,Kill This Love,6hvczQ05jc1yGlp9zhb95V,KILL THIS LOVE,69,2022-07-15T14:12:28Z
Ava Max,Sweet but Psycho,7DnAm9FOTWE3cUvso43HhI,Heaven & Hell,78,2022-07-15T14:08:51Z
"Silk City, Dua Lipa, Mark Ronson, Diplo",Electricity,5N4erncE7kuUccm7zEmwzk,Electricity,65,2022-07-15T14:08:41Z
Mabel,Animal,3WdijbYmphZ8N0MYblXDnF,About Last Night...,29,2022-07-15T14:03:16Z
"Immortal Technique, DJ Green Lantern",The 3rd World,4vhPt5YcFZSxmG63cYQ0ne,The 3rd World,0,2022-07-07T04:37:18Z
"Kendrick Lamar, Summer Walker, Ghostface Killah",Purple Hearts,1REVvAphiSTJyKQ1fDpHa4,Mr. Morale & The Big Steppers,62,2022-07-07T04:33:23Z
Aesop Rock,Dorks,4GW7OMwSpog9vGws5WQfXF,The Impossible Kid,39,2022-06-22T07:29:53Z
"Wu-Tang Clan, Ghostface Killah, Sean Price, Method Man, RZA","Pearl Harbor (feat. Ghostface Killah, Method Man, RZA and Sean Price)",6I22qil0SJzTpAMuRQXOWF,The Saga Continues,0,2022-06-22T06:17:29Z
"SHY FX, Kojey Radical, Ghetts",Bad After We (feat. Kojey Radical & Ghetts),0fWYBAqQcUgrTB7YKMOWsj,Raggamuffin SoundTape,38,2022-06-20T06:37:45Z
"Jedi Mind Tricks, R.A. The Rugged Man",Uncommon Valor: A Vietnam Story,1f58xau99Rdn0hhcJTwRhz,"Servants In Heaven, Kings In Hell",43,2022-06-17T04:34:31Z
Ram Sampath,"Bhaag D.K. Bose, Aandhi Aayi",1sxh0eqIb8ulYypPuq6ZRu,Delhi Belly (Original Motion Picture Soundtrack),54,2022-06-07T08:50:48Z
"Ritviz, Nucleya",Sathi,3QCL4FJOSqLrFDJmcdNSbA,Baaraat,39,2022-06-07T08:35:04Z
"SVDP, Navz-47, Santhosh Narayanan",Neeye Oli,5qX9iF6UmV0cypQgeu4ujh,Made in Jaffna,0,2022-06-07T08:31:57Z
"Sivam, Sam C.S.",Karuppu Vellai,3ofnkr6j3FLAHc2eTh9YnQ,Vikram Vedha (Original Motion Picture Soundtrack),53,2022-06-07T08:21:27Z
Seedhe Maut,Namastute,4xj9pCtTgyGHpeALUzgxll,न,53,2022-06-07T08:16:38Z
Aesop Rock,Rings,1M1wqGG7FYPlHVFWOZloJR,The Impossible Kid,41,2022-05-24T08:10:58Z
Aesop Rock,Mystery Fish,5r13QvPVwh6OfOvUf71shX,The Impossible Kid,40,2022-05-24T08:05:32Z
"Jedi Mind Tricks, Demoz",When Crows Descend Upon You,2bV78Xzbc0SAHPkl9zcZ1C,Violence Begets Violence,30,2022-05-24T07:56:07Z
"Kendrick Lamar, Tanna Leone",Mr. Morale,7zvfDihYiJ8RQ1nRcpKBF5,Mr. Morale & The Big Steppers,0,2022-05-20T06:38:37Z
Kendrick Lamar,Crown,2IwbW2jd0Ncv99Aroe77Ru,Mr. Morale & The Big Steppers,0,2022-05-20T06:13:22Z
"Kendrick Lamar, Summer Walker, Ghostface Killah",Purple Hearts,401160izncPtca3CmX3dvM,Mr. Morale & The Big Steppers,0,2022-05-20T06:02:25Z
"Kendrick Lamar, Blxst, Amanda Reifer",Die Hard,6gI9b2VsoWhjhIuIeToDVs,Mr. Morale & The Big Steppers,9,2022-05-20T05:42:04Z
Kendrick Lamar,N95,2FeBslNBMdR9V58uv6hd2t,Mr. Morale & The Big Steppers,29,2022-05-20T05:37:01Z
Kendrick Lamar,United In Grief,05zd5Nv0e02ZqrlC8A2cwx,Mr. Morale & The Big Steppers,0,2022-05-17T16:13:57Z
CZARFACE,Burrito,4vXjNr4j4lOmTr4LFQrDGX,The Odd Czar Against Us,33,2022-05-16T08:30:40Z
"Run The Jewels, El-P, Killer Mike, Josh Homme, Mavis Staples",pulling the pin (feat. Mavis Staples & Josh Homme),1uE4PBDSPZ0cT4do1bmT7A,RTJ4,0,2022-05-16T08:28:52Z
"Statik Selektah, Run The Jewels",Put Jewels on It,01zffoSenvp9JnSbl0UgMa,8,37,2022-05-16T08:07:54Z
"Jedi Mind Tricks, Army Of The Pharaohs, Apathy, King Syze, Crypt The Warchild, Des Devious, The Esoteric, Chief Kamachi, Planetary, Celph Titled",Battle Cry,3iZc0giQC5ySLgbJ6gQFEl,The Torture Papers,45,2022-05-14T16:46:03Z
"Run The Jewels, El-P, Killer Mike, Greg Nice, DJ Premier",ooh la la (feat. Greg Nice & DJ Premier),5taqLrLouA4vCjM7ZQpEtW,RTJ4,2,2022-05-11T09:03:36Z
"Dabbla, Graziella",Psychoville,1ckDHR4k1mbv3uJC2C5Se6,Year of the Monkey,40,2022-04-26T15:16:06Z
Barns Courtney,Kicks,274tSPavv09i163nBnYrCU,The Attractions Of Youth,55,2022-04-26T15:04:35Z
Five Finger Death Punch,Inside Out (Radio Edit),63rAI9RSoPiGXWG9Tu47I2,F8,37,2022-04-26T08:34:08Z
NERO,Satisfy,4FoHmnlQPesxK7ZT1QCnd6,Between II Worlds,38,2022-04-26T08:34:05Z
Arrested Youth,What You're Made Of,55OVm2ZfT6oj0WdN64tSws,Sobville (Episode I),0,2022-04-26T08:13:08Z
Spark Master Tape,Nukklear DRiiP,7mVjs3d6qhd7aoBVKx8iXF,Nukklear DRiiP,31,2022-04-26T07:42:09Z
"Ghetts, Giggs",Crud (feat. Giggs),4ztSuhQnS4j1vFjYRg4Wsc,Conflict Of Interest,30,2022-04-24T10:56:52Z
"Dead Prez, Onyx",Last Days Reloaded,5byUj7I3UEZFyZcEQY9osu,Turn Off the Radio Vol.2 (Get Free Or Die Tryin),30,2022-04-24T10:51:32Z
Arrested Youth,The Kid I Used to Know,4poqovyJtmlKMDnSz6QwsE,Sobville (Episode I),0,2022-04-22T18:03:44Z
Entail of Crow,Ayahuasca,0BJYjPDuQ2MCAVkBzPd5TG,Commas,25,2022-04-22T17:52:28Z
Palaye Royale,No Love In LA,79rJtBxUfZzPuEYLoGma28,No Love In LA / Punching Bag,0,2022-04-22T17:48:42Z
"Mungo's Hi Fi, Charlie P",Rules of the Dance - Kahn Remix,0CxIgiWIp8S87LfhKW7Txs,Rules of the Dance,37,2022-04-22T07:26:31Z
"Ocean Wisdom, Dizzee Rascal",BLESSED (feat. Dizzee Rascal),2I3dm93h281r14t5INFyhJ,Big Talk Vol. 1,27,2022-04-22T06:44:00Z
"Drake, Giggs",No Long Talk,6CfrYuD3YRDYdYvH9jNtXY,More Life,52,2022-04-22T03:16:49Z
"Run The Jewels, El-P, Killer Mike",A Report to the Shareholders / Kill Your Masters,7cXFQxnCKlTWdn1vow1v55,Run The Jewels 3,37,2022-04-22T03:03:24Z
"P Money, Giggs",Where & When,3jQ9K2eHp9A1DVddwvxnY1,Money Over Everyone 3,33,2022-04-22T03:00:30Z
"Besomorph, N3WPORT, Lunis",Zombie,0Yeb77x5pVv1je5n1alDF3,Zombie,32,2022-04-22T03:00:25Z
Spark Master Tape,Woodchukk,2VdheQpsYytFVFI8KUiNcm,Woodchukk,45,2022-04-19T14:43:28Z
"grandson, Mob Rich",Happy Pill,3yxtsBzVlDBzRoBhHS3TpK,Happy Pill,40,2022-04-19T14:43:18Z
Mourners,Die Like This,42BkCuo8iiBiROubJSDoWQ,Die Like This,0,2022-04-05T04:25:03Z
IRONTOM,Big Shot,4DvkaLrdOBW173C8O3AIjJ,Cult Following,33,2022-03-31T16:55:12Z
"MISSIO, Death Stranding: Timefall",Sing To Me,44oCGRuPFy7Uz6w4KliMBS,Sing To Me,52,2022-03-31T05:04:59Z
Saint Slumber,peachy,0isrhXBLy3hrbG6ZrNOBmK,peachy,0,2022-03-30T16:10:48Z
"8 Graves, Saint Slumber",Guillotine,2O8gXP0A3YfchRpeRtVQMd,Guillotine,0,2022-03-30T16:06:27Z
Adam Jensen,I'm a Sucker for a Liar in a Red Dress,6pWpNuADXCTb42oQeDNoq2,I'm a Sucker for a Liar in a Red Dress,0,2022-03-30T16:02:52Z
Adam Jensen,Trouble,3tMihAt7zVvd4ZQNQl9wmF,Trouble,0,2022-03-30T15:54:44Z
Foreign Air,Monsters,1YsPiKqxgsQjp1KR4Anhlp,Good Morning Stranger,0,2022-03-30T15:45:53Z
Dead Poet Society,.intoodeep.,5QhNhUBkNtz9f6NQLrv5A8,-!-,0,2022-03-30T15:42:14Z
Bohnes,Raging on a Sunday,5rvyUmsWA1LQGHI11FaVai,206: Act II,0,2022-03-30T15:36:28Z
MISSIO,Losing My Mind,2TlVOKBGVOcIGLp6l43aEF,Can You Feel The Sun,0,2022-03-30T15:33:27Z
"Stormzy, Headie One",Audacity (feat. Headie One),6Oq4fiDzKaFMU89dTvM24u,Heavy Is The Head,53,2022-03-30T11:40:57Z
Stormzy,Crown,4CEGyF5A5u5BjweVvkgCsn,Heavy Is The Head,54,2022-03-30T11:40:07Z
"Stormzy, Burna Boy, Ed Sheeran",Own It (feat. Ed Sheeran & Burna Boy),4QPEwDdOMhY7rNS05mTyMR,Heavy Is The Head,65,2022-03-30T11:34:53Z
"Stormzy, Tiana Major9",Rainfall (feat. Tiana Major9),0AtMTwBF9dmAd2kjgKXpSu,Heavy Is The Head,48,2022-03-30T11:30:05Z
"Dave, Stormzy",Clash (feat. Stormzy),2oUwMN5VfdGX10XeQJLBBi,Clash (feat. Stormzy),56,2022-03-30T11:24:37Z
"Meridian Dan, Jme, President T",Teachers Pets,5HAluJDwIe8r1Zt6ud1tFe,Teachers Pets,24,2022-03-30T11:23:46Z
"Loick Essien, Mr Eazi, Wretch 32, Aida Lae",Whatever You Like (feat. Aida Lae),7xJLMJPvaHH4daMFmySAtd,Whatever You Like (feat. Aida Lae),22,2022-03-30T11:11:25Z
"Bugzy Malone, Aitch",Kilos (feat. Aitch),2LA9gKY5t2kx4BY5GSy3Us,Kilos (feat. Aitch),43,2022-03-30T11:10:01Z
"K Rider, King Gordy",Karen Zerby Must Die,7HWTWGR4LpdJ2OBpgoxeq1,All Dis and More,2,2022-03-14T17:07:05Z
Winston,In Spades,6PWj0oi4RcP7LpUsXoZaPa,House of Cards,0,2022-03-14T16:57:22Z
Winston,Luck Of The Draw,58M4aFbUvoOHUGIpp5I4TJ,House of Cards,0,2022-03-14T16:55:34Z
Bugzy Malone,December,2n3NxSENFUdVRer1OcKeeZ,December,34,2022-03-09T17:48:52Z
"Lowkey, Mai Khalil",Letter to the 1%,2HsX0VsBlaI9wWiFlXHQyR,Soundtrack to the Struggle 2,23,2022-03-09T17:39:12Z
"Lowkey, Mai Khalil",Heroes of Human History,1lhaXiandIPwEpDkTqD07F,Soundtrack to the Struggle 2,19,2022-03-09T17:36:51Z
Lowkey,Everything I Am,1SDoo77CQ5pwZqx7JfLgGI,Soundtrack to the Struggle...,15,2022-03-09T17:28:39Z
"We Came As Romans, Caleb Shomo",Black Hole,4Y7eqYTpV7fQxpYj1isN2F,Black Hole,50,2022-02-10T17:52:47Z
Winston,Cut The Cards,6tVv4jGFwhb8dxLJ1wneu8,House of Cards,0,2022-02-10T17:33:20Z
"Lupe Fiasco, Sarah Green",Letting Go (feat. Sarah Green),2MBfBy3G16F7vNS6Bu8mD7,Lasers,32,2022-02-09T17:45:55Z
"Lupe Fiasco, Chill's Spotlight",Hustlaz,5mV02eybPC77hODuGYd054,Hustlaz,24,2022-02-09T17:45:10Z
"Lupe Fiasco, Guy Sebastian",Battle Scars (with Guy Sebastian),1hWYT0w2R0J19rlVkiez7X,"Food & Liquor II: The Great American Rap Album, Pt. 1",61,2022-02-09T17:39:19Z
Winston,Suits,0ae7fwNEqyD7U22pWyjmiS,House of Cards,0,2022-02-09T17:33:29Z
Winston,Ace In The Hole,20fKDWmGmw3ReUcIuQciW9,House of Cards,0,2022-02-09T17:30:34Z
Marcus Fjellström,LM-118,2f9lcEJE5tnRrrkh95EA5l,Library Music 1,19,2022-02-03T17:24:06Z
"Run The Jewels, Big Boi",Banana Clipper (feat. Big Boi),0JtzeuPta4oYFeY05StOxN,Run the Jewels,0,2022-01-28T11:07:17Z
Genesis Owusu,Centrefold,15LYOP9lLILpHQVrTPkCtR,Missing Molars (Swnt Deluxe),0,2022-01-19T18:06:15Z
Lowkey,Terrorist?,33WiZTa5pUI8EjojkaByNN,Soundtrack to the Struggle...,32,2022-01-13T09:18:10Z
"Vinnie Paz, Eamon",The Ghost I Used to Be,1QDzlqxjANVqrPdXjKBfhi,The Cornerstone of the Corner Store,46,2022-01-13T09:16:30Z
"P Money, Whiney",Buss The Red,67X5z4XFBbRxjbfbIGP3Ii,Buss The Red,9,2022-01-13T07:53:41Z
P.O.S,Stand Up (Let's Get Murdered),52ynz7ZuYovSYOPQtKfXT8,Audition,10,2022-01-12T19:37:27Z
Jedi Mind Tricks,San La Muerte,7GUHZ2m06gL4t9O7Dkbff1,The Bridge and the Abyss,26,2022-01-12T18:20:53Z
"Run The Jewels, El-P, Killer Mike","No Save Point - From ""Cyberpunk 2077""",4OKmlgkeGXxdnT7jVGmKbX,RTJ4 (Deluxe Edition),0,2022-01-12T18:18:06Z
Tyler Bates,The Punisher Main Title,0rSJtqCSAkhKORRpJlk7pL,The Punisher (Original Soundtrack),43,2022-01-11T12:31:15Z
Brvtherhood,Statues,3tIZtsoX2f3iGPWpFwUXXg,Troubles Of An Empath,3,2021-12-30T15:10:24Z
"Brvtherhood, Manga Saint Hilare",Whole Life,7B4QhVdzeIoeLDBh8FNpLI,Troubles Of An Empath,1,2021-12-30T15:10:17Z
Klashnekoff,Jamrock Takeover,4ipQQbAWXrpNyhApYEuOyI,Focus Mode,30,2021-12-30T15:03:29Z
Klashnekoff,Murda,3AEuZSmOhvmbLo3xsG7sob,The Sagas Of Klashnekoff,36,2021-12-30T15:00:28Z
Akala,Shakespeare,0njIwlLxfNlKIaEuoSeFWi,10 Years of Akala,38,2021-12-30T14:56:53Z
clipping.,Nothing is Safe,52UthFOfrbtnjBMK6jyLqk,There Existed an Addiction to Blood,44,2021-12-30T14:55:18Z
Jedi Mind Tricks,Second Hand Smoke,0Wa5ifCaa7zfsF2UNmnGkK,Second Hand Smoke,14,2021-12-26T17:55:43Z
Immortal Technique,Point of No Return,5KUiLOgwUB2Y8dzTBv8j7R,Revolutionary Vol. 2,0,2021-12-26T17:47:55Z
"P Money, Giggs",Where & When,7atqoWGFaIHMj02zn3XQcW,Where & When,41,2021-12-26T17:37:48Z
"Ocean Wisdom, Dizzee Rascal",Revvin',79705EPc01VyUB2HAOyQhA,Wizville,46,2021-12-26T17:23:18Z
Lowkey,Neoliberalism Kills People,6hMIzXgnnZTxEpnBysguZY,Soundtrack to the Struggle 2,14,2021-12-18T17:54:09Z
Immortal Technique,Creation & Destruction,2IgxI7KokwQ7egFvYqB4U9,"Revolutionary, Vol. 1",0,2021-12-18T17:46:54Z
Bugzy Malone,Cold Nights In The 61,4SCCFXN5c1xvZgD7kBcBcD,The Resurrection,0,2021-12-18T17:46:48Z
Cristobal Tapia De Veer,Utopia Overture,5Yds5mKbrnFDomw9sshRkT,Utopia (Original Television Soundtrack),0,2021-12-13T09:01:27Z
Nicolas Errera,"Le samouraï se remixe (Partie 2) - Bande originale du film ""Le samouraï""",3dC1isrf4POSR8SdfphG9V,Le Samouraï / Les Aventuriers,11,2021-12-12T07:52:48Z
Ørdop Wolkenscheidt,Haze Ascending Over 249 Square Miles of Concrete and Dust,5ggBzRqvUaz2sMdUrzqxKK,Music for an Empty Metropolis,0,2021-12-12T07:49:07Z
DED,A Mannequin Idol (Lullaby),2Ulnoc5bequ3NvDbo9UbDd,School of Thought,30,2021-12-12T07:17:53Z
morgxn,PUMP THE BREAK,2IHKvWv9VvGwCy7sakPVWy,PUMP THE BREAK,0,2021-12-11T17:54:32Z
Ørdop Wolkenscheidt,Acid Rain on Broken Rooftops,6JwqoBUyhDrkrhDcPxohUM,Music for an Empty Metropolis,1,2021-11-30T09:35:01Z
Pop Smoke,Beat The Speaker,73gEzDLKZNPJms5HkSwBmd,Faith,45,2021-11-26T09:20:02Z
Danheim,Runar,1ffeWPrcBEnQF28uPE1BX9,Runar,39,2021-11-22T12:11:19Z
Machine Head,MY HANDS ARE EMPTY,6uFfNpLvsIesv0dNzsQPvT,MY HANDS ARE EMPTY,0,2021-11-19T09:50:56Z
KennyHoopla,plastic door//,5O24LBipnyWNsnWLEtEihs,how will i rest in peace if i'm buried by a highway?//,35,2021-11-17T06:41:45Z
clipping.,Check the Lock,6VWsWgliFma9IFL2NlQ1H7,Visions of Bodies Being Burned,42,2021-11-07T18:24:14Z
"Run The Jewels, El-P, Killer Mike",goonies vs. E.T.,3tDIjnh6wdwMWDHRHF97XC,RTJ4,0,2021-11-07T18:22:15Z
Gemini Syndrome,IDK,0CBN4fRds889DnO0VcRQjb,3rd Degree - The Raising,32,2021-10-31T15:46:06Z
Aesop Rock,The Gates,6DsxsnUBfwDa2MzbnnnI8t,Spirit World Field Guide,0,2021-10-25T17:53:28Z
Aesop Rock,Pizza Alley,283hhwW9HdVRbfQjFF0xq5,Spirit World Field Guide,30,2021-10-25T17:45:24Z
"Lowkey, GRM Daily",Daily Duppy,52vggkYz069PmuAqhq2iXF,Daily Duppy,18,2021-10-24T17:30:14Z
Bonaparte,Das Lied vom Tod,39kPgtrL5YQUuzKSo1p9sc,Was Mir Passiert,4,2021-10-14T20:46:08Z
Algiers,Remains,3jl5f2VhjgHu0YDLXCJD8d,Algiers,24,2021-10-06T19:22:02Z
"Tommy Lee, Killvein",Knock Me Down,4JKQ4VGsKEwmEn2aWAzeho,Andro,18,2021-10-06T17:49:14Z
Shepherds Reign,Le Manu,2gxkhFPfYQKqXc9cApBNHv,Le Manu,0,2021-10-02T11:08:57Z
Aesop Rock,KOWP,33KVoy23FjHla2Ye2tRXMA,Freedom Finger (Music from the Game),21,2021-09-30T15:29:12Z
"Tyrant Xenos, Deadgreenbird, Osamu",Hologram,5Zz4PQc8z3tsrfKtWy0I3R,Hologram,3,2021-09-24T21:02:19Z
"Kayzo, Atreyu",Battle Drums,30XZElqGTzvdg6clMAMcEp,Battle Drums,46,2021-09-24T18:31:14Z
clipping.,Say the Name,3YHhWdTlWjIML155CvcH4F,Visions of Bodies Being Burned,38,2021-09-20T20:09:31Z
"Xiu Xiu, Liars",Rumpus Room,7ygUs8z6NreFTwkaiFHqOk,OH NO,0,2021-09-20T17:24:36Z
Lowkey,The Return of Lowkey,3EnlKCysjACioigNorOBKz,Soundtrack to the Struggle 2,19,2021-09-09T20:41:10Z
Bonaparte,Weinbar,06JABUhPWFv7k803KmNqFY,Was Mir Passiert,8,2021-09-08T15:21:17Z
Bonaparte,Château Lafite,6U4bACQIyP2pQC0subZDUq,Was Mir Passiert,16,2021-09-07T19:33:18Z
"Bonaparte, Acid Pauli",Good Morning,4tLLHvjUGsUctNs8I1LrYU,Good Morning / Not Today,34,2021-09-07T19:30:54Z
Bonaparte,Melody X,5rZRM3Lf4eGsMpCDcOJ87C,The Return of Stravinsky Wellington,44,2021-09-07T19:24:46Z
"Lowkey, Immortal Technique",Voices of the Voiceless,2l4ltNg9BARXbTDYKcJ9jc,Soundtrack to the Struggle...,35,2021-09-07T19:02:11Z
Zero 9:36,WWYDF,52jC5QLj1sazMXPIxl68l0,You Will Not Be Saved,34,2021-09-01T19:34:13Z
"K.Flay, RAC",High Enough - RAC Remix,1cxttvflVlYD4QA34tR5Yj,High Enough (RAC Remix),60,2021-09-01T19:28:40Z
Zero 9:36,Adrenaline,5iaTwwgtEyJ7cy6lLTlGBb,...If You Don’t Save Yourself,50,2021-09-01T19:24:13Z
K.Flay,Giver,5f8z7Cp7CY9T54Cnq1YVlh,Every Where Is Some Where,52,2021-09-01T16:55:04Z
Marilyn Manson,The Beautiful People,2aIB1CdRRG7YLBu9hNw9nR,Antichrist Superstar,72,2021-08-25T00:13:17Z
Marilyn Manson,Irresponsible Hate Anthem,7wyVuNCEr1j8NfG1vwMXZp,Antichrist Superstar,45,2021-08-25T00:12:10Z
Annisokay,Under Your Tattoos,6koYE3878OQT34mPMuGZ4X,Aurora,35,2021-08-23T20:17:12Z
Imminence,Temptation,5rqZPsMmgMWrmJdmWpIn1T,Temptation,30,2021-08-23T20:08:53Z
Enter Shikari,"Hello Tyrannosaurus, Meet Tyrannicide",3XjNYtOfpS5XBj96Jpietd,A Flash Flood of Colour,23,2021-08-23T00:05:06Z
While She Sleeps,PYAI,55oNRSGOdFf96ENGOV86Tq,SLEEPS SOCIETY,0,2021-08-22T22:59:49Z
Architects,Deathwish,0yu9zBW2iUBUodH8Rad5Tz,All Our Gods Have Abandoned Us,41,2021-08-22T22:48:16Z
Betcha,July,2b0G006xcIUoqvRDDaCT8E,Feels Like We’ve Been Here Before,48,2021-08-19T18:31:29Z
Des Rocs,This is Our Life,6ckVL9k9M43EKpeXwASuf6,This is Our Life,0,2021-08-19T18:20:22Z
Weathers,C'est la vie,4RPpx2lgTptIUtR50KXfQ0,C'est la vie,38,2021-08-19T18:07:01Z
Khaled,C'est La Vie,5iqrbO0fhuLMiy9tYGanv6,C'est La Vie,63,2021-08-19T18:06:54Z
Run The Jewels,"Lie, Cheat, Steal",2D35sVzODlq0sbxkeieNTm,Run The Jewels 2,0,2021-08-15T17:46:58Z
"Run The Jewels, El-P, Killer Mike",the ground below,30gsURaHDTPnDJDINiTCsK,RTJ4,0,2021-08-15T17:21:59Z
Run The Jewels,A Report to the Shareholders / Kill Your Masters,0ije0AlpdOcKa8oXohEDcd,Run the Jewels 3,0,2021-08-14T22:10:24Z
"Run The Jewels, El-P, Killer Mike",yankee and the brave (ep. 4),1EjzcBTVLV7ATtdsQwyV31,RTJ4,0,2021-08-14T18:54:59Z
CAN,I Want More,5wPmZFvLp9z1lw0tQlXWtt,Flow Motion (Remastered),34,2021-08-12T20:31:35Z
CAN,Vitamin C,4zdsBics0asw0gj4L5wu5v,Ege Bamyasi (Remastered),49,2021-08-12T20:21:29Z
"Run The Jewels, El-P, Killer Mike, Pharrell Williams, Zack De La Rocha",JU$T (feat. Pharrell Williams & Zack de la Rocha),4PYyoXmSpm7tqd5ktLIKVm,RTJ4,0,2021-08-12T20:17:44Z
"Run The Jewels, El-P, Killer Mike, 2 Chainz",out of sight (feat. 2 Chainz),2uxudaBcJamtfgvUjSDdkZ,RTJ4,1,2021-08-12T20:16:02Z
"Run The Jewels, El-P, Killer Mike, Greg Nice, DJ Premier",ooh la la (feat. Greg Nice & DJ Premier),4duqfee47U0bYpEGkIBp47,ooh la la (feat. Greg Nice & DJ Premier),0,2021-08-12T20:12:02Z
Run The Jewels,Legend Has It,6bGwloiyyHXwFZ4yV1zjqR,Run the Jewels 3,0,2021-08-12T20:10:21Z
"Run The Jewels, El-P, Killer Mike","No Save Point - From ""Cyberpunk 2077""",27SjutLnh1PXRYDjmSDs78,"No Save Point (From ""Cyberpunk 2077"")",0,2021-08-12T20:02:06Z
"Run The Jewels, Zack De La Rocha",Close Your Eyes (And Count To Fuck),2Kn3xgaDCM4aHuHK7FApgC,Run The Jewels 2,0,2021-08-12T19:58:13Z
Xiu Xiu,Killing Distance,0li6V60L9MtOBaJP4MggjG,Killing Distance,0,2021-08-12T19:56:28Z
Refused,New Noise,2yuSLHwPoOoB1zDuXnQnqZ,The New Noise Theology EP,46,2021-08-12T19:51:07Z
Aviana,Oblivion,71rc2jJ0lBA7gIlkBGQe9E,Oblivion,29,2021-08-11T13:45:43Z
Tetrarch,I'm Not Right,3mtwzP9E05Ad8sJCvrnRvK,Unstable,42,2021-08-11T12:04:41Z
Bishop Briggs,River,3mRLHiSHYtC8Hk7bzZdUs1,Church Of Scars,73,2021-08-10T17:35:18Z
Palaye Royale,Nervous Breakdown,4nEEHU4SemzGQnvN7ItLxT,The Bastards,0,2021-08-10T11:59:21Z
VRSTY,Massive,0BMPdd6zvJsA3iILOiPJ7z,Massive,0,2021-08-06T22:07:36Z
"Hollow Front, Ryan Kirby",Falling Apart,1UhRcahxhxAF1VboB1Rhsm,Falling Apart,0,2021-08-06T21:49:14Z
Five Finger Death Punch,Living The Dream,2gsxeJnGbJQkBddBDr0UTV,F8,52,2021-08-04T19:47:55Z
The Score,Head Up,0Di4xlEas5KZ4pF52Vb2tG,Head Up,44,2021-08-04T08:39:04Z
TheCityIsOurs,Dangerous,5peZZAsn0Bt7lIDY5bCXNi,Dangerous,10,2021-08-03T20:37:52Z
Tetrarch,Addicted,7w78Uz63ljHaLc5imuVgC3,Unstable,27,2021-08-03T20:26:24Z
From Fall to Spring,BR4INFCK,0tKXC7JRFHczZjXnLJNbNa,BR4INFCK,0,2021-08-03T20:11:47Z
STARSET,INFECTED,0KqSyyMHi1HADSaVz8suvI,INFECTED,36,2021-08-03T19:54:38Z
Currents,Monsters,0FnNvh5Azabpbfb7xSmZpj,The Way It Ends,55,2021-08-03T19:44:38Z
Employed To Serve,Mark Of The Grave,53GhI8xreQ3oPRC2Ly5X35,Mark Of The Grave,0,2021-07-29T23:30:22Z
Tremonti,If Not for You,09hmXZHTfOhrjUg1DWWXds,If Not for You,18,2021-07-29T23:26:33Z
Bullet For My Valentine,Parasite - Edit,6Ouw97tSqzmAAamcSXpaVs,Parasite (Edit),0,2021-07-29T23:23:26Z
grandson,WWIII,1Os2VQpm9aPGEY7yJXlMIP,Death Of An Optimist,45,2021-07-29T20:41:52Z
Times Of Grace,The Burden of Belief,4lyWDEzPsyJtmQmLRkCUC1,The Burden of Belief,14,2021-07-27T20:57:03Z
"While She Sleeps, Oli Sykes",Silence Speaks,2hpiAF6SdteB0RbSTSMaXq,You Are We,48,2021-07-27T20:15:38Z
Geoffplaysguitar,Vampire Killer (from Castlevania),20vvX4Iy4ITRBKd0dZCNf2,Vampire Killer (from Castlevania),31,2021-07-26T23:30:12Z
Slaughter to Prevail,Zavali Ebalo,3LSI4SlSebclKjWiohRc8U,Zavali Ebalo,0,2021-07-26T23:28:03Z
Times Of Grace,Medusa,4Fvavi20j9nblUdzNXGlDv,Medusa,13,2021-07-25T20:23:33Z
Annisokay,The Tragedy,3pJQTOjzEPEkNGqrdThxpj,Aurora,37,2021-07-25T20:14:13Z
"Serhat Durmus, Melanie Fontana",Arres,5qYuO20KldSxvWQrJCbyM7,Arres,40,2021-07-21T19:42:53Z
We Butter The Bread With Butter,20 km/h,2lDcHcVNqb6pDng23eS2MD,20 km/h,31,2021-07-21T19:36:24Z
At The Gates,The Nightmare of Being,3PcRXrw8WCmqf4fqkgltSe,The Nightmare Of Being,18,2021-07-21T19:32:03Z
"grandson, Jessie Reyez",Rain (from The Suicide Squad),6gi7qsHSH2JWZsTRHndxqm,Rain (from The Suicide Squad),55,2021-07-20T22:53:55Z
"Sadfriendd, PRXJEK",BEZERK!,2hpkIcI2Wub4kvZGJD82kL,BEZERK!,12,2021-07-20T22:53:48Z
Badflower,Family,0QVqdSLCPskZiJpcYQTgvi,Family,34,2021-07-20T22:44:54Z
Fukkit,Touch,1mUYgtbuvjf1eQz76XxoCG,Next,0,2021-07-20T22:25:20Z
"Kay P, gizmo",Hellbiter,6Cwz4GJnpCX59Hshpd7eRh,Hellbiter,8,2021-07-20T22:18:53Z
"Kamiyada+, Zac Carper",Fucking With My Head (feat. Zac Carper),6yS6f6LRWj7zUvSaa6icGS,The Metal In Me,14,2021-07-20T22:02:29Z
"Royal Blood, Vinyl on HBO",Where Are You Now?,6FYqeL3oEPuUf1d0KVhDRs,VINYL: Music From The HBO® Original Series - Vol. 1.8,28,2021-07-19T22:18:06Z
Unlike Pluto,Mindless Bliss,1z4p3PBQo8ARGgQIOn0Esk,Messy Mind,26,2021-07-13T20:52:29Z
Arctic Monkeys,Snap Out Of It,7DVNEcKN7bE50N6xQ74mh2,AM,0,2021-07-13T20:07:31Z
Black Veil Brides,Fields of Bone,4laL1b43eMOm6Jkx4LzBl1,Fields of Bone,0,2021-07-12T22:33:36Z
Zero 9:36,Adrenaline,3QSVzVODWkWzGeDOGHZW0F,Adrenaline,0,2021-07-12T21:34:25Z
Vulvodynia,Banquet of Enigmatic Horrors Pt1: Terror,4vjralLcZQXtoCFTQajZQu,Banquet of Enigmatic Horrors Pt 1: Terror,12,2021-07-12T21:06:15Z
"Make Them Suffer, Courtney LaPlante",Contraband (feat. Courtney LaPlante),1BZ9bUYt4fsF2bLVPZp2aU,Contraband (feat. Courtney LaPlante),0,2021-07-11T20:14:06Z
Light The Torch,Become the Martyr,2vIQ0kApRSoBfJdWWqEIVz,You Will Be the Death of Me,39,2021-06-28T22:22:02Z
Michael Schenker Group,Sail the Darkness,53C5SGgXAuhorx0fpv8gtB,Sail the Darkness,0,2021-06-28T11:15:48Z
Blind Channel,Dark Side,6A8B1kJ9ZNHbl2uFPN6Wtm,Dark Side,0,2021-06-27T19:29:30Z
Brother Firetribe,Thunder Rising,3Vgtq7jtW4sFKwPgtsD4Lg,Thunder Rising,23,2021-06-27T19:00:10Z
"Ghostemane, Shakewell, Pouya, Erick the Architect",Death by Dishonor,5VphpldmtVyZH6S8RpHWLT,Death by Dishonor,8,2021-06-25T09:18:41Z
grandson,Put Me Under,0WaWNS2ePQ79aARfDi6cQ2,a modern tragedy vol. 3,36,2021-06-24T21:40:33Z
"Taz, Omenxiii",Through the Shadows (feat. Omenxiii),5Butxem7WLDtVxsNWV6gdW,All That Remains,0,2021-06-23T00:53:46Z
BVDLVD,Adderall,0fUsszs4Mbvnoiqcw9RQJV,Adderall,0,2021-06-23T00:20:33Z
BVDLVD,Full Metal,3oMueNQTlVgOdIfFP9ENz9,Full Metal,0,2021-06-23T00:04:27Z
Lord Gasp,Kneecap,6BtPmeeClCUX0O9dFRPIEP,Kneecap,0,2021-06-22T23:59:23Z
Lamb of God,Hyperthermic / Accelerate,5jeMzMyTuC8fLmKHZ3ybFD,Lamb of God (Deluxe Version),20,2021-06-22T19:26:37Z
Siamese,Rather Be Lonely,2uW6YUxo8pmJUSfDrSWq9K,Rather Be Lonely,0,2021-06-22T19:16:30Z
grandson,We Did It!!!,0RPEegpP1AVUz9YcV5YTjT,Death Of An Optimist,0,2021-06-21T13:58:38Z
grandson,The Ballad of G and X // Interlude,3oFsFnNkVP9SU8K8KKVUTm,Death Of An Optimist,33,2021-06-21T13:55:47Z
Fight The Fade,Matter Of Time,1q9Mf29WFKeLbgOimPm1hl,Matter Of Time,0,2021-06-20T12:03:29Z
"One Morning Left, DJ Massimo, OG Ulla-Maija",Downfall,48ONVeRh5Kaqvi77oiGC1x,Hyperactive,26,2021-06-20T11:37:15Z
Dead by April,Collapsing,3ZiG3VBaqoQ5doSLLe5woP,Collapsing,34,2021-06-20T11:13:40Z
Till Lindemann,Ich hasse Kinder,0gzVVWrYrWkJJyZKE4K3pK,Ich hasse Kinder,55,2021-06-19T20:15:07Z
Bullet For My Valentine,Knives,7zgIdPmFuTRPj7MsAKV0lH,Knives,0,2021-06-19T20:00:09Z
grandson,Die Young,0C7RjrX0Jtg7qRaqkO8Xpp,a modern tragedy vol. 3,39,2021-06-17T22:33:08Z
grandson,Fallin (Temptation),1pyljdnXoCMK6KBchy8WCk,a modern tragedy vol. 2,37,2021-06-17T22:29:45Z
"KennyHoopla, grandson",lost cause// (with grandson),1zXoU7XohkF9xLMu5LHZ2G,lost cause// (with grandson),38,2021-06-15T23:10:09Z
grandson,Rock Bottom,0Fc7ESmkM02PDH5NnPaS5S,Rock Bottom,43,2021-06-15T23:05:20Z
Like Moths To Flames,Habitual Decline,43EgxfBHcJr15V5tHOdRSQ,Habitual Decline,0,2021-06-14T21:01:14Z
Powerwolf,Demons Are a Girl's Best Friend,1KCDsPKFISNM2YZFFAoI7s,The Sacrament of Sin,57,2021-06-14T19:26:05Z
Bury Tomorrow,Black Flame - Single Edit,6REc2Tq4G2RW5zKXtusTLF,Black Flame,40,2021-06-12T22:18:49Z
"Jasta, Jesse Leach",Strength to Draw the Line,5Tuyx5F52gMpUr5CdH8Awg,Strength to Draw the Line,21,2021-06-12T22:11:59Z
Rob Zombie,Dragula,6Nm8h73ycDG2saCnZV8poF,Hellbilly Deluxe,76,2021-06-12T22:07:10Z
Sabaton,Great War,4fmr8c3rh0dUKjw14UGfaH,The Great War,55,2021-06-12T22:01:07Z
Currents,A Flag to Wave,0o1F2rRs6K0WFHP047fnDX,A Flag to Wave,0,2021-06-12T22:00:27Z
Haken,Prosthetic,2tbGvqKO4Xep8mxb29ABOy,Prosthetic,20,2021-06-12T21:51:46Z
Machine Head,Bulletproof,3niNvr5rU58SPKdtGeMSJD,Civil Unrest,22,2021-06-12T21:43:30Z
Fire From The Gods,Right Now,1mQaehT2IA8PAb6drI1RNB,Right Now,0,2021-06-12T21:37:11Z
Tenside,Cannibals,4rZD2WjwvUOT8MHRlUtHi9,Cannibals,13,2021-06-12T21:34:15Z
Tetrarch,Pull the Trigger,30VISiu7ggI3bpOdNoIgyn,Freak,23,2021-06-11T17:07:36Z
Tetrarch,Freak,2Zfqx6H3lmuuYZ7pHIdTBE,Freak,33,2021-06-11T17:00:49Z
At The Gates,Blinded By Fear,2pj2VXKSBRTmV8nuiaCKd2,Slaughter Of The Soul,43,2021-06-10T14:10:31Z
Dying Fetus,Subjected to a Beating,7dU9Z24yR9AKuS9cAe2Tj7,Reign Supreme,44,2021-06-10T13:56:36Z
Panopticon,And again into the light,7lHviCsOmOCWXOZHfP5QPT,...And Again Into the Light,18,2021-06-10T13:51:20Z
Memphis May Fire,Blood & Water,4aKWfvddjsBwIrb3KKLb4x,Blood & Water,0,2021-06-09T17:01:00Z
Black Veil Brides,Crimson Skies,0kAeOySijs6f5J97cEP5uq,Crimson Skies,0,2021-06-08T21:40:59Z
Powerwolf,Beast of Gévaudan,1i0fcF53lHffHnDxM293On,Beast of Gévaudan,33,2021-06-08T21:17:58Z
Tetrarch,Negative Noise,7bYsgn5BtDVN2MUMYreXY2,Negative Noise,17,2021-06-08T21:11:12Z
"Sullivan King, Jason Aalon Butler",LOUD (feat. Jason Aalon from FEVER 333),2NYlvB3IyqGXmX3jExxsPL,LOUD (feat. Jason Aalon from FEVER 333),0,2021-06-07T21:50:06Z
Zeal & Ardor,Run,0xKO76rHVYlmIgpTtfBDLa,Run,16,2021-06-03T23:38:55Z
Amon Amarth,Masters of War,4Avnu5FR70qWD9VxandTWe,Masters of War,39,2021-06-03T23:36:49Z
Ofdrykkja,Herr Mannelig,2pBueCZ7sjIFuA5t4rYbsO,Gryningsvisor,34,2021-06-03T23:30:50Z
Heilung,Norupo,6HptVLMwjkTcwjDi4Tq6if,Norupo,37,2021-06-03T23:29:36Z
grandson,Welcome to Paradise // Outro,6eYUwNS3OVPbAERHng8wx6,Death Of An Optimist,37,2021-06-02T23:45:30Z
"X Ambassadors, K.Flay, grandson",Zen (with K.Flay & grandson),2loEXJRB5ExGcUHYX365R5,Zen (with K.Flay & grandson),49,2021-06-02T23:36:55Z
grandson,Oh No!!!,5iN7u2S31T8Mu5LC5JaCxO,Oh No!!! / Rock Bottom,0,2021-06-02T22:44:05Z
Caliban,Nichts ist für immer,4iBkyCP8OE4DqAoc28GL50,Zeitgeister,18,2021-05-30T14:38:25Z
Rotting Christ,Ze Nigmar,3niz4765xdQsl0DSMf4DIx,Rituals,40,2021-05-28T20:35:18Z
Body Count,Bum-Rush,73bmOCsiM754mJ6fdUUQ1C,Bum-Rush,13,2021-05-26T22:41:21Z
Rammstein,Zeig dich,3d3k8g4GTVx9EFIFlOZOEX,Rammstein,62,2021-05-26T22:34:46Z
"Gullyspit, daniels gone, 7xvn",Gutted,2z8DvFvunEfJjbrnPojg6g,GULLY,7,2021-05-20T23:01:05Z
Gullyspit,Jail Talk,2Da42EQHZsk4fimbNx8Ebq,GULLY,11,2021-05-20T22:42:23Z
Twenty One Pilots,Ride,2Z8WuEywRWYTKe1NybPQEW,Blurryface,81,2021-05-19T19:31:26Z
Born Of Osiris,Angel or Alien,3fGfCGSbdwtl9Fl3LvGrMv,Angel Or Alien,0,2021-05-19T16:59:04Z
The Devil Wears Prada,Nightfall,1DGGXoVHUXRBdb8HzqgZR7,Nightfall,22,2021-05-19T16:52:24Z
"VOLA, SHAHMEN",These Black Claws (feat. SHAHMEN),3hoGy20EbX7GR6PinZFIx3,These Black Claws,0,2021-05-17T22:36:50Z
"Onlap, Discrepancies",My Generation,4Yz0HakUk53fyBt0b8qLky,My Generation,21,2021-05-17T22:34:32Z
Sabaton,Defence of Moscow,27q9ZWmSFwCqq7B2unoHRG,Defence of Moscow,54,2021-05-17T22:08:26Z
While She Sleeps,SYSTEMATIC,7LRotHDhVHU9FE7oWhuFTL,SLEEPS SOCIETY,20,2021-05-17T22:07:00Z
Disturbed,Down with the Sickness,4ImIJRZNJhNQLLdUFSYJoS,The Sickness (10th Anniversary Edition),59,2021-05-17T13:46:29Z
Linkin Park,One Step Closer,3K4HG9evC7dg3N0R9cYqk4,Hybrid Theory (Bonus Edition),82,2021-05-17T13:38:25Z
Devilish Trio,Southern Hostility,0cPgs9c1DZRemHqPQ3esZy,Past Junts,43,2021-05-14T22:17:38Z
Devilish Trio,Labyrinth,0WUkVb4Sz7Zau5ulWuFjAB,Vol. 2,41,2021-05-14T22:13:48Z
Devilish Trio,Sons of the Serpent,6sz3CQZAXixBlTcDg3Lwfk,Collection II,40,2021-05-14T22:07:33Z
DMX,X Gon' Give It To Ya,1zzxoZVylsna2BQB65Ppcb,The Definition Of X: Pick Of The Litter,69,2021-05-12T18:03:51Z
gizmo,Dying Dog,7cfhhgovLeYn0LSTljCUau,Dying Dog,34,2021-05-12T17:24:59Z
The Yogscast,Diggy Diggy Hole,5AKnUqag3WeX8KFo0L5HzJ,Diggy Diggy Hole,48,2021-05-11T18:55:42Z
Björk,Army of Me,3vEmpJQC2p8h0U3OiBufQm,Post,52,2021-05-11T18:43:29Z
Arctic Monkeys,505,58ge6dfP91o9oXMzq3XkIS,Favourite Worst Nightmare (Standard Version),79,2021-05-11T00:29:29Z
Palaye Royale,Tonight Is The Night I Die,6TMEL7vpevM8hwGi8okKqp,The Bastards,0,2021-05-10T23:27:12Z
AWOLNATION,The Best,4TIa51S5pZ7U9UdqHWqvsx,The Best,0,2021-05-10T21:39:39Z
KID BRUNSWICK,Prescription Kid,043IjYujEo3sEDuaBtWzu0,Prescription Kid,28,2021-05-10T21:19:30Z
grandson,Darkside,3JyvSSU0VnlMUsQckyEVfX,a modern tragedy vol. 2,56,2021-05-10T21:07:20Z
Johnny Cash,Ain't No Grave,1xADYlM5rjnbJvAW2tc0qF,American VI: Ain't No Grave,56,2021-05-09T00:35:09Z
The White Stripes,Seven Nation Army,7i6r9KotUPQg3ozKKgEPIN,Elephant,16,2021-05-08T23:50:36Z
Mick Gordon,Bfg Division,4COR2ZPEyUn0lsbAouRWxA,Doom (Original Game Soundtrack),60,2021-05-08T23:37:20Z
The Rolling Stones,"Paint It, Black",63T7DJ1AFDD6Bn8VzG6JE8,Aftermath,81,2021-05-08T23:34:27Z
Slipknot,Nero Forte,56fiFTRrSiHHH3gBeaTg2P,We Are Not Your Kind,67,2021-05-06T00:16:18Z
"Tommy Lee, Killvein",Knock Me Down,1qwZ43K1PM1B9rHjpt3hXK,Knock Me Down,16,2021-05-06T00:01:06Z
Gojira,Another World,5hsq03E3do2gWhyOVV2Api,Another World,35,2021-05-05T23:43:00Z
System Of A Down,Genocidal Humanoidz,3Sg3bOiD0kE4D5DcXk48Ds,Protect The Land / Genocidal Humanoidz,57,2021-05-05T23:35:04Z
The Ghost Inside,Pressure Point,1ZlOfxQ36tb3fYHU8DYbDv,The Ghost Inside,42,2021-05-05T00:39:34Z
Architects,Royal Beggars,50xyeJL2Hs9FDgtI1ROeB0,Holy Hell,49,2021-05-05T00:27:30Z
Bring Me The Horizon,Teardrops,3aniWcwiiYKHpm3F5TdeKD,Teardrops,55,2021-05-04T18:56:18Z
From Ashes to New,Panic,2OPcwNyO1CmKwlqiP0Y4DT,Panic,0,2021-05-04T18:46:19Z
I Prevail,Gasoline,6Q1m1GyNxyOwZ2ud3p7XoS,TRAUMA,66,2021-05-04T18:39:13Z
Volbeat,A Warrior's Call,5mNbJIYaKkphf5WqwhXhva,Beyond Hell / Above Heaven,0,2021-05-04T18:29:54Z
Amaranthe,Viral,1iqgx6BkWYRorWDLwkpMJZ,Viral,0,2021-05-03T16:43:25Z
Rammstein,Du hast,5awDvzxWfd53SSrsRZ8pXO,Sehnsucht,66,2021-05-02T21:58:24Z
Bad Omens,Limits,6yyNJbdf5ysREkntoCqPTz,Finding God Before God Finds Me (Deluxe),0,2021-05-02T21:51:02Z
Fit For A King,Breaking the Mirror,3Ho0uOyCz245GWUqlWrkf5,Breaking the Mirror,35,2021-05-02T18:46:50Z
Rise Of The Northstar,Here Comes The Boom,7foMdEhJevqESQw39FQcuv,Here Comes The Boom,27,2021-05-01T22:43:38Z
Tetrarch,I'm Not Right,6WjD2x0UB9p9dgoZmRsh0o,I'm Not Right,0,2021-04-30T16:56:26Z
Hollow Front,Afflicted,70AJAYFBkXnrd9mA6qz0wU,Loose Threads,0,2021-04-29T16:16:22Z
"Corey Taylor, Tech N9ne, Kid Bookie",CMFT Must Be Stopped (feat. Tech N9ne and Kid Bookie),6fGw5N35sPLcmyN5T3XRv7,Black Eyes Blue / CMFT Must Be Stopped (feat. Tech N9ne and Kid Bookie),38,2021-04-29T15:45:25Z
Of Mice & Men,Obsolete,4d8iN5Re3A6UOYVxZAbJ7v,Obsolete,43,2021-04-29T15:32:49Z
While She Sleeps,SLEEPS SOCIETY,5LteMwtmnx3IOCihvyO4v0,SLEEPS SOCIETY,0,2021-04-29T15:31:28Z
Fit For A King,Annihilation,4ugsTxjvUc7iGuY1fMNWzO,Annihilation,32,2021-04-28T22:41:40Z
Motionless In White,Another Life,0YZEYxd1oiqZRFhnnmTKKi,Disguise,69,2021-04-28T22:22:00Z
Lionheart,Burn,2yHGJi1DW6Tii8ZpACIPuX,Burn,0,2021-04-27T17:58:23Z
Hatebreed,Looking Down The Barrel Of Today,2ZQo43TnA0XBUvPHSUfe2F,The Concrete Confessional,0,2021-04-27T17:50:01Z
Architects,Doomsday,05uxnskdh9Wx4ZOwvhlUTR,Doomsday,0,2021-04-27T17:16:25Z
Crown The Empire,20/20,3GQsfsRqUVGLq19TOd9PBU,20/20,0,2021-04-26T21:25:33Z
Of Mice & Men,How To Survive,19kHwq0HO75zJHevuokhcw,How To Survive,0,2021-04-26T15:00:11Z
Hyro The Hero,Bullet,5gM9zlxeezOWKpR04D9UL8,Flagged Channel,25,2021-04-26T09:53:19Z
Crystal Lake,Apollo,7fFb8tJU5thmLGP1ZKqLxw,Helix,0,2021-04-25T22:16:24Z
Rammstein,Deutschland,1T8IRUJBga0JXioJZvxjBR,Deutschland,54,2021-04-25T21:50:15Z
Bad Omens,The Hell I Overcame,6g7vndAmUE7X1jcLR9HZSy,The Hell I Overcame,0,2021-04-24T19:44:32Z
Sabaton,The Last Stand,2LuK1b4aoLoBiZrL0jnfYv,The Last Stand,0,2021-04-24T19:35:39Z
The Acacia Strain,Chhinnamasta,3z8TRLd6xQNr7c74SR3zp9,A,0,2021-04-24T12:07:03Z
The One Hundred,Monster,1ffMg7nM6gyT9gpPj6nIdp,Chaos & Bliss,0,2021-04-24T11:53:51Z
I Prevail,Bow Down,5qD3Qv8Wu3r5uRD0DahcZy,TRAUMA,63,2021-04-22T23:08:21Z
Five Finger Death Punch,Inside Out,4Htt3QaBWdLggq88rJI5MU,Inside Out,41,2021-04-22T23:03:28Z
A Day To Remember,Resentment,57yI1u6t6cFXbjgjQcRHug,Resentment,48,2021-04-22T23:00:41Z
Skillet,Save Me,4pJM8ZZ3YIO4xOeD5k8s5P,Save Me,0,2021-04-22T22:51:48Z
"Nekromongers, Alice Virt",Neverendingstory,7lPnsqP0wktZ5fB2nCPo5M,Gaming Music 2020,34,2021-04-22T22:38:21Z
SWARM,Throw Me In The Fire,4bOgKJNiWs03DUWWu7OoAq,Throw Me In The Fire,21,2021-04-22T22:34:06Z
"Naeleck, Ferd, n3, Dodge & Fuski",Take A Sip - Dodge & Fuski Remix,5EgnghAlKcFSpDGypc0gMm,Gaming Music 2020,41,2021-04-22T22:31:10Z
"Blanke, REAPER",Death Rattle,0nEeAGQIFWf7xadpqJmywu,Gaming Music 2020,41,2021-04-22T22:29:32Z
Hyper,Spoiler - Original Mix,3BcEpBfEx2mOyCSJWIHSvu,Lies,52,2021-04-22T22:28:19Z
Mick Gordon,Rip & Tear,5soMJpcVhSrGrB4prvPL6P,Doom (Original Game Soundtrack),62,2021-04-22T22:27:18Z
NOISY,Put A Record On,2IEbyYtElSG0IU0WZXFA2N,Put A Record On,0,2021-04-11T21:38:09Z
Attack Attack!,All My Life,1LQDC4iJRmgPAg8Ev95L3I,All My Life,0,2021-04-04T11:06:13Z
System Of A Down,Chop Suey!,5V3mdRI2yQxbSsJGDPc5lD,Toxicity,21,2021-04-01T09:44:40Z
Fall Out Boy,My Songs Know What You Did In The Dark (Light Em Up),2COhljkZObSdthS0NG5s3B,My Songs Know What You Did In The Dark (Light Em Up),0,2021-04-01T09:21:22Z
"DREAMERS, grandson",Heat Seeker,7noHzxuNmeIwYftylZfVRT,Heat Seeker,46,2021-04-01T09:08:52Z
Robert Cristian,Whoopty,6hDkWFmYVXlrBT6krwxPVg,Whoopty,15,2021-03-29T17:22:49Z
Travis Scott,"The Plan - From the Motion Picture ""TENET""",551xyaSJsg8hILXFq9JdST,"The Plan (From the Motion Picture ""TENET"")",54,2021-03-29T06:53:29Z
Twenty One Pilots,Morph,01vv2AjxgP4uUyb8waYO5Y,Trench,61,2021-03-28T10:07:16Z
Twenty One Pilots,Levitate,2uBhGx3m5iJrtsql8Qk00j,Trench,59,2021-03-28T10:05:15Z
Twenty One Pilots,Message Man,4Oyl6oYSNeeZZP0OAxPVaU,Blurryface,60,2021-03-27T19:43:36Z
Twenty One Pilots,Lane Boy,2P61EK6DMGyVyssLWS4fKy,Blurryface,63,2021-03-27T19:35:27Z
Twenty One Pilots,Fairly Local,1s9xuJxhYM0LdVqksjegcg,Blurryface,60,2021-03-27T16:39:16Z
Twenty One Pilots,The Judge,1lguQJjlNrIOoOylYVZN3M,Blurryface,63,2021-03-27T16:35:25Z
Twenty One Pilots,Heavydirtysoul,7i9763l5SSfOnqZ35VOcfy,Blurryface,68,2021-03-27T16:33:37Z
A Day To Remember,Last Chance to Dance (Bad Friend),0o49yIEUZUoCTJ1qRnqFUO,You're Welcome,49,2021-03-27T16:24:00Z
Beartooth,Devastation,7JlMigJUTnVlmXODusrtdF,Devastation,34,2021-03-26T09:36:38Z
Gojira,Amazonia,3rpEeosiPnfg9ZrY7CQo0h,Amazonia,35,2021-03-26T09:32:08Z
Lera Lynn,Lately - From The HBO Series True Detective,6XDV5hAxl3WAu1MfGvFwUe,True Detective (Music From The HBO Series),36,2021-03-25T16:29:35Z
The Hat,Wolves,7MFJSds7fjPepOPPFsMkqK,Less of a Lover,3,2021-03-23T04:22:09Z
Kae Tempest,Perfect Coffee,4JY4ziWfBka6mHjTsJCLTn,Let Them Eat Chaos,23,2021-03-23T04:17:01Z
Vandaveer,Spite,3bidCIZWpP17uKbpnsuEAs,Dig Down Deep,0,2021-03-23T04:14:11Z
The Hat,Open Hearts,5XwoJy4gX0y3vvmhkTjuP2,Open Hearts,2,2021-03-23T04:04:38Z
"The Hat, Father John Misty, S.I. Istwa",The Angry River (feat. Father John Misty and S.I. Istwa) [Theme From the HBO Series True Detective],3tEL74JlN4OT9YPoNx5eRI,The Angry River (feat. Father John Misty and S.I. Istwa) [Theme From the HBO Series True Detective],44,2021-03-23T04:03:44Z
Fall Out Boy,Centuries,04aAxqtGp5pv12UXAg4pkq,American Beauty/American Psycho,78,2021-03-23T03:55:02Z
"Nathan Evans, 220 KID",Wellerman - Sea Shanty / 220 KID x Billen Ted Remix,3iw6V4LH7yPj1ESORX9RIN,Wellerman (Sea Shanty / 220 KID x Billen Ted Remix),64,2021-03-21T11:25:47Z
Masked Wolf,Astronaut In The Ocean,3VT8hOC5vuDXBsHrR53WFh,Astronaut In The Ocean,1,2021-03-21T11:21:37Z
Jack Harlow,WHATS POPPIN,3Q6F8RByyhRTJpRtZLY3cg,WHATS POPPIN,0,2021-03-20T19:41:52Z
CJ,Whoopty,1RSzyxqtIO4yX3EyiV4zT5,Whoopty,0,2021-03-20T19:40:39Z
Russ,Paid Off,7Ai70wSpUnJ7n0w6oqENws,Paid Off,35,2021-03-20T12:50:45Z
"Shawn Mendes, Camila Cabello",Señorita,6v3KW9xbzN5yKLt9YKDYA2,Shawn Mendes (Deluxe),78,2021-03-17T17:54:34Z
KXLLSWXTCH,Skull Crack,7dJaRie7LJfpSZFHaQgi4Z,Skull Crack,23,2021-03-16T17:03:21Z
Teenage Disaster,Bed Bug,2WfTq3UDVYd4UxijnfsUdm,Bed Bug,39,2021-03-16T16:59:57Z
Iceberg Black,John Titor,5LLWT2163iJrQruzeIUpQ2,Phases,10,2021-03-16T16:55:02Z
"Kent Loon, Chester Watson",Rome,5RBp3GOQIeCu8mrhLr8PxA,Rome,8,2021-03-16T16:52:22Z
OmenXIII,Drop Dead,6SvoXjxa0JMiiGtpOuOMw9,Misfit,0,2021-03-14T18:36:22Z
"gizmo, Saphir",Catastrophic,51NeM9IrhWtr6ZnfFpijWA,Catastrophic,36,2021-03-14T18:34:08Z
"Perdenin Ardındakiler, Mark Eliyahu",Uzaklara Savrulalım,7LGuxwQ3PzCxtinavcMlew,Uzaklara Savrulalım,47,2021-03-13T18:53:19Z
Nathan Evans,Wellerman - Sea Shanty,54OBgO0Xwu20Jak9TMXbR7,Wellerman (Sea Shanty),69,2021-03-13T18:47:54Z
Gaudiano,POLVERE DA SPARO,5fjEj7RX48WjsXj2nSbxeU,POLVERE DA SPARO,25,2021-03-13T18:46:09Z
"Vivir Quintana, Mon Laferte",Canción Sin Miedo,5w3AsUEGoaCuBhDp14umuy,Canción Sin Miedo,48,2021-03-13T18:45:16Z
"The Virus and Antidote, ZOTiYAC",LayYourAssDown,1Nt2wdkuX5oia65Z7DnmJn,651 - 555 - XXXX,18,2021-03-12T19:28:22Z
"bbno$, Swerzie, Downtime",doubles,79BTZzQWsFBGuz6otfJDU4,recess,35,2021-03-12T19:26:36Z
"G-Eazy, Big Sean",One Of Them (feat. Big Sean),4wckW1OjAM2z6elKQdqUpi,When It's Dark Out,41,2021-03-12T16:38:20Z
"VVAVES, Iggy Azalea",Boys Like You (feat. Iggy Azalea),73D9aoXt4vnm0QIkBDFzyP,Boys Like You (feat. Iggy Azalea),23,2021-03-12T16:21:56Z
"Daft Punk, Julian Casablancas",Instant Crush (feat. Julian Casablancas),2cGxRwrMyEAp8dEbuZaVv6,Random Access Memories,75,2021-03-12T13:15:00Z
"Ole Boy Davey, $teven Cannon",Ambitions (feat. Steven Cannon),4jq86JO1qbWRLLVlxz1hUy,Ambitions (feat. Steven Cannon),44,2021-03-11T17:30:31Z
"Ayda, Jay Aliyev",Son Durak (Remix),4l3peZfOD1G0imkHn0noFx,Son Durak (Remix),29,2021-03-11T17:28:00Z
Within Temptation,The Purge,6pR3NxgHtficTizsYVRRmX,The Purge,0,2021-03-11T16:51:23Z
"Tom Morello, Knife Party",Battle Sirens (feat. Knife Party),6PeXzqP7E9g3H0aMbBhB9L,The Atlas Underground,0,2021-03-11T16:47:37Z
Furkan Soysal,Shake,3bLydq4Eq1y7sKn2rW8VGb,Magic Violin,0,2021-03-10T16:23:45Z
"Alan Walker, K-391, Emelie Hollow",Lily,0lks2Kt9veMOFEAPN0fsqN,Different World,70,2021-03-09T15:11:04Z
"Alan Walker, Sorana",Lost Control,0lG6QM1jjbbX5UUn3DPmrZ,Different World,61,2021-03-09T11:37:22Z
"Tujamo, Sorana",One On One,6dByqTUBBLPJNv70ca1MXa,One On One,33,2021-03-09T11:34:38Z
"G-Eazy, Jack Harlow",Moana,1Tfxi7N3DW4zvAuVjt9g8X,Moana,51,2021-03-08T19:53:35Z
"Shadowkey, Serhat Durmus, Chelsea Paige",Yours Tonight (Remix) [feat. Chelsea Paige],2BGF63ra94LkZAi024w3R9,Yours Tonight (Remix) [feat. Chelsea Paige],18,2021-03-08T19:48:37Z
Serhat Durmus,Who Am I?,5gcyRLxrHsxGwf3RSMQwne,Hola - EP,30,2021-03-08T19:46:04Z
Serhat Durmus,Hola,0SawScuD13ugQMZwI2IKcR,Hola - EP,31,2021-03-08T19:44:49Z
"Bora Yeter, Buğra Atmaca, Sinem Güngör, Serhat Durmus",Denize Doğru - Serhat Durmus Remix,1d0xaCuQNRZOXflYg1zddw,Denize Doğru (Serhat Durmus Remix),0,2021-03-08T17:52:39Z
Furkan Soysal,Babylon,2ix7BjHDsPd2lhhdD8RQTd,Magic Violin,0,2021-03-08T17:50:29Z
Teriyaki Boyz,"Tokyo Drift (Fast & Furious) - From ""The Fast And The Furious: Tokyo Drift"" Soundtrack",0upFohXrGxIIAjyaJmCkMU,Tokyo Drift (Fast & Furious),69,2021-03-08T17:44:33Z
ZHU,Faded,62oUgHSx7RPfgVWv1AYOpY,Faded,0,2021-03-08T17:43:44Z
Arctic Monkeys,Knee Socks,56fZFRtOSMIMyVh0ZIF0AT,AM,0,2021-03-08T17:34:02Z
Wiz Khalifa,Black and Yellow,5A6OHHy73AR5tLxgTc98zz,Rolling Papers,72,2021-03-08T16:58:11Z
"Marshmello, Anne-Marie",FRIENDS,08bNPGLD8AhKpnnERrAc6G,FRIENDS,73,2021-03-08T16:57:17Z
"Lil Eazzyy, G Herbo",Onna Come Up (feat. G Herbo) [Remix],6bCWyr3C3ngZdwizTYWQTG,Onna Come Up (feat. G Herbo) [Remix],46,2021-03-08T16:53:29Z
OmenXIII,But This Is the End,1YMDkf4p153rsj5GVv8fUV,Grim,0,2021-03-05T16:10:20Z
OmenXIII,Shut the Fuck Up,1otcpLWDaprg3BOtE5MadV,Grim,0,2021-03-05T12:31:48Z
Killstation,Extinction,3nF5bxOE63ZU6JiU4IJQB8,Extinction,52,2021-03-05T10:13:38Z
"Lil Gnar, Trippie Redd",Missiles (feat. Trippie Redd),3ZsbSopfR7yCEaj8BCEvLi,Missiles (feat. Trippie Redd),39,2021-03-05T10:11:40Z
"Kamiyada+, Original God, Yung Bitch, The Wild Dutchman",Adult Swim (Feat. Original God & Yung Bitch),6BDu7lsmjaWlzZXRtDThra,Live From Space Vol. 1,25,2021-03-05T10:06:26Z
"ONI INC., Auxxk, Tyrant Xenos",Bad Blood 2,6IjixgfSDCnT1egTfEqH2l,Heat Death,0,2021-03-04T16:00:11Z
Devilish Trio,Decisions of Torment,4YR4mwHmGXsI1xB0o0Bu0j,The Collection,47,2021-03-04T15:54:36Z
"Avicii, Joe Janiak",Bad Reputation (feat. Joe Janiak),0HZgYFimoJG9Ijy8InUWcV,TIM,56,2021-03-04T14:32:30Z
Blvc Svnd,Legit,4Kt9nyqOhDzk9IcvvuGCat,Lil Grain Season,10,2021-03-03T20:19:05Z
"Fukkit, Kamiyada+",Aura,02fvb7ILPgYY7nHVJUq6jE,Aura,13,2021-03-03T20:05:08Z
"Sorry X, Kamiyada+",Pulling Teeth,0xWggLjkf1hLZB5cZP874Q,Pulling Teeth,26,2021-03-03T19:58:25Z
"mgk, Naomi Wild",Glass House (feat. Naomi Wild),0YP8kt3sAYTj6eEyesreQH,Hotel Diablo,63,2021-03-03T11:52:04Z
"Eddy Baker, OmenXIII",Built to Destroy,2HUcGMBRYowGZ5qyTRTubM,Superhot,22,2021-03-03T11:26:05Z
PRXJEK,WANT ME DEAD THEN PUT ME IN THE DIRT,3zpu4ggzT6TXcPKFsNzP3m,WANT ME DEAD THEN PUT ME IN THE DIRT,0,2021-03-03T11:22:35Z
"Kamiyada+, The Virus and Antidote",ProductOfDrugs (Prod. The Virus and Antidote),2Z4luUc9BQHrEwSSJ1eg0q,Static Depression,40,2021-03-03T11:20:29Z
"Kold-Blooded, Omen Xiii",R.E.C.'d,03QCvQtU6XCOhE8gcmMqni,-13°,2,2021-03-03T11:17:53Z
"Original God, Beex, Joule$, Crimewave",Skin Me Alive,3zFvBEMV73rQLclf45nN4k,Skin Me Alive,0,2021-03-03T11:12:44Z
"Lil Darkie, Wendigo, LiL CUBENSiS",HOLOCAUST,0HWjg2QtUEw6W6khLQ2rvc,HOLOCAUST,59,2021-03-03T11:05:58Z
gizmo,Soul Collector,3hR4xgZVxxWGX1E2p4iSTo,Soul Collector,21,2021-03-03T11:04:40Z
CoaastGxd,Don't Forget(to Forget Me),20uKrGWoPCPidGdxWP1YIr,Forget Me,0,2021-03-03T10:59:15Z
Pop Smoke,AP - Music from the film Boogie,17vGPZ5EsdvtgAOCD4FLWI,AP (Music from the film Boogie),56,2021-03-01T17:19:03Z
Dope,Die MF Die,5bU4KX47KqtDKKaLM4QCzh,Life,62,2021-03-01T17:17:33Z
OmenXIII,Emptiness,71YoHmhYg2hltC532lENfg,Product of My Environment,2,2021-02-28T22:52:24Z
OmenXIII,What?,3TqcQMdj33HuBKaYaOp8L1,BAD BOY,2,2021-02-28T22:51:44Z
OmenXIII,Worthless,3wex6Mxa3yKDPO8Dr8f5Rq,Corrupted,0,2021-02-28T22:50:36Z
OmenXIII,LED,2XH2w3lHRhbZ9D5lUjVVRC,Corrupted,0,2021-02-28T22:46:49Z
Ramy Sabry,Oyouno Lama Ablony,63SfVFcA5kGYX1qJKRHhXR,Oyouno Lama Ablony,51,2021-02-28T22:44:33Z
Epica,The Skeleton Key,6IVKiq8Xxhvg03MUtu5smv,Omega,45,2021-02-28T22:43:33Z
